epoch,time,train/s_box_loss,train/s_cls_loss,train/s_dfl_loss,train/t_box_loss,train/t_cls_loss,train/t_dfl_loss,train/cclkd_loss,train/cclkd_lld_loss,train/cclkd_fld_loss,train/cclkd_rld_loss,train/cclkd_ccl_loss,metrics/precision(B),metrics/recall(B),metrics/mAP50(B),metrics/mAP50-95(B),val/s_box_loss,val/s_cls_loss,val/s_dfl_loss,val/t_box_loss,val/t_cls_loss,val/t_dfl_loss,val/cclkd_loss,val/cclkd_lld_loss,val/cclkd_fld_loss,val/cclkd_rld_loss,val/cclkd_ccl_loss,lr/pg0,lr/pg1,lr/pg2,lr/pg3,lr/pg4,lr/pg5,lr/pg6,lr/pg7
1,144.579,2.80604,3.48911,1.57617,2.345,3.19322,1.3652,3.19133,3.13118,0.06011,4e-05,0,0.608281,0.196158,0.166669,0.0656341,nan,nan,nan,nan,nan,nan,nan,nan,nan,nan,nan,0.00995652,0.00331884,0.00995652,0.00331884,0.00995652,0.00331884,0.00995652,0.00331884
2,297.268,2.71502,2.34904,1.35197,2.20909,1.75777,1.15023,3.66717,3.56262,0.10451,4e-05,0,0.557091,0.180777,0.127846,0.0426566,nan,nan,nan,nan,nan,nan,nan,nan,nan,nan,nan,0.0199562,0.00665207,0.0199562,0.00665207,0.0199562,0.00665207,0.0199562,0.00665207
3,448.188,2.83442,2.29668,1.40516,2.33631,1.73954,1.21793,3.59937,3.48445,0.11486,6e-05,0,0.472737,0.129914,0.0725296,0.0221807,nan,nan,nan,nan,nan,nan,nan,nan,nan,nan,nan,0.0299547,0.0099849,0.0299547,0.0099849,0.0299547,0.0099849,0.0299547,0.0099849
4,601.715,2.86616,2.2667,1.42505,2.38084,1.69309,1.25506,3.58118,3.4644,0.11673,5e-05,0,0.585557,0.164818,0.140503,0.0530536,nan,nan,nan,nan,nan,nan,nan,nan,nan,nan,nan,0.0299959,0.00999863,0.0299959,0.00999863,0.0299959,0.00999863,0.0299959,0.00999863
5,751.264,2.77043,2.12896,1.38745,2.27771,1.53997,1.21781,3.14715,3.03008,0.11702,5e-05,0,0.263342,0.24204,0.179154,0.0682288,nan,nan,nan,nan,nan,nan,nan,nan,nan,nan,nan,0.0299927,0.00999756,0.0299927,0.00999756,0.0299927,0.00999756,0.0299927,0.00999756
6,897.718,2.68239,2.032,1.35801,2.20071,1.46317,1.19115,2.88951,2.78432,0.10513,5e-05,0,0.326209,0.207492,0.174278,0.0663218,nan,nan,nan,nan,nan,nan,nan,nan,nan,nan,nan,0.0299886,0.00999618,0.0299886,0.00999618,0.0299886,0.00999618,0.0299886,0.00999618
7,1043.14,2.6355,1.94578,1.33537,2.15485,1.39759,1.1677,2.68301,2.56437,0.11857,6e-05,0,0.361613,0.281152,0.261253,0.0988255,nan,nan,nan,nan,nan,nan,nan,nan,nan,nan,nan,0.0299835,0.0099945,0.0299835,0.0099945,0.0299835,0.0099945,0.0299835,0.0099945
8,1190.02,2.60071,1.91713,1.32087,2.10396,1.3341,1.14743,2.67632,2.56708,0.10917,7e-05,0,0.373128,0.284179,0.25869,0.107874,nan,nan,nan,nan,nan,nan,nan,nan,nan,nan,nan,0.0299776,0.00999252,0.0299776,0.00999252,0.0299776,0.00999252,0.0299776,0.00999252
9,1337.63,2.56938,1.86086,1.29231,2.08878,1.30312,1.13848,2.57527,2.43888,0.13632,7e-05,0,0.487759,0.249329,0.272603,0.115596,nan,nan,nan,nan,nan,nan,nan,nan,nan,nan,nan,0.0299707,0.00999023,0.0299707,0.00999023,0.0299707,0.00999023,0.0299707,0.00999023
10,1485.72,2.53259,1.83061,1.29366,2.0565,1.27693,1.13279,2.43931,2.317,0.12224,7e-05,0,0.377713,0.30524,0.275384,0.11639,nan,nan,nan,nan,nan,nan,nan,nan,nan,nan,nan,0.0299629,0.00998764,0.0299629,0.00998764,0.0299629,0.00998764,0.0299629,0.00998764
11,1634.5,2.51621,1.79471,1.27221,2.02823,1.23736,1.11105,2.26961,2.10799,0.16155,7e-05,0,0.453124,0.307215,0.306076,0.132221,nan,nan,nan,nan,nan,nan,nan,nan,nan,nan,nan,0.0299542,0.00998474,0.0299542,0.00998474,0.0299542,0.00998474,0.0299542,0.00998474
12,1783.74,2.48585,1.76133,1.26933,1.99882,1.20584,1.10371,2.21643,2.07476,0.1416,7e-05,0,0.398692,0.313682,0.292702,0.124114,nan,nan,nan,nan,nan,nan,nan,nan,nan,nan,nan,0.0299446,0.00998154,0.0299446,0.00998154,0.0299446,0.00998154,0.0299446,0.00998154
13,1932.03,2.46891,1.732,1.25895,1.98653,1.18039,1.09538,2.15797,1.98953,0.16837,7e-05,0,0.438016,0.33105,0.318294,0.140316,nan,nan,nan,nan,nan,nan,nan,nan,nan,nan,nan,0.0299341,0.00997803,0.0299341,0.00997803,0.0299341,0.00997803,0.0299341,0.00997803
14,2080.61,2.4432,1.6998,1.24263,1.96261,1.16484,1.08545,2.08604,1.93548,0.15048,8e-05,0,0.45949,0.319647,0.322732,0.141116,nan,nan,nan,nan,nan,nan,nan,nan,nan,nan,nan,0.0299227,0.00997422,0.0299227,0.00997422,0.0299227,0.00997422,0.0299227,0.00997422
15,2229.58,2.42721,1.66534,1.23301,1.94948,1.14842,1.07743,2.09861,1.93679,0.16174,7e-05,0,0.398876,0.347481,0.326322,0.151355,nan,nan,nan,nan,nan,nan,nan,nan,nan,nan,nan,0.0299103,0.00997011,0.0299103,0.00997011,0.0299103,0.00997011,0.0299103,0.00997011
16,2379.37,2.4134,1.64974,1.22499,1.93177,1.13316,1.07332,2.07933,1.90367,0.17558,8e-05,0,0.417681,0.330194,0.323574,0.15272,nan,nan,nan,nan,nan,nan,nan,nan,nan,nan,nan,0.0298971,0.00996569,0.0298971,0.00996569,0.0298971,0.00996569,0.0298971,0.00996569
17,2527.34,2.38417,1.63887,1.22531,1.91907,1.11283,1.06907,1.98218,1.81259,0.16952,7e-05,0,0.460993,0.373285,0.3605,0.159348,nan,nan,nan,nan,nan,nan,nan,nan,nan,nan,nan,0.0298829,0.00996097,0.0298829,0.00996097,0.0298829,0.00996097,0.0298829,0.00996097
18,2676.24,2.37016,1.61301,1.21228,1.89822,1.09407,1.06021,1.91985,1.73808,0.18169,8e-05,0,0.486736,0.369561,0.374641,0.172395,nan,nan,nan,nan,nan,nan,nan,nan,nan,nan,nan,0.0298678,0.00995594,0.0298678,0.00995594,0.0298678,0.00995594,0.0298678,0.00995594
19,2827.28,2.36015,1.58926,1.2104,1.89234,1.08469,1.06063,1.95404,1.78346,0.17051,7e-05,0,0.485196,0.378208,0.375854,0.172756,nan,nan,nan,nan,nan,nan,nan,nan,nan,nan,nan,0.0298519,0.00995062,0.0298519,0.00995062,0.0298519,0.00995062,0.0298519,0.00995062
20,2979.77,2.35035,1.57727,1.20881,1.87608,1.06637,1.05385,1.88789,1.72275,0.16506,8e-05,0,0.455995,0.383971,0.37234,0.176535,nan,nan,nan,nan,nan,nan,nan,nan,nan,nan,nan,0.029835,0.00994499,0.029835,0.00994499,0.029835,0.00994499,0.029835,0.00994499
21,3136.1,2.33724,1.55595,1.19664,1.87146,1.05829,1.04886,1.87209,1.70178,0.17023,8e-05,0,0.493532,0.392771,0.391755,0.180252,nan,nan,nan,nan,nan,nan,nan,nan,nan,nan,nan,0.0298172,0.00993906,0.0298172,0.00993906,0.0298172,0.00993906,0.0298172,0.00993906
22,3294.02,2.33228,1.53954,1.19375,1.85723,1.04124,1.04366,1.87636,1.69805,0.17823,8e-05,0,0.441448,0.37757,0.364996,0.174209,nan,nan,nan,nan,nan,nan,nan,nan,nan,nan,nan,0.0297985,0.00993282,0.0297985,0.00993282,0.0297985,0.00993282,0.0297985,0.00993282
23,3455.52,2.31003,1.519,1.18603,1.85387,1.03428,1.04124,1.79916,1.61981,0.17927,8e-05,0,0.500385,0.414031,0.415224,0.196338,nan,nan,nan,nan,nan,nan,nan,nan,nan,nan,nan,0.0297789,0.00992629,0.0297789,0.00992629,0.0297789,0.00992629,0.0297789,0.00992629
24,3607.89,2.28877,1.49662,1.17867,1.83913,1.02,1.03523,1.74671,1.57466,0.17197,7e-05,0,0.483175,0.413171,0.417463,0.199743,nan,nan,nan,nan,nan,nan,nan,nan,nan,nan,nan,0.0297584,0.00991946,0.0297584,0.00991946,0.0297584,0.00991946,0.0297584,0.00991946
25,3765,2.28037,1.48688,1.17943,1.8298,1.01874,1.03819,1.78076,1.59274,0.18795,8e-05,0,0.507853,0.431458,0.434204,0.209756,nan,nan,nan,nan,nan,nan,nan,nan,nan,nan,nan,0.029737,0.00991232,0.029737,0.00991232,0.029737,0.00991232,0.029737,0.00991232
26,3916.09,2.27328,1.46423,1.16923,1.82902,1.01351,1.02954,1.74632,1.57656,0.16969,8e-05,0,0.511147,0.434003,0.438845,0.213938,nan,nan,nan,nan,nan,nan,nan,nan,nan,nan,nan,0.0297147,0.00990489,0.0297147,0.00990489,0.0297147,0.00990489,0.0297147,0.00990489
27,4069.67,2.25901,1.45754,1.17,1.81185,1.00576,1.02481,1.70317,1.53247,0.17062,8e-05,0,0.511223,0.45689,0.449101,0.223033,nan,nan,nan,nan,nan,nan,nan,nan,nan,nan,nan,0.0296915,0.00989715,0.0296915,0.00989715,0.0296915,0.00989715,0.0296915,0.00989715
28,4224.46,2.24098,1.43659,1.15868,1.79446,0.98559,1.0206,1.66935,1.48233,0.18694,9e-05,0,0.511423,0.44554,0.448865,0.219932,nan,nan,nan,nan,nan,nan,nan,nan,nan,nan,nan,0.0296674,0.00988912,0.0296674,0.00988912,0.0296674,0.00988912,0.0296674,0.00988912
29,4379.1,2.22383,1.42188,1.16021,1.78466,0.98399,1.01873,1.65646,1.46241,0.19396,9e-05,0,0.467018,0.463562,0.450374,0.224747,nan,nan,nan,nan,nan,nan,nan,nan,nan,nan,nan,0.0296424,0.00988079,0.0296424,0.00988079,0.0296424,0.00988079,0.0296424,0.00988079
30,4533.51,2.21548,1.41582,1.15192,1.79381,0.9839,1.02049,1.74043,1.55705,0.18328,9e-05,0,0.505971,0.474633,0.464717,0.235266,nan,nan,nan,nan,nan,nan,nan,nan,nan,nan,nan,0.0296165,0.00987216,0.0296165,0.00987216,0.0296165,0.00987216,0.0296165,0.00987216
31,4688.92,2.218,1.40412,1.14178,1.78092,0.96784,1.01295,1.6868,1.50581,0.1809,9e-05,0,0.520814,0.463176,0.466263,0.237068,nan,nan,nan,nan,nan,nan,nan,nan,nan,nan,nan,0.0295897,0.00986323,0.0295897,0.00986323,0.0295897,0.00986323,0.0295897,0.00986323
32,4848.6,2.20762,1.39749,1.14548,1.77217,0.95986,1.01426,1.63998,1.46917,0.17074,7e-05,0,0.486692,0.475535,0.464909,0.234413,nan,nan,nan,nan,nan,nan,nan,nan,nan,nan,nan,0.029562,0.00985401,0.029562,0.00985401,0.029562,0.00985401,0.029562,0.00985401
33,5001.75,2.19012,1.38478,1.14258,1.7696,0.96213,1.0135,1.67733,1.49699,0.18025,9e-05,0,0.50365,0.495277,0.488224,0.251229,nan,nan,nan,nan,nan,nan,nan,nan,nan,nan,nan,0.0295335,0.00984449,0.0295335,0.00984449,0.0295335,0.00984449,0.0295335,0.00984449
34,5155.83,2.18327,1.37178,1.14102,1.75869,0.94786,1.01086,1.69471,1.53045,0.16417,9e-05,0,0.489217,0.488923,0.488243,0.251158,nan,nan,nan,nan,nan,nan,nan,nan,nan,nan,nan,0.029504,0.00983467,0.029504,0.00983467,0.029504,0.00983467,0.029504,0.00983467
35,5309.71,2.16397,1.35724,1.13422,1.74892,0.93998,1.00213,1.63258,1.46167,0.17082,9e-05,0,0.545176,0.480533,0.494905,0.261824,nan,nan,nan,nan,nan,nan,nan,nan,nan,nan,nan,0.0294737,0.00982456,0.0294737,0.00982456,0.0294737,0.00982456,0.0294737,0.00982456
36,5466.96,2.17067,1.34219,1.12846,1.74627,0.93663,1.00106,1.6095,1.43754,0.17188,8e-05,0,0.506981,0.503014,0.496163,0.263774,nan,nan,nan,nan,nan,nan,nan,nan,nan,nan,nan,0.0294425,0.00981415,0.0294425,0.00981415,0.0294425,0.00981415,0.0294425,0.00981415
37,5619.11,2.15066,1.32384,1.12083,1.74172,0.92966,0.99599,1.60563,1.4311,0.17444,9e-05,0,0.543028,0.502454,0.508933,0.265047,nan,nan,nan,nan,nan,nan,nan,nan,nan,nan,nan,0.0294104,0.00980345,0.0294104,0.00980345,0.0294104,0.00980345,0.0294104,0.00980345
38,5773.48,2.13789,1.31135,1.12249,1.7375,0.92483,0.99742,1.54264,1.36356,0.17899,9e-05,0,0.532356,0.516432,0.512702,0.271971,nan,nan,nan,nan,nan,nan,nan,nan,nan,nan,nan,0.0293774,0.00979246,0.0293774,0.00979246,0.0293774,0.00979246,0.0293774,0.00979246
39,5928.86,2.12975,1.30743,1.11985,1.726,0.92212,0.99739,1.56591,1.38952,0.1763,8e-05,0,0.56346,0.509644,0.518838,0.275473,nan,nan,nan,nan,nan,nan,nan,nan,nan,nan,nan,0.0293435,0.00978118,0.0293435,0.00978118,0.0293435,0.00978118,0.0293435,0.00978118
40,6081.01,2.11963,1.29759,1.11409,1.7215,0.91384,0.99443,1.49206,1.32128,0.17069,9e-05,0,0.561174,0.515195,0.525074,0.277183,nan,nan,nan,nan,nan,nan,nan,nan,nan,nan,nan,0.0293088,0.0097696,0.0293088,0.0097696,0.0293088,0.0097696,0.0293088,0.0097696
41,6231.61,2.10855,1.28382,1.11007,1.70972,0.90145,0.99078,1.51209,1.33608,0.17592,9e-05,0,0.544511,0.52096,0.520519,0.279572,nan,nan,nan,nan,nan,nan,nan,nan,nan,nan,nan,0.0292732,0.00975773,0.0292732,0.00975773,0.0292732,0.00975773,0.0292732,0.00975773
42,6381.43,2.10812,1.28411,1.10687,1.71826,0.90812,0.99236,1.50143,1.32394,0.17739,0.0001,0,0.549464,0.51706,0.526996,0.283016,nan,nan,nan,nan,nan,nan,nan,nan,nan,nan,nan,0.0292367,0.00974557,0.0292367,0.00974557,0.0292367,0.00974557,0.0292367,0.00974557
43,6531.63,2.10213,1.27999,1.10615,1.71079,0.9007,0.98815,1.50197,1.3215,0.18037,0.0001,0,0.545465,0.53092,0.533878,0.28713,nan,nan,nan,nan,nan,nan,nan,nan,nan,nan,nan,0.0291994,0.00973312,0.0291994,0.00973312,0.0291994,0.00973312,0.0291994,0.00973312
44,6680.34,2.08263,1.2584,1.09572,1.70108,0.89307,0.98678,1.51569,1.34594,0.16966,9e-05,0,0.569638,0.526994,0.537886,0.291437,nan,nan,nan,nan,nan,nan,nan,nan,nan,nan,nan,0.0291612,0.00972039,0.0291612,0.00972039,0.0291612,0.00972039,0.0291612,0.00972039
45,6830.3,2.09315,1.26543,1.10265,1.69994,0.8921,0.98583,1.50831,1.33448,0.17373,9e-05,0,0.567945,0.533416,0.541514,0.294909,nan,nan,nan,nan,nan,nan,nan,nan,nan,nan,nan,0.0291221,0.00970736,0.0291221,0.00970736,0.0291221,0.00970736,0.0291221,0.00970736
46,6981.04,2.08108,1.25919,1.09456,1.69677,0.88744,0.98336,1.48976,1.31279,0.17687,0.0001,0,0.579615,0.530449,0.542628,0.296199,nan,nan,nan,nan,nan,nan,nan,nan,nan,nan,nan,0.0290821,0.00969405,0.0290821,0.00969405,0.0290821,0.00969405,0.0290821,0.00969405
47,7130.04,2.06345,1.24008,1.09116,1.6788,0.87933,0.97805,1.45329,1.27616,0.17704,0.0001,0,0.55016,0.540155,0.541042,0.295548,nan,nan,nan,nan,nan,nan,nan,nan,nan,nan,nan,0.0290413,0.00968045,0.0290413,0.00968045,0.0290413,0.00968045,0.0290413,0.00968045
48,7278.13,2.05378,1.23847,1.08688,1.68482,0.87888,0.9806,1.40658,1.22926,0.17722,0.0001,0,0.568981,0.539843,0.54464,0.300263,nan,nan,nan,nan,nan,nan,nan,nan,nan,nan,nan,0.0289997,0.00966656,0.0289997,0.00966656,0.0289997,0.00966656,0.0289997,0.00966656
49,7426.59,2.05022,1.22242,1.08552,1.68866,0.87647,0.9802,1.39355,1.21742,0.17603,0.0001,0,0.574467,0.543368,0.552071,0.306471,nan,nan,nan,nan,nan,nan,nan,nan,nan,nan,nan,0.0289572,0.00965239,0.0289572,0.00965239,0.0289572,0.00965239,0.0289572,0.00965239
50,7574.91,2.04058,1.22782,1.08213,1.66868,0.86988,0.97571,1.467,1.28968,0.17722,0.0001,0,0.579196,0.544986,0.553824,0.308279,nan,nan,nan,nan,nan,nan,nan,nan,nan,nan,nan,0.0289138,0.00963794,0.0289138,0.00963794,0.0289138,0.00963794,0.0289138,0.00963794
51,7722.46,2.04125,1.21786,1.09058,1.67329,0.87112,0.98155,1.3882,1.2131,0.175,0.0001,0,0.574628,0.548966,0.556735,0.310386,nan,nan,nan,nan,nan,nan,nan,nan,nan,nan,nan,0.0288696,0.0096232,0.0288696,0.0096232,0.0288696,0.0096232,0.0288696,0.0096232
52,7869.45,2.03168,1.20741,1.08008,1.6693,0.87295,0.9749,1.40487,1.23407,0.1707,0.0001,0,0.578123,0.549018,0.559292,0.310665,nan,nan,nan,nan,nan,nan,nan,nan,nan,nan,nan,0.0288246,0.00960819,0.0288246,0.00960819,0.0288246,0.00960819,0.0288246,0.00960819
53,8017.96,2.02187,1.19864,1.07728,1.66051,0.86047,0.97427,1.3895,1.21927,0.17014,9e-05,0,0.58774,0.548939,0.560922,0.314229,nan,nan,nan,nan,nan,nan,nan,nan,nan,nan,nan,0.0287787,0.00959289,0.0287787,0.00959289,0.0287787,0.00959289,0.0287787,0.00959289
54,8165.51,2.02375,1.19522,1.07979,1.65779,0.86369,0.97303,1.39033,1.22468,0.16555,0.0001,0,0.598217,0.552208,0.564755,0.316411,nan,nan,nan,nan,nan,nan,nan,nan,nan,nan,nan,0.0287319,0.00957731,0.0287319,0.00957731,0.0287319,0.00957731,0.0287319,0.00957731
55,8312.18,2.01742,1.19132,1.07231,1.65503,0.86023,0.96864,1.39289,1.21812,0.17467,0.0001,0,0.589244,0.559879,0.569218,0.32055,nan,nan,nan,nan,nan,nan,nan,nan,nan,nan,nan,0.0286843,0.00956145,0.0286843,0.00956145,0.0286843,0.00956145,0.0286843,0.00956145
56,8458.9,2.01142,1.18565,1.07188,1.64376,0.84436,0.96573,1.4448,1.27041,0.1743,9e-05,0,0.588221,0.560454,0.571284,0.322699,nan,nan,nan,nan,nan,nan,nan,nan,nan,nan,nan,0.0286359,0.00954531,0.0286359,0.00954531,0.0286359,0.00954531,0.0286359,0.00954531
57,8604.74,2.00007,1.179,1.06843,1.64444,0.85099,0.96972,1.39989,1.23395,0.16585,0.0001,0,0.590854,0.562903,0.572221,0.324642,nan,nan,nan,nan,nan,nan,nan,nan,nan,nan,nan,0.0285867,0.00952889,0.0285867,0.00952889,0.0285867,0.00952889,0.0285867,0.00952889
58,8750.16,1.99098,1.1706,1.06702,1.63672,0.84326,0.96791,1.40204,1.23914,0.16281,9e-05,0,0.585555,0.564371,0.572093,0.325284,nan,nan,nan,nan,nan,nan,nan,nan,nan,nan,nan,0.0285366,0.0095122,0.0285366,0.0095122,0.0285366,0.0095122,0.0285366,0.0095122
59,8897.81,1.97964,1.16729,1.06479,1.63569,0.84858,0.96544,1.41421,1.24015,0.17397,0.0001,0,0.589611,0.567034,0.574553,0.328619,nan,nan,nan,nan,nan,nan,nan,nan,nan,nan,nan,0.0284857,0.00949524,0.0284857,0.00949524,0.0284857,0.00949524,0.0284857,0.00949524
60,9044.82,1.97852,1.1639,1.05731,1.63156,0.84504,0.96508,1.44151,1.27232,0.1691,9e-05,0,0.594643,0.566421,0.576247,0.329563,nan,nan,nan,nan,nan,nan,nan,nan,nan,nan,nan,0.028434,0.009478,0.028434,0.009478,0.028434,0.009478,0.028434,0.009478
61,9191.74,1.97156,1.15031,1.05911,1.62612,0.83338,0.96395,1.35022,1.1756,0.17453,9e-05,0,0.591948,0.569157,0.576646,0.331818,nan,nan,nan,nan,nan,nan,nan,nan,nan,nan,nan,0.0283814,0.00946048,0.0283814,0.00946048,0.0283814,0.00946048,0.0283814,0.00946048
62,9337.91,1.96749,1.15564,1.05922,1.62759,0.83272,0.96182,1.3644,1.19204,0.17227,9e-05,0,0.594595,0.568868,0.579219,0.332359,nan,nan,nan,nan,nan,nan,nan,nan,nan,nan,nan,0.0283281,0.0094427,0.0283281,0.0094427,0.0283281,0.0094427,0.0283281,0.0094427
63,9484.44,1.9709,1.14857,1.0578,1.63075,0.83756,0.96043,1.42357,1.23782,0.18565,0.0001,0,0.603634,0.57014,0.582,0.334639,nan,nan,nan,nan,nan,nan,nan,nan,nan,nan,nan,0.0282739,0.00942464,0.0282739,0.00942464,0.0282739,0.00942464,0.0282739,0.00942464
64,9631.18,1.96561,1.15425,1.05164,1.62359,0.83385,0.95589,1.352,1.18123,0.17068,9e-05,0,0.603919,0.56969,0.583186,0.335358,nan,nan,nan,nan,nan,nan,nan,nan,nan,nan,nan,0.0282189,0.00940631,0.0282189,0.00940631,0.0282189,0.00940631,0.0282189,0.00940631
65,9777.57,1.94676,1.12916,1.05059,1.60075,0.81997,0.95529,1.29468,1.12946,0.16513,9e-05,0,0.597927,0.570637,0.583615,0.336752,nan,nan,nan,nan,nan,nan,nan,nan,nan,nan,nan,0.0281632,0.00938772,0.0281632,0.00938772,0.0281632,0.00938772,0.0281632,0.00938772
66,9925.67,1.95373,1.1391,1.0522,1.61268,0.82644,0.95776,1.31953,1.14576,0.17367,0.0001,0,0.599395,0.571885,0.584604,0.338238,nan,nan,nan,nan,nan,nan,nan,nan,nan,nan,nan,0.0281066,0.00936886,0.0281066,0.00936886,0.0281066,0.00936886,0.0281066,0.00936886
67,10078.1,1.94034,1.12859,1.04967,1.61864,0.83167,0.95884,1.30931,1.13575,0.17347,9e-05,0,0.607104,0.571534,0.586346,0.340202,nan,nan,nan,nan,nan,nan,nan,nan,nan,nan,nan,0.0280492,0.00934973,0.0280492,0.00934973,0.0280492,0.00934973,0.0280492,0.00934973
68,10229.3,1.93992,1.12276,1.04763,1.61185,0.83108,0.95787,1.27791,1.10539,0.17243,9e-05,0,0.606608,0.57494,0.588288,0.341664,nan,nan,nan,nan,nan,nan,nan,nan,nan,nan,nan,0.027991,0.00933033,0.027991,0.00933033,0.027991,0.00933033,0.027991,0.00933033
69,10377.7,1.94198,1.12493,1.04389,1.6123,0.82371,0.95169,1.30837,1.13215,0.17612,0.0001,0,0.606996,0.576211,0.5892,0.342379,nan,nan,nan,nan,nan,nan,nan,nan,nan,nan,nan,0.027932,0.00931067,0.027932,0.00931067,0.027932,0.00931067,0.027932,0.00931067
70,10528.1,1.93263,1.12182,1.04624,1.60424,0.82034,0.95474,1.3383,1.16787,0.17034,8e-05,0,0.60941,0.577164,0.590077,0.343822,nan,nan,nan,nan,nan,nan,nan,nan,nan,nan,nan,0.0278723,0.00929075,0.0278723,0.00929075,0.0278723,0.00929075,0.0278723,0.00929075
71,10681.1,1.92798,1.11091,1.04026,1.60326,0.81686,0.95325,1.2951,1.12106,0.17394,0.0001,0,0.611139,0.577645,0.590961,0.344779,nan,nan,nan,nan,nan,nan,nan,nan,nan,nan,nan,0.0278117,0.00927057,0.0278117,0.00927057,0.0278117,0.00927057,0.0278117,0.00927057
72,10829.6,1.91263,1.10085,1.03983,1.59491,0.81124,0.95082,1.28601,1.11481,0.17109,0.00011,0,0.615166,0.579438,0.592549,0.346886,nan,nan,nan,nan,nan,nan,nan,nan,nan,nan,nan,0.0277504,0.00925013,0.0277504,0.00925013,0.0277504,0.00925013,0.0277504,0.00925013
73,10978.3,1.91388,1.09926,1.03466,1.59553,0.81473,0.95157,1.27732,1.10396,0.17325,0.0001,0,0.620113,0.579692,0.593591,0.348385,nan,nan,nan,nan,nan,nan,nan,nan,nan,nan,nan,0.0276883,0.00922942,0.0276883,0.00922942,0.0276883,0.00922942,0.0276883,0.00922942
74,11127.3,1.91173,1.0973,1.03673,1.5925,0.80665,0.94973,1.24927,1.07482,0.17435,0.0001,0,0.621335,0.580157,0.594676,0.349402,nan,nan,nan,nan,nan,nan,nan,nan,nan,nan,nan,0.0276254,0.00920846,0.0276254,0.00920846,0.0276254,0.00920846,0.0276254,0.00920846
75,11275.8,1.89981,1.0857,1.03253,1.58586,0.80517,0.94724,1.26529,1.08612,0.17907,0.0001,0,0.617592,0.580563,0.595168,0.350071,nan,nan,nan,nan,nan,nan,nan,nan,nan,nan,nan,0.0275617,0.00918725,0.0275617,0.00918725,0.0275617,0.00918725,0.0275617,0.00918725
76,11423.6,1.89002,1.0854,1.02595,1.59087,0.80575,0.94468,1.23906,1.06255,0.17639,0.00011,0,0.615363,0.583822,0.595647,0.351024,nan,nan,nan,nan,nan,nan,nan,nan,nan,nan,nan,0.0274973,0.00916577,0.0274973,0.00916577,0.0274973,0.00916577,0.0274973,0.00916577
77,11572.2,1.89278,1.08681,1.02997,1.58561,0.80395,0.9473,1.25801,1.08829,0.16963,9e-05,0,0.621764,0.58493,0.597148,0.351533,nan,nan,nan,nan,nan,nan,nan,nan,nan,nan,nan,0.0274321,0.00914405,0.0274321,0.00914405,0.0274321,0.00914405,0.0274321,0.00914405
78,11721,1.8797,1.07933,1.02559,1.57298,0.79548,0.94485,1.26106,1.08791,0.17305,9e-05,0,0.620192,0.587675,0.59766,0.352243,nan,nan,nan,nan,nan,nan,nan,nan,nan,nan,nan,0.0273662,0.00912207,0.0273662,0.00912207,0.0273662,0.00912207,0.0273662,0.00912207
79,11868.7,1.88848,1.08055,1.02808,1.57982,0.80021,0.94339,1.22507,1.0563,0.16867,0.0001,0,0.619862,0.587679,0.598291,0.352821,nan,nan,nan,nan,nan,nan,nan,nan,nan,nan,nan,0.0272995,0.00909984,0.0272995,0.00909984,0.0272995,0.00909984,0.0272995,0.00909984
80,12016.9,1.88653,1.07748,1.02499,1.57925,0.79677,0.94361,1.2271,1.07103,0.15597,0.0001,0,0.623815,0.58774,0.599823,0.353524,nan,nan,nan,nan,nan,nan,nan,nan,nan,nan,nan,0.0272321,0.00907736,0.0272321,0.00907736,0.0272321,0.00907736,0.0272321,0.00907736
81,12164.9,1.87339,1.07058,1.02615,1.56487,0.79375,0.94324,1.24964,1.08125,0.1683,0.0001,0,0.624892,0.588798,0.600852,0.355172,nan,nan,nan,nan,nan,nan,nan,nan,nan,nan,nan,0.0271639,0.00905463,0.0271639,0.00905463,0.0271639,0.00905463,0.0271639,0.00905463
82,12313.8,1.87693,1.06705,1.02774,1.55988,0.79411,0.9423,1.2738,1.10059,0.17311,0.0001,0,0.627885,0.588284,0.600939,0.355432,nan,nan,nan,nan,nan,nan,nan,nan,nan,nan,nan,0.027095,0.00903166,0.027095,0.00903166,0.027095,0.00903166,0.027095,0.00903166
83,12462,1.86756,1.06594,1.02403,1.55658,0.78845,0.94246,1.27424,1.09658,0.17757,0.0001,0,0.630686,0.586987,0.601326,0.355989,nan,nan,nan,nan,nan,nan,nan,nan,nan,nan,nan,0.0270253,0.00900844,0.0270253,0.00900844,0.0270253,0.00900844,0.0270253,0.00900844
84,12611.6,1.869,1.06497,1.02215,1.56467,0.78819,0.94142,1.27901,1.1058,0.17311,0.0001,0,0.631609,0.587886,0.601766,0.35628,nan,nan,nan,nan,nan,nan,nan,nan,nan,nan,nan,0.0269549,0.00898497,0.0269549,0.00898497,0.0269549,0.00898497,0.0269549,0.00898497
85,12759,1.87005,1.05939,1.02077,1.5574,0.78495,0.93978,1.22312,1.05103,0.17199,0.0001,0,0.632055,0.588839,0.602579,0.357392,nan,nan,nan,nan,nan,nan,nan,nan,nan,nan,nan,0.0268838,0.00896127,0.0268838,0.00896127,0.0268838,0.00896127,0.0268838,0.00896127
86,12905.8,1.85548,1.05588,1.01741,1.558,0.78855,0.93825,1.22993,1.05232,0.17751,9e-05,0,0.633587,0.589522,0.603076,0.358339,nan,nan,nan,nan,nan,nan,nan,nan,nan,nan,nan,0.026812,0.00893732,0.026812,0.00893732,0.026812,0.00893732,0.026812,0.00893732
87,13051.6,1.85737,1.04948,1.01692,1.55244,0.78645,0.9337,1.23694,1.05895,0.1779,9e-05,0,0.640101,0.588282,0.604846,0.359454,nan,nan,nan,nan,nan,nan,nan,nan,nan,nan,nan,0.0267394,0.00891313,0.0267394,0.00891313,0.0267394,0.00891313,0.0267394,0.00891313
88,13198.6,1.85628,1.05081,1.02286,1.56049,0.78875,0.94376,1.2062,1.03462,0.1715,9e-05,0,0.63911,0.589386,0.605437,0.360158,nan,nan,nan,nan,nan,nan,nan,nan,nan,nan,nan,0.0266661,0.0088887,0.0266661,0.0088887,0.0266661,0.0088887,0.0266661,0.0088887
89,13346.9,1.84267,1.0424,1.01494,1.54983,0.78615,0.93621,1.27033,1.09125,0.17899,0.0001,0,0.637231,0.592267,0.606514,0.360844,nan,nan,nan,nan,nan,nan,nan,nan,nan,nan,nan,0.0265921,0.00886404,0.0265921,0.00886404,0.0265921,0.00886404,0.0265921,0.00886404
90,13495.8,1.83175,1.03783,1.01545,1.54956,0.77927,0.94092,1.24462,1.06386,0.18066,0.0001,0,0.64029,0.591096,0.607341,0.361186,nan,nan,nan,nan,nan,nan,nan,nan,nan,nan,nan,0.0265174,0.00883914,0.0265174,0.00883914,0.0265174,0.00883914,0.0265174,0.00883914
91,13643.7,1.83649,1.03353,1.01086,1.54828,0.77945,0.9354,1.24321,1.056,0.1871,0.00011,0,0.641776,0.591292,0.608301,0.362492,nan,nan,nan,nan,nan,nan,nan,nan,nan,nan,nan,0.026442,0.00881401,0.026442,0.00881401,0.026442,0.00881401,0.026442,0.00881401
92,13792.1,1.82923,1.04095,1.00867,1.54766,0.77293,0.93594,1.21953,1.03751,0.18193,0.0001,0,0.645009,0.591721,0.609173,0.363296,nan,nan,nan,nan,nan,nan,nan,nan,nan,nan,nan,0.0263659,0.00878864,0.0263659,0.00878864,0.0263659,0.00878864,0.0263659,0.00878864
93,13940.8,1.83209,1.03164,1.01116,1.53525,0.77595,0.9325,1.20129,1.03658,0.16462,9e-05,0,0.647016,0.591343,0.609878,0.363602,nan,nan,nan,nan,nan,nan,nan,nan,nan,nan,nan,0.0262891,0.00876305,0.0262891,0.00876305,0.0262891,0.00876305,0.0262891,0.00876305
94,14089.4,1.83395,1.03323,1.00868,1.53998,0.77341,0.93524,1.21395,1.03947,0.17438,0.0001,0,0.648138,0.591191,0.610157,0.364153,nan,nan,nan,nan,nan,nan,nan,nan,nan,nan,nan,0.0262117,0.00873723,0.0262117,0.00873723,0.0262117,0.00873723,0.0262117,0.00873723
95,14236.8,1.8318,1.03107,1.00973,1.54066,0.77471,0.93272,1.20049,1.01674,0.18364,0.00011,0,0.651312,0.590731,0.610488,0.36445,nan,nan,nan,nan,nan,nan,nan,nan,nan,nan,nan,0.0261335,0.00871117,0.0261335,0.00871117,0.0261335,0.00871117,0.0261335,0.00871117
96,14384.7,1.81201,1.01872,1.00712,1.52795,0.76657,0.93243,1.17657,1.00823,0.16825,0.0001,0,0.646802,0.593491,0.610988,0.364747,nan,nan,nan,nan,nan,nan,nan,nan,nan,nan,nan,0.0260547,0.0086849,0.0260547,0.0086849,0.0260547,0.0086849,0.0260547,0.0086849
97,14533.2,1.80557,1.01175,1.00491,1.52495,0.76378,0.9323,1.18353,1.01091,0.17252,0.0001,0,0.648494,0.594405,0.612294,0.365334,nan,nan,nan,nan,nan,nan,nan,nan,nan,nan,nan,0.0259752,0.00865839,0.0259752,0.00865839,0.0259752,0.00865839,0.0259752,0.00865839
98,14680.3,1.81351,1.01374,1.00343,1.53327,0.76651,0.9317,1.17865,1.00545,0.1731,0.0001,0,0.64775,0.593852,0.612294,0.366018,nan,nan,nan,nan,nan,nan,nan,nan,nan,nan,nan,0.025895,0.00863167,0.025895,0.00863167,0.025895,0.00863167,0.025895,0.00863167
99,14828.9,1.80108,1.00709,0.99967,1.5241,0.75896,0.92992,1.21593,1.03293,0.18289,0.0001,0,0.651469,0.593789,0.613262,0.366861,nan,nan,nan,nan,nan,nan,nan,nan,nan,nan,nan,0.0258142,0.00860473,0.0258142,0.00860473,0.0258142,0.00860473,0.0258142,0.00860473
100,14977.9,1.80838,1.01716,1.00221,1.52543,0.76418,0.92944,1.23896,1.07027,0.16861,9e-05,0,0.651758,0.594292,0.613314,0.367061,nan,nan,nan,nan,nan,nan,nan,nan,nan,nan,nan,0.0257327,0.00857756,0.0257327,0.00857756,0.0257327,0.00857756,0.0257327,0.00857756
101,15126.4,1.80083,1.00963,1.00189,1.51737,0.76083,0.92768,1.17715,1.01268,0.16438,9e-05,0,0.65322,0.595991,0.614285,0.367502,nan,nan,nan,nan,nan,nan,nan,nan,nan,nan,nan,0.0256505,0.00855018,0.0256505,0.00855018,0.0256505,0.00855018,0.0256505,0.00855018
102,15275.8,1.8078,1.00997,1.00101,1.52413,0.76036,0.93001,1.21587,1.03908,0.17669,0.0001,0,0.654045,0.595475,0.614901,0.368063,nan,nan,nan,nan,nan,nan,nan,nan,nan,nan,nan,0.0255677,0.00852258,0.0255677,0.00852258,0.0255677,0.00852258,0.0255677,0.00852258
103,15423.8,1.79151,1.00652,0.99747,1.51635,0.75727,0.92848,1.15829,0.98974,0.16846,9e-05,0,0.656531,0.595475,0.615465,0.36837,nan,nan,nan,nan,nan,nan,nan,nan,nan,nan,nan,0.0254843,0.00849477,0.0254843,0.00849477,0.0254843,0.00849477,0.0254843,0.00849477
104,15572.5,1.7903,0.99667,0.99748,1.51119,0.7552,0.92498,1.14791,0.97497,0.17284,9e-05,0,0.656004,0.596357,0.616676,0.369031,nan,nan,nan,nan,nan,nan,nan,nan,nan,nan,nan,0.0254002,0.00846674,0.0254002,0.00846674,0.0254002,0.00846674,0.0254002,0.00846674
105,15722,1.79027,0.99583,0.99475,1.51181,0.75439,0.92363,1.17674,1.01288,0.16378,9e-05,0,0.656765,0.59622,0.616988,0.369487,nan,nan,nan,nan,nan,nan,nan,nan,nan,nan,nan,0.0253155,0.00843851,0.0253155,0.00843851,0.0253155,0.00843851,0.0253155,0.00843851
106,15870.7,1.77845,0.99507,0.99825,1.51038,0.75277,0.92728,1.19727,1.02826,0.16893,9e-05,0,0.656928,0.598121,0.617541,0.370098,nan,nan,nan,nan,nan,nan,nan,nan,nan,nan,nan,0.0252302,0.00841006,0.0252302,0.00841006,0.0252302,0.00841006,0.0252302,0.00841006
107,16019.9,1.78626,1.0017,0.99745,1.50586,0.75465,0.92522,1.17442,1.00445,0.16988,9e-05,0,0.65767,0.598289,0.617998,0.370985,nan,nan,nan,nan,nan,nan,nan,nan,nan,nan,nan,0.0251442,0.00838141,0.0251442,0.00838141,0.0251442,0.00838141,0.0251442,0.00838141
108,16169.2,1.78068,0.99204,0.99259,1.5118,0.75698,0.92392,1.16027,1.00025,0.15994,9e-05,0,0.656879,0.59891,0.619164,0.371503,nan,nan,nan,nan,nan,nan,nan,nan,nan,nan,nan,0.0250577,0.00835255,0.0250577,0.00835255,0.0250577,0.00835255,0.0250577,0.00835255
109,16317.3,1.76205,0.98392,0.99323,1.50719,0.75299,0.926,1.1606,0.99899,0.16152,8e-05,0,0.657759,0.599618,0.619848,0.372142,nan,nan,nan,nan,nan,nan,nan,nan,nan,nan,nan,0.0249705,0.00832349,0.0249705,0.00832349,0.0249705,0.00832349,0.0249705,0.00832349
110,16467.2,1.77254,0.98105,0.99331,1.5036,0.74662,0.92395,1.18059,1.01315,0.16734,0.0001,0,0.658146,0.601142,0.620852,0.372882,nan,nan,nan,nan,nan,nan,nan,nan,nan,nan,nan,0.0248827,0.00829423,0.0248827,0.00829423,0.0248827,0.00829423,0.0248827,0.00829423
111,16615.7,1.75717,0.9753,0.98746,1.49712,0.74624,0.92184,1.12234,0.96118,0.16106,0.0001,0,0.661113,0.602596,0.621719,0.373696,nan,nan,nan,nan,nan,nan,nan,nan,nan,nan,nan,0.0247943,0.00826477,0.0247943,0.00826477,0.0247943,0.00826477,0.0247943,0.00826477
112,16764.4,1.7599,0.97907,0.98969,1.49916,0.74422,0.92442,1.16513,1.00473,0.16032,9e-05,0,0.663529,0.602094,0.622287,0.374079,nan,nan,nan,nan,nan,nan,nan,nan,nan,nan,nan,0.0247053,0.00823511,0.0247053,0.00823511,0.0247053,0.00823511,0.0247053,0.00823511
113,16912.1,1.76192,0.97491,0.98882,1.49246,0.74146,0.919,1.1774,1.01899,0.15831,9e-05,0,0.66603,0.600964,0.622552,0.374553,nan,nan,nan,nan,nan,nan,nan,nan,nan,nan,nan,0.0246157,0.00820525,0.0246157,0.00820525,0.0246157,0.00820525,0.0246157,0.00820525
114,17059.7,1.75673,0.97688,0.98751,1.48842,0.74175,0.92194,1.11545,0.94902,0.16633,0.0001,0,0.667131,0.602642,0.624007,0.375415,nan,nan,nan,nan,nan,nan,nan,nan,nan,nan,nan,0.0245256,0.0081752,0.0245256,0.0081752,0.0245256,0.0081752,0.0245256,0.0081752
115,17206,1.74893,0.97323,0.98703,1.48701,0.73871,0.92191,1.10901,0.94792,0.16099,0.0001,0,0.665208,0.603593,0.624482,0.376006,nan,nan,nan,nan,nan,nan,nan,nan,nan,nan,nan,0.0244349,0.00814495,0.0244349,0.00814495,0.0244349,0.00814495,0.0244349,0.00814495
116,17353.9,1.75597,0.97393,0.98547,1.48643,0.73697,0.91983,1.14328,0.97698,0.16621,9e-05,0,0.666677,0.604615,0.625164,0.376644,nan,nan,nan,nan,nan,nan,nan,nan,nan,nan,nan,0.0243435,0.00811452,0.0243435,0.00811452,0.0243435,0.00811452,0.0243435,0.00811452
117,17503.1,1.74081,0.96589,0.98309,1.48591,0.73843,0.91964,1.12107,0.94912,0.17185,0.0001,0,0.673782,0.602252,0.625831,0.377264,nan,nan,nan,nan,nan,nan,nan,nan,nan,nan,nan,0.0242517,0.00808389,0.0242517,0.00808389,0.0242517,0.00808389,0.0242517,0.00808389
118,17652,1.74044,0.95986,0.98438,1.48157,0.73162,0.92077,1.09292,0.93625,0.15657,0.0001,0,0.675873,0.60257,0.626315,0.378054,nan,nan,nan,nan,nan,nan,nan,nan,nan,nan,nan,0.0241592,0.00805308,0.0241592,0.00805308,0.0241592,0.00805308,0.0241592,0.00805308
119,17800.5,1.74559,0.96044,0.98612,1.4837,0.7397,0.91831,1.10553,0.94674,0.1587,9e-05,0,0.674703,0.604304,0.626625,0.378502,nan,nan,nan,nan,nan,nan,nan,nan,nan,nan,nan,0.0240662,0.00802208,0.0240662,0.00802208,0.0240662,0.00802208,0.0240662,0.00802208
120,17951,1.74276,0.96131,0.98126,1.48119,0.73637,0.91511,1.15079,0.98516,0.16554,9e-05,0,0.674429,0.603875,0.627047,0.378973,nan,nan,nan,nan,nan,nan,nan,nan,nan,nan,nan,0.0239727,0.0079909,0.0239727,0.0079909,0.0239727,0.0079909,0.0239727,0.0079909
121,18101.1,1.73075,0.95336,0.98059,1.47852,0.72696,0.91556,1.13843,0.97511,0.16322,9e-05,0,0.676007,0.603087,0.627739,0.379806,nan,nan,nan,nan,nan,nan,nan,nan,nan,nan,nan,0.0238786,0.00795954,0.0238786,0.00795954,0.0238786,0.00795954,0.0238786,0.00795954
122,18250.4,1.72293,0.95222,0.9777,1.47668,0.72923,0.91656,1.09447,0.92953,0.16485,9e-05,0,0.674791,0.605815,0.628072,0.380015,nan,nan,nan,nan,nan,nan,nan,nan,nan,nan,nan,0.023784,0.007928,0.023784,0.007928,0.023784,0.007928,0.023784,0.007928
123,18402.3,1.72394,0.95227,0.97996,1.48314,0.73009,0.91784,1.10749,0.93885,0.16855,9e-05,0,0.673764,0.606162,0.629041,0.381068,nan,nan,nan,nan,nan,nan,nan,nan,nan,nan,nan,0.0236888,0.00789628,0.0236888,0.00789628,0.0236888,0.00789628,0.0236888,0.00789628
124,18551.3,1.72467,0.94627,0.9785,1.47475,0.74085,0.91839,1.08552,0.91344,0.172,9e-05,0,0.672474,0.607922,0.629851,0.381822,nan,nan,nan,nan,nan,nan,nan,nan,nan,nan,nan,0.0235931,0.00786438,0.0235931,0.00786438,0.0235931,0.00786438,0.0235931,0.00786438
125,18701.7,1.7139,0.93969,0.97442,1.4707,0.72512,0.91498,1.07426,0.91338,0.16078,9e-05,0,0.672226,0.60724,0.62992,0.382351,nan,nan,nan,nan,nan,nan,nan,nan,nan,nan,nan,0.0234969,0.00783231,0.0234969,0.00783231,0.0234969,0.00783231,0.0234969,0.00783231
126,18850.7,1.71663,0.9364,0.97525,1.46964,0.72388,0.91644,1.10452,0.94338,0.16105,9e-05,0,0.673957,0.607324,0.630416,0.38278,nan,nan,nan,nan,nan,nan,nan,nan,nan,nan,nan,0.0234002,0.00780007,0.0234002,0.00780007,0.0234002,0.00780007,0.0234002,0.00780007
127,19000,1.71195,0.94295,0.97602,1.45604,0.7214,0.91225,1.06212,0.9005,0.16152,9e-05,0,0.673767,0.609362,0.631509,0.383404,nan,nan,nan,nan,nan,nan,nan,nan,nan,nan,nan,0.023303,0.00776766,0.023303,0.00776766,0.023303,0.00776766,0.023303,0.00776766
128,19150.4,1.71297,0.94564,0.97529,1.46736,0.72082,0.91606,1.08038,0.91417,0.16611,0.0001,0,0.675019,0.610474,0.631969,0.38404,nan,nan,nan,nan,nan,nan,nan,nan,nan,nan,nan,0.0232053,0.00773509,0.0232053,0.00773509,0.0232053,0.00773509,0.0232053,0.00773509
129,19299.3,1.71869,0.94862,0.97268,1.4683,0.72625,0.91173,1.1098,0.94721,0.16248,0.0001,0,0.674576,0.610154,0.632014,0.385061,nan,nan,nan,nan,nan,nan,nan,nan,nan,nan,nan,0.023107,0.00770234,0.023107,0.00770234,0.023107,0.00770234,0.023107,0.00770234
130,19447.8,1.71532,0.94026,0.97467,1.46022,0.72343,0.9131,1.17014,0.99636,0.17367,0.0001,0,0.675437,0.610382,0.632753,0.385544,nan,nan,nan,nan,nan,nan,nan,nan,nan,nan,nan,0.0230083,0.00766944,0.0230083,0.00766944,0.0230083,0.00766944,0.0230083,0.00766944
131,19595.1,1.70131,0.94196,0.96979,1.45919,0.72222,0.91139,1.08724,0.93255,0.1546,9e-05,0,0.677637,0.611281,0.633608,0.386106,nan,nan,nan,nan,nan,nan,nan,nan,nan,nan,nan,0.0229091,0.00763637,0.0229091,0.00763637,0.0229091,0.00763637,0.0229091,0.00763637
132,19743.8,1.70005,0.92733,0.97236,1.45499,0.71992,0.91243,1.08258,0.92368,0.15881,8e-05,0,0.678796,0.612111,0.634494,0.386568,nan,nan,nan,nan,nan,nan,nan,nan,nan,nan,nan,0.0228094,0.00760314,0.0228094,0.00760314,0.0228094,0.00760314,0.0228094,0.00760314
133,19890.9,1.69675,0.92661,0.97017,1.45781,0.71818,0.91158,1.05685,0.89958,0.15718,9e-05,0,0.678524,0.61268,0.635545,0.387562,nan,nan,nan,nan,nan,nan,nan,nan,nan,nan,nan,0.0227093,0.00756976,0.0227093,0.00756976,0.0227093,0.00756976,0.0227093,0.00756976
134,20040.6,1.69406,0.92568,0.96922,1.45549,0.72013,0.91114,1.05046,0.8845,0.16586,9e-05,0,0.679272,0.612944,0.636284,0.38813,nan,nan,nan,nan,nan,nan,nan,nan,nan,nan,nan,0.0226086,0.00753621,0.0226086,0.00753621,0.0226086,0.00753621,0.0226086,0.00753621
135,20187.7,1.69428,0.92058,0.96565,1.4517,0.71545,0.90868,1.0855,0.92331,0.16209,9e-05,0,0.681065,0.614564,0.637667,0.388695,nan,nan,nan,nan,nan,nan,nan,nan,nan,nan,nan,0.0225076,0.00750252,0.0225076,0.00750252,0.0225076,0.00750252,0.0225076,0.00750252
136,20335.9,1.6895,0.91896,0.96665,1.45376,0.71415,0.91,1.06857,0.90151,0.16696,0.0001,0,0.681538,0.615148,0.638454,0.389661,nan,nan,nan,nan,nan,nan,nan,nan,nan,nan,nan,0.022406,0.00746868,0.022406,0.00746868,0.022406,0.00746868,0.022406,0.00746868
137,20485.2,1.6927,0.91913,0.96831,1.4433,0.71051,0.90911,1.1238,0.96147,0.16223,0.0001,0,0.683007,0.615911,0.639136,0.390166,nan,nan,nan,nan,nan,nan,nan,nan,nan,nan,nan,0.022304,0.00743468,0.022304,0.00743468,0.022304,0.00743468,0.022304,0.00743468
138,20635.9,1.68559,0.9167,0.96601,1.44887,0.71133,0.91066,1.09679,0.93998,0.15671,0.0001,0,0.683625,0.617392,0.640038,0.391061,nan,nan,nan,nan,nan,nan,nan,nan,nan,nan,nan,0.0222016,0.00740054,0.0222016,0.00740054,0.0222016,0.00740054,0.0222016,0.00740054
139,20784.8,1.68135,0.91498,0.96422,1.4479,0.71346,0.90887,1.06771,0.90997,0.15764,0.0001,0,0.683243,0.618366,0.640499,0.391725,nan,nan,nan,nan,nan,nan,nan,nan,nan,nan,nan,0.0220988,0.00736625,0.0220988,0.00736625,0.0220988,0.00736625,0.0220988,0.00736625
140,20935.4,1.6787,0.91001,0.96336,1.44433,0.70777,0.90715,1.05516,0.89524,0.15982,0.00011,0,0.685828,0.618614,0.641342,0.392357,nan,nan,nan,nan,nan,nan,nan,nan,nan,nan,nan,0.0219955,0.00733182,0.0219955,0.00733182,0.0219955,0.00733182,0.0219955,0.00733182
141,21085.1,1.66972,0.90482,0.96208,1.44165,0.70831,0.90754,1.07462,0.90788,0.16664,0.0001,0,0.688151,0.620085,0.642509,0.393263,nan,nan,nan,nan,nan,nan,nan,nan,nan,nan,nan,0.0218918,0.00729725,0.0218918,0.00729725,0.0218918,0.00729725,0.0218918,0.00729725
142,21234.9,1.67663,0.91129,0.96266,1.43545,0.70562,0.90656,1.06896,0.9134,0.15547,9e-05,0,0.68986,0.619637,0.643197,0.393601,nan,nan,nan,nan,nan,nan,nan,nan,nan,nan,nan,0.0217876,0.00726254,0.0217876,0.00726254,0.0217876,0.00726254,0.0217876,0.00726254
143,21383.5,1.67813,0.91091,0.96597,1.43788,0.70802,0.91,1.06272,0.90756,0.15507,9e-05,0,0.692184,0.61927,0.643547,0.394177,nan,nan,nan,nan,nan,nan,nan,nan,nan,nan,nan,0.0216831,0.0072277,0.0216831,0.0072277,0.0216831,0.0072277,0.0216831,0.0072277
144,21533.9,1.66494,0.90546,0.96457,1.42929,0.70485,0.90824,1.02596,0.87011,0.15577,8e-05,0,0.690039,0.621119,0.644409,0.394473,nan,nan,nan,nan,nan,nan,nan,nan,nan,nan,nan,0.0215782,0.00719272,0.0215782,0.00719272,0.0215782,0.00719272,0.0215782,0.00719272
145,21684,1.65829,0.90286,0.96006,1.43078,0.70221,0.90667,1.01428,0.85719,0.157,9e-05,0,0.692429,0.620724,0.645648,0.394943,nan,nan,nan,nan,nan,nan,nan,nan,nan,nan,nan,0.0214728,0.00715761,0.0214728,0.00715761,0.0214728,0.00715761,0.0214728,0.00715761
146,21835.1,1.66203,0.90599,0.95856,1.42861,0.69594,0.90547,1.00017,0.84146,0.15862,0.0001,0,0.693504,0.621588,0.646151,0.395443,nan,nan,nan,nan,nan,nan,nan,nan,nan,nan,nan,0.0213671,0.00712237,0.0213671,0.00712237,0.0213671,0.00712237,0.0213671,0.00712237
147,21986.7,1.66215,0.89674,0.95887,1.43347,0.6998,0.90416,1.05103,0.89419,0.15676,9e-05,0,0.693093,0.62394,0.646698,0.396256,nan,nan,nan,nan,nan,nan,nan,nan,nan,nan,nan,0.021261,0.007087,0.021261,0.007087,0.021261,0.007087,0.021261,0.007087
148,22138.2,1.65104,0.89394,0.95673,1.42977,0.69865,0.9038,1.01799,0.86107,0.15683,0.0001,0,0.694313,0.622947,0.647039,0.396661,nan,nan,nan,nan,nan,nan,nan,nan,nan,nan,nan,0.0211545,0.0070515,0.0211545,0.0070515,0.0211545,0.0070515,0.0211545,0.0070515
149,22290.1,1.65487,0.8905,0.95503,1.43149,0.69863,0.90311,1.02272,0.85441,0.16821,0.0001,0,0.695174,0.622665,0.64742,0.396802,nan,nan,nan,nan,nan,nan,nan,nan,nan,nan,nan,0.0210476,0.00701588,0.0210476,0.00701588,0.0210476,0.00701588,0.0210476,0.00701588
150,22441.2,1.6447,0.89192,0.95507,1.42933,0.69922,0.90338,1.03439,0.8776,0.15669,9e-05,0,0.699149,0.621514,0.64822,0.397772,nan,nan,nan,nan,nan,nan,nan,nan,nan,nan,nan,0.0209404,0.00698014,0.0209404,0.00698014,0.0209404,0.00698014,0.0209404,0.00698014
151,22589.1,1.64891,0.89132,0.96029,1.42174,0.69444,0.90611,0.99512,0.84405,0.15099,9e-05,0,0.698027,0.622877,0.648622,0.398303,nan,nan,nan,nan,nan,nan,nan,nan,nan,nan,nan,0.0208328,0.00694428,0.0208328,0.00694428,0.0208328,0.00694428,0.0208328,0.00694428
152,22739.5,1.64364,0.88756,0.95642,1.41983,0.6938,0.90223,1.00779,0.84684,0.16085,9e-05,0,0.697931,0.623299,0.649243,0.398998,nan,nan,nan,nan,nan,nan,nan,nan,nan,nan,nan,0.0207249,0.00690831,0.0207249,0.00690831,0.0207249,0.00690831,0.0207249,0.00690831
153,22889.3,1.64264,0.88799,0.95566,1.41422,0.69276,0.90312,1.01208,0.86172,0.15027,9e-05,0,0.697404,0.624709,0.650519,0.39995,nan,nan,nan,nan,nan,nan,nan,nan,nan,nan,nan,0.0206166,0.00687222,0.0206166,0.00687222,0.0206166,0.00687222,0.0206166,0.00687222
154,23039.2,1.63446,0.88373,0.94984,1.41309,0.6874,0.9005,1.00783,0.84833,0.15941,8e-05,0,0.697117,0.624951,0.650751,0.400246,nan,nan,nan,nan,nan,nan,nan,nan,nan,nan,nan,0.020508,0.00683601,0.020508,0.00683601,0.020508,0.00683601,0.020508,0.00683601
155,23189.7,1.62988,0.8794,0.95104,1.4095,0.68857,0.9025,1.014,0.85752,0.15639,9e-05,0,0.697698,0.626524,0.65147,0.400835,nan,nan,nan,nan,nan,nan,nan,nan,nan,nan,nan,0.0203991,0.0067997,0.0203991,0.0067997,0.0203991,0.0067997,0.0203991,0.0067997
156,23339.8,1.63201,0.88236,0.95166,1.404,0.68713,0.89833,0.96392,0.80658,0.15725,9e-05,0,0.69776,0.627767,0.652324,0.401678,nan,nan,nan,nan,nan,nan,nan,nan,nan,nan,nan,0.0202898,0.00676328,0.0202898,0.00676328,0.0202898,0.00676328,0.0202898,0.00676328
157,23489.7,1.6285,0.88059,0.95555,1.40069,0.68848,0.90195,0.99487,0.83832,0.15646,9e-05,0,0.697459,0.627758,0.652822,0.40238,nan,nan,nan,nan,nan,nan,nan,nan,nan,nan,nan,0.0201803,0.00672675,0.0201803,0.00672675,0.0201803,0.00672675,0.0201803,0.00672675
158,23639.4,1.62928,0.87694,0.95304,1.40296,0.68681,0.90027,0.97661,0.82131,0.15521,9e-05,0,0.699775,0.628192,0.653567,0.403231,nan,nan,nan,nan,nan,nan,nan,nan,nan,nan,nan,0.0200704,0.00669012,0.0200704,0.00669012,0.0200704,0.00669012,0.0200704,0.00669012
159,23786.6,1.62487,0.8756,0.95022,1.40535,0.68615,0.90019,0.9919,0.83815,0.15366,0.0001,0,0.699578,0.628268,0.653858,0.403899,nan,nan,nan,nan,nan,nan,nan,nan,nan,nan,nan,0.0199602,0.00665339,0.0199602,0.00665339,0.0199602,0.00665339,0.0199602,0.00665339
160,23936.4,1.62083,0.87102,0.94726,1.40292,0.68196,0.89766,0.9957,0.84127,0.15434,9e-05,0,0.699902,0.628671,0.654387,0.40447,nan,nan,nan,nan,nan,nan,nan,nan,nan,nan,nan,0.0198497,0.00661656,0.0198497,0.00661656,0.0198497,0.00661656,0.0198497,0.00661656
161,24094.1,1.62374,0.86922,0.94961,1.40108,0.68476,0.89737,1.00302,0.85229,0.15063,9e-05,0,0.702867,0.628761,0.654902,0.405056,nan,nan,nan,nan,nan,nan,nan,nan,nan,nan,nan,0.0197389,0.00657963,0.0197389,0.00657963,0.0197389,0.00657963,0.0197389,0.00657963
162,24253.9,1.60642,0.86231,0.94352,1.38973,0.67755,0.89622,0.95786,0.80758,0.15019,9e-05,0,0.704301,0.630324,0.656993,0.406056,nan,nan,nan,nan,nan,nan,nan,nan,nan,nan,nan,0.0196278,0.00654261,0.0196278,0.00654261,0.0196278,0.00654261,0.0196278,0.00654261
163,24407.9,1.61815,0.862,0.94437,1.40192,0.6827,0.89581,0.972,0.81916,0.15276,8e-05,0,0.709847,0.628906,0.657699,0.406629,nan,nan,nan,nan,nan,nan,nan,nan,nan,nan,nan,0.0195165,0.0065055,0.0195165,0.0065055,0.0195165,0.0065055,0.0195165,0.0065055
