epoch,time,train/box_loss,train/cls_loss,train/dfl_loss,train/angle_loss,train/t_rec_loss,train/reach_match_loss,train/reach_rank_loss,train/task_loss,train/kd_loss,train/s_rec_loss,train/d_pos_mean,train/d_neg_mean,train/rank_gap_mean,train/mask_mean,train/mask_std,train/mask_fg_mean,train/mask_bg_mean,metrics/precision(B),metrics/recall(B),metrics/mAP50(B),metrics/mAP50-95(B),val/box_loss,val/cls_loss,val/dfl_loss,val/angle_loss,val/t_rec_loss,val/reach_match_loss,val/reach_rank_loss,val/task_loss,val/kd_loss,val/s_rec_loss,val/d_pos_mean,val/d_neg_mean,val/rank_gap_mean,val/mask_mean,val/mask_std,val/mask_fg_mean,val/mask_bg_mean,phase_stop_fitness,lr/pg0,lr/pg1,lr/pg2
1,22.1074,1.85075,3.14596,1.30094,0,0,0,0,0,2.02398,0,0,0,0,0,0,0,0,0.01418,0.24362,0.08815,0.04528,1.79149,3.14872,1.14523,0,0,0,0,0,0,0,0,0,0,0,0,0,0,0.04528,0.0031,0.0031,0.0721
2,38.7097,1.69209,1.59192,1.17999,0,0,0,0,0,1.37654,0,0,0,0,0,0,0,0,0.01555,0.33501,0.19003,0.09457,1.6321,2.73936,1.09701,0,0,0,0,0,0,0,0,0,0,0,0,0,0,0.09457,0.00629962,0.00629962,0.0432996
3,61.0961,1.6781,1.44629,1.15647,0,0,0,0,0,1.16624,0,0,0,0,0,0,0,0,0.33781,0.18651,0.19364,0.1003,1.71045,1.73805,1.17476,0,0,0,0,0,0,0,0,0,0,0,0,0,0,0.1003,0.00949768,0.00949768,0.0144977
4,97.6358,1.68684,1.41636,1.15198,0,0,0,0,0,1.08822,0,0,0,0,0,0,0,0,0.3776,0.12332,0.10618,0.04748,2.04327,2.86125,1.34301,0,0,0,0,0,0,0,0,0,0,0,0,0,0,0.04748,0.0099945,0.0099945,0.0099945
5,118.911,1.60436,1.31527,1.12196,0,0,0,0,0,1.02723,0,0,0,0,0,0,0,0,0.1829,0.28727,0.21045,0.10707,1.68737,2.11842,1.16978,0,0,0,0,0,0,0,0,0,0,0,0,0,0,0.10707,0.00999023,0.00999023,0.00999023
6,143.305,1.56639,1.28993,1.1024,0,0,0,0,0,1.00334,0,0,0,0,0,0,0,0,0.23791,0.20314,0.19533,0.10548,1.6122,2.08822,1.12408,0,0,0,0,0,0,0,0,0,0,0,0,0,0,0.10548,0.00998474,0.00998474,0.00998474
7,158.58,1.55015,1.25594,1.09609,0,0,0,0,0,0.98243,0,0,0,0,0,0,0,0,0.57537,0.25612,0.24878,0.13783,1.62973,1.62458,1.16044,0,0,0,0,0,0,0,0,0,0,0,0,0,0,0.13783,0.00997803,0.00997803,0.00997803
8,173.49,1.51189,1.1996,1.08877,0,0,0,0,0,0.94928,0,0,0,0,0,0,0,0,0.31138,0.27658,0.24729,0.14083,1.54822,1.50932,1.11198,0,0,0,0,0,0,0,0,0,0,0,0,0,0,0.14083,0.00997011,0.00997011,0.00997011
9,196.81,1.52064,1.18252,1.08866,0,0,0,0,0,0.95534,0,0,0,0,0,0,0,0,0.61976,0.24038,0.27191,0.14755,1.4939,1.8196,1.06152,0,0,0,0,0,0,0,0,0,0,0,0,0,0,0.14755,0.00996097,0.00996097,0.00996097
10,210.199,1.49792,1.14483,1.08203,0,0,0,0,0,0.93546,0,0,0,0,0,0,0,0,0.30669,0.37313,0.30526,0.17119,1.48762,1.40965,1.05028,0,0,0,0,0,0,0,0,0,0,0,0,0,0,0.17119,0.00995062,0.00995062,0.00995062
11,222.696,1.47946,1.12214,1.06935,0,0,0,0,0,0.92694,0,0,0,0,0,0,0,0,0.28826,0.38214,0.30946,0.16911,1.4873,1.41195,1.05644,0,0,0,0,0,0,0,0,0,0,0,0,0,0,0.16911,0.00993906,0.00993906,0.00993906
12,234.802,1.46467,1.11392,1.07004,0,0,0,0,0,0.91632,0,0,0,0,0,0,0,0,0.3413,0.3698,0.31745,0.18372,1.45718,1.15914,1.05031,0,0,0,0,0,0,0,0,0,0,0,0,0,0,0.18372,0.00992629,0.00992629,0.00992629
13,247.394,1.4766,1.08732,1.07307,0,0,0,0,0,0.91894,0,0,0,0,0,0,0,0,0.35813,0.3504,0.33117,0.19039,1.46073,1.16196,1.05079,0,0,0,0,0,0,0,0,0,0,0,0,0,0,0.19039,0.00991232,0.00991232,0.00991232
14,261.185,1.44531,1.08975,1.05923,0,0,0,0,0,0.90401,0,0,0,0,0,0,0,0,0.34072,0.28828,0.26765,0.14935,1.55371,1.28437,1.10521,0,0,0,0,0,0,0,0,0,0,0,0,0,0,0.14935,0.00989715,0.00989715,0.00989715
15,280.703,1.46162,1.07399,1.05876,0,0,0,0,0,0.89627,0,0,0,0,0,0,0,0,0.34429,0.35123,0.32661,0.18611,1.42935,1.83384,1.0319,0,0,0,0,0,0,0,0,0,0,0,0,0,0,0.18611,0.00988079,0.00988079,0.00988079
16,292.474,1.43307,1.04787,1.05626,0,0,0,0,0,0.90228,0,0,0,0,0,0,0,0,0.37654,0.35693,0.34234,0.19563,1.44033,1.17337,1.0381,0,0,0,0,0,0,0,0,0,0,0,0,0,0,0.19563,0.00986323,0.00986323,0.00986323
17,304.156,1.42012,1.04033,1.0432,0,0,0,0,0,0.8867,0,0,0,0,0,0,0,0,0.32327,0.4048,0.32475,0.17431,1.55702,1.09961,1.08351,0,0,0,0,0,0,0,0,0,0,0,0,0,0,0.17431,0.00984449,0.00984449,0.00984449
18,315.481,1.43629,1.03583,1.05515,0,0,0,0,0,0.89153,0,0,0,0,0,0,0,0,0.37226,0.39571,0.33383,0.1924,1.42884,1.11667,1.0281,0,0,0,0,0,0,0,0,0,0,0,0,0,0,0.1924,0.00982456,0.00982456,0.00982456
19,325.837,1.4058,1.01287,1.04585,0,0,0,0,0,0.87915,0,0,0,0,0,0,0,0,0.39133,0.4308,0.3678,0.2135,1.42945,1.02607,1.0305,0,0,0,0,0,0,0,0,0,0,0,0,0,0,0.2135,0.00980345,0.00980345,0.00980345
20,335.551,1.39944,0.99947,1.04012,0,0,0,0,0,0.86509,0,0,0,0,0,0,0,0,0.3656,0.4275,0.35877,0.21022,1.42001,1.05439,1.03415,0,0,0,0,0,0,0,0,0,0,0,0,0,0,0.21022,0.00978118,0.00978118,0.00978118
21,345.894,1.38446,0.98789,1.03454,0,0,0,0,0,0.86862,0,0,0,0,0,0,0,0,0.38929,0.41143,0.37079,0.21574,1.39184,1.00807,1.01823,0,0,0,0,0,0,0,0,0,0,0,0,0,0,0.21574,0.00975773,0.00975773,0.00975773
22,357.577,1.39914,0.98353,1.04006,0,0,0,0,0,0.87019,0,0,0,0,0,0,0,0,0.4428,0.4187,0.3707,0.20271,1.5528,1.06641,1.09532,0,0,0,0,0,0,0,0,0,0,0,0,0,0,0.20271,0.00973312,0.00973312,0.00973312
23,367.41,1.40847,0.99621,1.04653,0,0,0,0,0,0.87898,0,0,0,0,0,0,0,0,0.39551,0.38156,0.34474,0.20299,1.42109,1.06618,1.04123,0,0,0,0,0,0,0,0,0,0,0,0,0,0,0.20299,0.00970736,0.00970736,0.00970736
24,379.306,1.38161,0.96479,1.0388,0,0,0,0,0,0.86943,0,0,0,0,0,0,0,0,0.59112,0.28444,0.37761,0.22067,1.41207,1.25623,1.012,0,0,0,0,0,0,0,0,0,0,0,0,0,0,0.22067,0.00968045,0.00968045,0.00968045
25,389.631,1.39009,0.97052,1.03184,0,0,0,0,0,0.86304,0,0,0,0,0,0,0,0,0.42181,0.44582,0.37604,0.22036,1.38783,0.95365,1.0138,0,0,0,0,0,0,0,0,0,0,0,0,0,0,0.22036,0.00965239,0.00965239,0.00965239
26,403.231,1.38369,0.96864,1.03155,0,0,0,0,0,0.86695,0,0,0,0,0,0,0,0,0.42798,0.44647,0.40373,0.23956,1.34077,1.0055,0.99804,0,0,0,0,0,0,0,0,0,0,0,0,0,0,0.23956,0.0096232,0.0096232,0.0096232
27,422.95,1.38504,0.96239,1.034,0,0,0,0,0,0.85192,0,0,0,0,0,0,0,0,0.43033,0.43581,0.39984,0.23506,1.37175,1.10341,1.01244,0,0,0,0,0,0,0,0,0,0,0,0,0,0,0.23506,0.00959289,0.00959289,0.00959289
28,435.883,1.38088,0.95179,1.03461,0,0,0,0,0,0.85806,0,0,0,0,0,0,0,0,0.46626,0.4747,0.43014,0.25905,1.32249,0.92621,0.99994,0,0,0,0,0,0,0,0,0,0,0,0,0,0,0.25905,0.00956145,0.00956145,0.00956145
29,453.439,1.37637,0.94567,1.03327,0,0,0,0,0,0.85277,0,0,0,0,0,0,0,0,0.47179,0.43091,0.41192,0.24128,1.38332,0.97454,1.00358,0,0,0,0,0,0,0,0,0,0,0,0,0,0,0.24128,0.00952889,0.00952889,0.00952889
30,469.579,1.36578,0.9352,1.02723,0,0,0,0,0,0.84176,0,0,0,0,0,0,0,0,0.41877,0.46384,0.42926,0.25181,1.36663,0.92152,1.0081,0,0,0,0,0,0,0,0,0,0,0,0,0,0,0.25181,0.00949524,0.00949524,0.00949524
31,484.455,1.36911,0.93735,1.03371,0,0,0,0,0,0.84677,0,0,0,0,0,0,0,0,0.47124,0.45857,0.42287,0.2455,1.43229,0.95912,1.03964,0,0,0,0,0,0,0,0,0,0,0,0,0,0,0.2455,0.00946048,0.00946048,0.00946048
32,516.094,1.37891,0.94224,1.03521,0,0,0,0,0,0.85347,0,0,0,0,0,0,0,0,0.43786,0.4428,0.39824,0.23371,1.37575,1.04037,1.01265,0,0,0,0,0,0,0,0,0,0,0,0,0,0,0.23371,0.00942464,0.00942464,0.00942464
33,527.576,1.37328,0.9221,1.02336,0,0,0,0,0,0.83212,0,0,0,0,0,0,0,0,0.44024,0.47545,0.43416,0.26027,1.34668,0.91751,0.99486,0,0,0,0,0,0,0,0,0,0,0,0,0,0,0.26027,0.00938772,0.00938772,0.00938772
34,551.381,1.34912,0.92205,1.02126,0,0,0,0,0,0.8301,0,0,0,0,0,0,0,0,0.42196,0.48114,0.41465,0.24215,1.35982,0.94711,0.99955,0,0,0,0,0,0,0,0,0,0,0,0,0,0,0.24215,0.00934973,0.00934973,0.00934973
35,566.458,1.34191,0.90839,1.01644,0,0,0,0,0,0.83103,0,0,0,0,0,0,0,0,0.4256,0.46823,0.43768,0.2662,1.33275,0.94109,0.99386,0,0,0,0,0,0,0,0,0,0,0,0,0,0,0.2662,0.00931067,0.00931067,0.00931067
36,588.117,1.35563,0.9181,1.02336,0,0,0,0,0,0.83503,0,0,0,0,0,0,0,0,0.48783,0.45455,0.44624,0.26856,1.33077,0.9073,0.99483,0,0,0,0,0,0,0,0,0,0,0,0,0,0,0.26856,0.00927057,0.00927057,0.00927057
37,609.489,1.32939,0.89663,1.01587,0,0,0,0,0,0.83716,0,0,0,0,0,0,0,0,0.47938,0.46905,0.44551,0.26762,1.33009,1.00924,0.9998,0,0,0,0,0,0,0,0,0,0,0,0,0,0,0.26762,0.00922942,0.00922942,0.00922942
38,640.553,1.32784,0.9025,1.01751,0,0,0,0,0,0.83754,0,0,0,0,0,0,0,0,0.44247,0.46961,0.41059,0.24179,1.3164,0.92435,0.99224,0,0,0,0,0,0,0,0,0,0,0,0,0,0,0.24179,0.00918725,0.00918725,0.00918725
39,652.776,1.3294,0.8901,1.01032,0,0,0,0,0,0.82483,0,0,0,0,0,0,0,0,0.43681,0.4603,0.4332,0.25861,1.34663,0.91102,0.99743,0,0,0,0,0,0,0,0,0,0,0,0,0,0,0.25861,0.00914405,0.00914405,0.00914405
40,685.107,1.33814,0.89823,1.01258,0,0,0,0,0,0.83389,0,0,0,0,0,0,0,0,0.45139,0.45692,0.45003,0.26868,1.32426,1.02143,0.98936,0,0,0,0,0,0,0,0,0,0,0,0,0,0,0.26868,0.00909984,0.00909984,0.00909984
41,710.911,1.34617,0.89802,1.01654,0,0,0,0,0,0.82913,0,0,0,0,0,0,0,0,0.42722,0.46228,0.44814,0.26896,1.30841,0.98585,0.98498,0,0,0,0,0,0,0,0,0,0,0,0,0,0,0.26896,0.00905463,0.00905463,0.00905463
42,721.776,1.32915,0.88602,1.019,0,0,0,0,0,0.82597,0,0,0,0,0,0,0,0,0.50485,0.46127,0.4524,0.26916,1.36849,0.90985,1.00762,0,0,0,0,0,0,0,0,0,0,0,0,0,0,0.26916,0.00900844,0.00900844,0.00900844
43,742.289,1.31686,0.8748,1.01593,0,0,0,0,0,0.82119,0,0,0,0,0,0,0,0,0.50732,0.48323,0.45501,0.27591,1.31402,0.89554,0.99493,0,0,0,0,0,0,0,0,0,0,0,0,0,0,0.27591,0.00896127,0.00896127,0.00896127
44,755.621,1.32809,0.88496,1.01955,0,0,0,0,0,0.81859,0,0,0,0,0,0,0,0,0.50547,0.52161,0.4877,0.29521,1.31095,0.8726,0.98602,0,0,0,0,0,0,0,0,0,0,0,0,0,0,0.29521,0.00891313,0.00891313,0.00891313
45,771.435,1.30004,0.85586,1.01359,0,0,0,0,0,0.82026,0,0,0,0,0,0,0,0,0.50624,0.45792,0.43655,0.25972,1.3549,0.89865,1.00161,0,0,0,0,0,0,0,0,0,0,0,0,0,0,0.25972,0.00886404,0.00886404,0.00886404
46,789.885,1.32789,0.87449,1.01153,0,0,0,0,0,0.8186,0,0,0,0,0,0,0,0,0.48912,0.50066,0.47021,0.28022,1.32503,0.8704,0.98945,0,0,0,0,0,0,0,0,0,0,0,0,0,0,0.28022,0.00881401,0.00881401,0.00881401
47,802.998,1.31731,0.88314,1.008,0,0,0,0,0,0.82113,0,0,0,0,0,0,0,0,0.47774,0.51252,0.4698,0.27819,1.3535,0.8742,0.99198,0,0,0,0,0,0,0,0,0,0,0,0,0,0,0.27819,0.00876305,0.00876305,0.00876305
48,827.012,1.31088,0.85774,1.00402,0,0,0,0,0,0.7975,0,0,0,0,0,0,0,0,0.49421,0.47234,0.46848,0.28788,1.3123,0.87581,0.9906,0,0,0,0,0,0,0,0,0,0,0,0,0,0,0.28788,0.00871117,0.00871117,0.00871117
49,841.193,1.31044,0.855,1.00615,0,0,0,0,0,0.80916,0,0,0,0,0,0,0,0,0.4925,0.51669,0.47253,0.28682,1.30776,0.86936,0.98931,0,0,0,0,0,0,0,0,0,0,0,0,0,0,0.28682,0.00865839,0.00865839,0.00865839
50,853.718,1.30674,0.86057,1.0022,0,0,0,0,0,0.80844,0,0,0,0,0,0,0,0,0.51154,0.50406,0.48569,0.29816,1.31116,0.85479,0.98752,0,0,0,0,0,0,0,0,0,0,0,0,0,0,0.29816,0.00860473,0.00860473,0.00860473
51,867.912,1.30897,0.86013,1.00572,0,0,0,0,0,0.80817,0,0,0,0,0,0,0,0,0.48246,0.4747,0.4693,0.2905,1.31983,0.86628,0.98997,0,0,0,0,0,0,0,0,0,0,0,0,0,0,0.2905,0.00855018,0.00855018,0.00855018
52,879.866,1.28467,0.85968,1.00413,0,0,0,0,0,0.81408,0,0,0,0,0,0,0,0,0.47204,0.47018,0.45953,0.28186,1.30303,0.91326,0.98404,0,0,0,0,0,0,0,0,0,0,0,0,0,0,0.28186,0.00849477,0.00849477,0.00849477
53,904.399,1.30146,0.85041,1.00246,0,0,0,0,0,0.80377,0,0,0,0,0,0,0,0,0.48347,0.49509,0.46717,0.28579,1.28069,0.8792,0.97734,0,0,0,0,0,0,0,0,0,0,0,0,0,0,0.28579,0.00843851,0.00843851,0.00843851
54,924.971,1.3036,0.84953,1.00387,0,0,0,0,0,0.80147,0,0,0,0,0,0,0,0,0.45756,0.48496,0.44502,0.26124,1.35468,0.91747,0.99879,0,0,0,0,0,0,0,0,0,0,0,0,0,0,0.26124,0.00838141,0.00838141,0.00838141
55,937.002,1.30071,0.85103,1.00709,0,0,0,0,0,0.80642,0,0,0,0,0,0,0,0,0.54646,0.53888,0.51964,0.31581,1.31467,0.82726,0.9823,0,0,0,0,0,0,0,0,0,0,0,0,0,0,0.31581,0.00832349,0.00832349,0.00832349
56,954.211,1.29512,0.84639,1.00331,0,0,0,0,0,0.8073,0,0,0,0,0,0,0,0,0.51116,0.4925,0.47007,0.28223,1.33496,0.86296,0.99086,0,0,0,0,0,0,0,0,0,0,0,0,0,0,0.28223,0.00826477,0.00826477,0.00826477
57,965.459,1.29075,0.84585,0.99707,0,0,0,0,0,0.80584,0,0,0,0,0,0,0,0,0.56683,0.49939,0.5162,0.31464,1.27729,0.83973,0.97856,0,0,0,0,0,0,0,0,0,0,0,0,0,0,0.31464,0.00820525,0.00820525,0.00820525
58,978.676,1.27745,0.8265,0.99345,0,0,0,0,0,0.79601,0,0,0,0,0,0,0,0,0.50639,0.51032,0.50305,0.30807,1.32082,0.85171,0.98141,0,0,0,0,0,0,0,0,0,0,0,0,0,0,0.30807,0.00814495,0.00814495,0.00814495
59,993.554,1.27477,0.82557,1.00055,0,0,0,0,0,0.79128,0,0,0,0,0,0,0,0,0.49975,0.48677,0.47021,0.28719,1.29575,0.85192,0.98122,0,0,0,0,0,0,0,0,0,0,0,0,0,0,0.28719,0.00808389,0.00808389,0.00808389
60,1003.89,1.27591,0.82222,0.99786,0,0,0,0,0,0.79212,0,0,0,0,0,0,0,0,0.50648,0.51968,0.50018,0.30834,1.29359,0.84214,0.97979,0,0,0,0,0,0,0,0,0,0,0,0,0,0,0.30834,0.00802208,0.00802208,0.00802208
61,1020.74,1.26761,0.81831,0.99036,0,0,0,0,0,0.78835,0,0,0,0,0,0,0,0,0.50063,0.50342,0.47553,0.2956,1.28588,0.83547,0.97649,0,0,0,0,0,0,0,0,0,0,0,0,0,0,0.2956,0.00795954,0.00795954,0.00795954
62,1035.15,1.2697,0.81566,0.99057,0,0,0,0,0,0.79424,0,0,0,0,0,0,0,0,0.56061,0.53308,0.52819,0.32521,1.27759,0.82124,0.97641,0,0,0,0,0,0,0,0,0,0,0,0,0,0,0.32521,0.00789628,0.00789628,0.00789628
63,1049.29,1.27583,0.81983,0.99512,0,0,0,0,0,0.79137,0,0,0,0,0,0,0,0,0.51192,0.52146,0.51082,0.3095,1.29086,0.84782,0.98055,0,0,0,0,0,0,0,0,0,0,0,0,0,0,0.3095,0.00783231,0.00783231,0.00783231
64,1062.97,1.2802,0.81533,0.99781,0,0,0,0,0,0.79141,0,0,0,0,0,0,0,0,0.50427,0.51873,0.49622,0.30477,1.30759,0.84012,0.98623,0,0,0,0,0,0,0,0,0,0,0,0,0,0,0.30477,0.00776766,0.00776766,0.00776766
65,1075.49,1.25964,0.81534,0.99692,0,0,0,0,0,0.80602,0,0,0,0,0,0,0,0,0.53444,0.51703,0.50471,0.30508,1.28911,0.82865,0.97927,0,0,0,0,0,0,0,0,0,0,0,0,0,0,0.30508,0.00770234,0.00770234,0.00770234
66,1086.3,1.26548,0.80287,0.99057,0,0,0,0,0,0.78902,0,0,0,0,0,0,0,0,0.54274,0.53072,0.52215,0.31711,1.32574,0.82396,0.98648,0,0,0,0,0,0,0,0,0,0,0,0,0,0,0.31711,0.00763637,0.00763637,0.00763637
67,1105.5,1.26746,0.80972,0.99321,0,0,0,0,0,0.79258,0,0,0,0,0,0,0,0,0.5336,0.49848,0.49935,0.30147,1.2771,0.84807,0.98003,0,0,0,0,0,0,0,0,0,0,0,0,0,0,0.30147,0.00756976,0.00756976,0.00756976
68,1117.38,1.24652,0.80031,0.98795,0,0,0,0,0,0.7815,0,0,0,0,0,0,0,0,0.51674,0.49704,0.48522,0.29055,1.29713,0.84552,0.97916,0,0,0,0,0,0,0,0,0,0,0,0,0,0,0.29055,0.00750252,0.00750252,0.00750252
69,1128.51,1.2673,0.81304,0.98936,0,0,0,0,0,0.78848,0,0,0,0,0,0,0,0,0.55361,0.51749,0.51392,0.3192,1.2926,0.8221,0.98136,0,0,0,0,0,0,0,0,0,0,0,0,0,0,0.3192,0.00743468,0.00743468,0.00743468
70,1149.02,1.24936,0.79578,0.9853,0,0,0,0,0,0.78113,0,0,0,0,0,0,0,0,0.54707,0.52855,0.52375,0.32251,1.28508,0.81146,0.98008,0,0,0,0,0,0,0,0,0,0,0,0,0,0,0.32251,0.00736625,0.00736625,0.00736625
71,1159.68,1.26165,0.80559,0.99112,0,0,0,0,0,0.77962,0,0,0,0,0,0,0,0,0.55335,0.51065,0.51264,0.31703,1.26591,0.81919,0.97244,0,0,0,0,0,0,0,0,0,0,0,0,0,0,0.31703,0.00729725,0.00729725,0.00729725
72,1174.32,1.24658,0.79287,0.98733,0,0,0,0,0,0.77257,0,0,0,0,0,0,0,0,0.56349,0.50747,0.51422,0.31778,1.28652,0.81384,0.97507,0,0,0,0,0,0,0,0,0,0,0,0,0,0,0.31778,0.0072277,0.0072277,0.0072277
73,1188.49,1.24409,0.78718,0.9893,0,0,0,0,0,0.78018,0,0,0,0,0,0,0,0,0.57105,0.54574,0.54086,0.33116,1.25488,0.81678,0.97052,0,0,0,0,0,0,0,0,0,0,0,0,0,0,0.33116,0.00715761,0.00715761,0.00715761
74,1200.34,1.2564,0.78762,0.99617,0,0,0,0,0,0.78234,0,0,0,0,0,0,0,0,0.55189,0.52591,0.52891,0.32255,1.31409,0.84136,0.98176,0,0,0,0,0,0,0,0,0,0,0,0,0,0,0.32255,0.007087,0.007087,0.007087
75,1212.62,1.24867,0.7922,0.99137,0,0,0,0,0,0.77592,0,0,0,0,0,0,0,0,0.53909,0.53964,0.53531,0.32922,1.29154,0.80917,0.97468,0,0,0,0,0,0,0,0,0,0,0,0,0,0,0.32922,0.00701588,0.00701588,0.00701588
76,1225.14,1.24315,0.78801,0.98433,0,0,0,0,0,0.77843,0,0,0,0,0,0,0,0,0.56813,0.52208,0.52198,0.32164,1.27335,0.81047,0.97496,0,0,0,0,0,0,0,0,0,0,0,0,0,0,0.32164,0.00694428,0.00694428,0.00694428
77,1235.34,1.2396,0.77935,0.98538,0,0,0,0,0,0.77471,0,0,0,0,0,0,0,0,0.54588,0.50763,0.51813,0.32023,1.26486,0.81464,0.97247,0,0,0,0,0,0,0,0,0,0,0,0,0,0,0.32023,0.00687222,0.00687222,0.00687222
78,1249.25,1.22283,0.76951,0.98086,0,0,0,0,0,0.77143,0,0,0,0,0,0,0,0,0.55476,0.53645,0.53664,0.33339,1.24813,0.79376,0.96602,0,0,0,0,0,0,0,0,0,0,0,0,0,0,0.33339,0.0067997,0.0067997,0.0067997
79,1262.54,1.2273,0.77458,0.97797,0,0,0,0,0,0.76944,0,0,0,0,0,0,0,0,0.52142,0.55621,0.53346,0.32835,1.26561,0.79743,0.97601,0,0,0,0,0,0,0,0,0,0,0,0,0,0,0.32835,0.00672675,0.00672675,0.00672675
80,1274.91,1.22692,0.7683,0.98093,0,0,0,0,0,0.76447,0,0,0,0,0,0,0,0,0.55455,0.53551,0.53531,0.33176,1.26139,0.79481,0.97076,0,0,0,0,0,0,0,0,0,0,0,0,0,0,0.33176,0.00665339,0.00665339,0.00665339
81,1287.61,1.22462,0.76764,0.98141,0,0,0,0,0,0.77247,0,0,0,0,0,0,0,0,0.55348,0.51825,0.52161,0.32609,1.26182,0.82015,0.96978,0,0,0,0,0,0,0,0,0,0,0,0,0,0,0.32609,0.00657963,0.00657963,0.00657963
82,1300.55,1.22209,0.7644,0.98189,0,0,0,0,0,0.76825,0,0,0,0,0,0,0,0,0.57839,0.52911,0.53329,0.33048,1.251,0.81105,0.96688,0,0,0,0,0,0,0,0,0,0,0,0,0,0,0.33048,0.0065055,0.0065055,0.0065055
83,1312.13,1.22476,0.7683,0.98074,0,0,0,0,0,0.77487,0,0,0,0,0,0,0,0,0.56153,0.521,0.53025,0.3302,1.27958,0.80753,0.96964,0,0,0,0,0,0,0,0,0,0,0,0,0,0,0.3302,0.00643101,0.00643101,0.00643101
84,1324.79,1.20661,0.76527,0.97206,0,0,0,0,0,0.76582,0,0,0,0,0,0,0,0,0.60199,0.52991,0.54688,0.33972,1.2464,0.78589,0.96861,0,0,0,0,0,0,0,0,0,0,0,0,0,0,0.33972,0.00635617,0.00635617,0.00635617
85,1337.3,1.21651,0.7584,0.98378,0,0,0,0,0,0.77062,0,0,0,0,0,0,0,0,0.53845,0.5267,0.52056,0.32155,1.29006,0.82873,0.97589,0,0,0,0,0,0,0,0,0,0,0,0,0,0,0.32155,0.00628101,0.00628101,0.00628101
86,1349.08,1.21073,0.75748,0.97443,0,0,0,0,0,0.76653,0,0,0,0,0,0,0,0,0.55179,0.5397,0.52534,0.32671,1.26316,0.79473,0.96965,0,0,0,0,0,0,0,0,0,0,0,0,0,0,0.32671,0.00620555,0.00620555,0.00620555
87,1370.68,1.22091,0.76091,0.97868,0,0,0,0,0,0.7735,0,0,0,0,0,0,0,0,0.58201,0.54034,0.54449,0.33822,1.26533,0.7823,0.9729,0,0,0,0,0,0,0,0,0,0,0,0,0,0,0.33822,0.00612981,0.00612981,0.00612981
88,1381.79,1.20931,0.75577,0.97248,0,0,0,0,0,0.76811,0,0,0,0,0,0,0,0,0.58057,0.52863,0.53842,0.3314,1.28059,0.79272,0.97579,0,0,0,0,0,0,0,0,0,0,0,0,0,0,0.3314,0.0060538,0.0060538,0.0060538
89,1394.51,1.2203,0.76155,0.97361,0,0,0,0,0,0.77045,0,0,0,0,0,0,0,0,0.56695,0.53606,0.52666,0.32341,1.26563,0.82078,0.97039,0,0,0,0,0,0,0,0,0,0,0,0,0,0,0.32341,0.00597754,0.00597754,0.00597754
90,1408.79,1.20288,0.75346,0.97268,0,0,0,0,0,0.76885,0,0,0,0,0,0,0,0,0.5761,0.53066,0.54218,0.33759,1.25113,0.78701,0.96602,0,0,0,0,0,0,0,0,0,0,0,0,0,0,0.33759,0.00590105,0.00590105,0.00590105
91,1418.76,1.19114,0.74095,0.97482,0,0,0,0,0,0.77178,0,0,0,0,0,0,0,0,0.59647,0.53062,0.54043,0.33992,1.25574,0.78925,0.96996,0,0,0,0,0,0,0,0,0,0,0,0,0,0,0.33992,0.00582435,0.00582435,0.00582435
92,1437.74,1.21348,0.75167,0.96918,0,0,0,0,0,0.75991,0,0,0,0,0,0,0,0,0.56628,0.53555,0.53418,0.32161,1.30415,0.7989,0.97601,0,0,0,0,0,0,0,0,0,0,0,0,0,0,0.32161,0.00574746,0.00574746,0.00574746
93,1452.57,1.20976,0.7513,0.9741,0,0,0,0,0,0.76516,0,0,0,0,0,0,0,0,0.5855,0.54229,0.54973,0.34287,1.25081,0.77677,0.96723,0,0,0,0,0,0,0,0,0,0,0,0,0,0,0.34287,0.0056704,0.0056704,0.0056704
94,1465.35,1.20115,0.74308,0.97133,0,0,0,0,0,0.75967,0,0,0,0,0,0,0,0,0.55749,0.525,0.53358,0.33107,1.26197,0.84632,0.96595,0,0,0,0,0,0,0,0,0,0,0,0,0,0,0.33107,0.00559318,0.00559318,0.00559318
95,1477.25,1.20198,0.74386,0.97088,0,0,0,0,0,0.75587,0,0,0,0,0,0,0,0,0.59368,0.54646,0.55149,0.34568,1.23985,0.79022,0.96325,0,0,0,0,0,0,0,0,0,0,0,0,0,0,0.34568,0.00551584,0.00551584,0.00551584
96,1490.73,1.19334,0.73975,0.97245,0,0,0,0,0,0.76183,0,0,0,0,0,0,0,0,0.56626,0.53236,0.53089,0.33092,1.25716,0.78998,0.96774,0,0,0,0,0,0,0,0,0,0,0,0,0,0,0.33092,0.00543837,0.00543837,0.00543837
97,1501.6,1.19335,0.73182,0.97163,0,0,0,0,0,0.76916,0,0,0,0,0,0,0,0,0.58005,0.53782,0.54032,0.33886,1.26127,0.78843,0.96905,0,0,0,0,0,0,0,0,0,0,0,0,0,0,0.33886,0.00536081,0.00536081,0.00536081
98,1512.68,1.19569,0.73875,0.96837,0,0,0,0,0,0.76013,0,0,0,0,0,0,0,0,0.58069,0.55848,0.55906,0.34907,1.23864,0.76857,0.96237,0,0,0,0,0,0,0,0,0,0,0,0,0,0,0.34907,0.00528318,0.00528318,0.00528318
99,1523.76,1.1905,0.73667,0.96595,0,0,0,0,0,0.75822,0,0,0,0,0,0,0,0,0.58843,0.55964,0.55727,0.35337,1.23873,0.76502,0.96324,0,0,0,0,0,0,0,0,0,0,0,0,0,0,0.35337,0.00520548,0.00520548,0.00520548
100,1535.06,1.19783,0.73487,0.97173,0,0,0,0,0,0.76994,0,0,0,0,0,0,0,0,0.56009,0.56235,0.5463,0.34561,1.2344,0.77115,0.96236,0,0,0,0,0,0,0,0,0,0,0,0,0,0,0.34561,0.00512775,0.00512775,0.00512775
101,1550.35,1.18167,0.72888,0.96601,0,0,0,0,0,0.7495,0,0,0,0,0,0,0,0,0.57397,0.53427,0.53368,0.33728,1.26816,0.77978,0.96683,0,0,0,0,0,0,0,0,0,0,0,0,0,0,0.33728,0.00505,0.00505,0.00505
102,1561.11,1.1831,0.72704,0.96343,0,0,0,0,0,0.74675,0,0,0,0,0,0,0,0,0.58369,0.54015,0.54149,0.34291,1.23487,0.77557,0.96284,0,0,0,0,0,0,0,0,0,0,0,0,0,0,0.34291,0.00497225,0.00497225,0.00497225
103,1572.9,1.1787,0.72005,0.96951,0,0,0,0,0,0.74644,0,0,0,0,0,0,0,0,0.60259,0.5494,0.55192,0.34663,1.24192,0.7713,0.96547,0,0,0,0,0,0,0,0,0,0,0,0,0,0,0.34663,0.00489452,0.00489452,0.00489452
104,1587.89,1.17463,0.70956,0.9609,0,0,0,0,0,0.74962,0,0,0,0,0,0,0,0,0.57899,0.55681,0.54924,0.34191,1.23339,0.76694,0.96244,0,0,0,0,0,0,0,0,0,0,0,0,0,0,0.34191,0.00481682,0.00481682,0.00481682
105,1598.49,1.17163,0.71085,0.96206,0,0,0,0,0,0.74927,0,0,0,0,0,0,0,0,0.59307,0.56224,0.56581,0.35317,1.24337,0.76526,0.96431,0,0,0,0,0,0,0,0,0,0,0,0,0,0,0.35317,0.00473919,0.00473919,0.00473919
106,1609.99,1.16859,0.71161,0.96568,0,0,0,0,0,0.75028,0,0,0,0,0,0,0,0,0.5735,0.5519,0.54829,0.3433,1.24901,0.76828,0.96412,0,0,0,0,0,0,0,0,0,0,0,0,0,0,0.3433,0.00466163,0.00466163,0.00466163
107,1624.76,1.17093,0.71506,0.95693,0,0,0,0,0,0.74816,0,0,0,0,0,0,0,0,0.57764,0.54368,0.53765,0.33759,1.2413,0.7803,0.96302,0,0,0,0,0,0,0,0,0,0,0,0,0,0,0.33759,0.00458416,0.00458416,0.00458416
108,1635.61,1.16228,0.70394,0.95883,0,0,0,0,0,0.74649,0,0,0,0,0,0,0,0,0.61961,0.52334,0.54964,0.34394,1.24855,0.78129,0.96426,0,0,0,0,0,0,0,0,0,0,0,0,0,0,0.34394,0.00450682,0.00450682,0.00450682
109,1647.48,1.15122,0.69836,0.95344,0,0,0,0,0,0.74585,0,0,0,0,0,0,0,0,0.59732,0.55834,0.55914,0.34571,1.25241,0.76551,0.96483,0,0,0,0,0,0,0,0,0,0,0,0,0,0,0.34571,0.0044296,0.0044296,0.0044296
110,1658.57,1.1605,0.70836,0.95898,0,0,0,0,0,0.7418,0,0,0,0,0,0,0,0,0.60593,0.55644,0.56905,0.35092,1.25796,0.76926,0.96768,0,0,0,0,0,0,0,0,0,0,0,0,0,0,0.35092,0.00435254,0.00435254,0.00435254
111,1668.64,1.14916,0.69843,0.95184,0,0,0,0,0,0.74049,0,0,0,0,0,0,0,0,0.57125,0.56555,0.55433,0.34593,1.24125,0.76444,0.96317,0,0,0,0,0,0,0,0,0,0,0,0,0,0,0.34593,0.00427565,0.00427565,0.00427565
112,1680.65,1.15174,0.70068,0.9561,0,0,0,0,0,0.7437,0,0,0,0,0,0,0,0,0.58878,0.55324,0.55963,0.35041,1.2393,0.76338,0.96298,0,0,0,0,0,0,0,0,0,0,0,0,0,0,0.35041,0.00419895,0.00419895,0.00419895
113,1692.44,1.15222,0.70284,0.95717,0,0,0,0,0,0.74588,0,0,0,0,0,0,0,0,0.59714,0.53987,0.55182,0.34264,1.25619,0.76402,0.96377,0,0,0,0,0,0,0,0,0,0,0,0,0,0,0.34264,0.00412246,0.00412246,0.00412246
114,1703.47,1.15735,0.69763,0.95475,0,0,0,0,0,0.74131,0,0,0,0,0,0,0,0,0.59699,0.54047,0.55246,0.34734,1.25064,0.76804,0.96272,0,0,0,0,0,0,0,0,0,0,0,0,0,0,0.34734,0.0040462,0.0040462,0.0040462
115,1716.17,1.16139,0.70391,0.96056,0,0,0,0,0,0.74105,0,0,0,0,0,0,0,0,0.57228,0.57718,0.55692,0.3493,1.23088,0.75804,0.95949,0,0,0,0,0,0,0,0,0,0,0,0,0,0,0.3493,0.00397019,0.00397019,0.00397019
116,1727.03,1.15113,0.69595,0.95492,0,0,0,0,0,0.73424,0,0,0,0,0,0,0,0,0.58579,0.5619,0.54915,0.34746,1.24148,0.76108,0.96234,0,0,0,0,0,0,0,0,0,0,0,0,0,0,0.34746,0.00389445,0.00389445,0.00389445
117,1738.5,1.14612,0.69848,0.95872,0,0,0,0,0,0.73643,0,0,0,0,0,0,0,0,0.60652,0.55423,0.56189,0.35245,1.2432,0.75998,0.9644,0,0,0,0,0,0,0,0,0,0,0,0,0,0,0.35245,0.00381899,0.00381899,0.00381899
118,1752.41,1.14032,0.69153,0.95178,0,0,0,0,0,0.74355,0,0,0,0,0,0,0,0,0.60113,0.56941,0.5679,0.35954,1.24045,0.75568,0.96182,0,0,0,0,0,0,0,0,0,0,0,0,0,0,0.35954,0.00374383,0.00374383,0.00374383
119,1763.62,1.14991,0.6892,0.95567,0,0,0,0,0,0.73621,0,0,0,0,0,0,0,0,0.60592,0.55529,0.55919,0.35284,1.24203,0.76549,0.962,0,0,0,0,0,0,0,0,0,0,0,0,0,0,0.35284,0.00366899,0.00366899,0.00366899
120,1774.81,1.13559,0.6745,0.95205,0,0,0,0,0,0.73492,0,0,0,0,0,0,0,0,0.59792,0.5493,0.54814,0.34271,1.23562,0.76521,0.962,0,0,0,0,0,0,0,0,0,0,0,0,0,0,0.34271,0.0035945,0.0035945,0.0035945
121,1787.07,1.12381,0.67393,0.95273,0,0,0,0,0,0.73324,0,0,0,0,0,0,0,0,0.59702,0.54998,0.55412,0.34944,1.23341,0.75878,0.96129,0,0,0,0,0,0,0,0,0,0,0,0,0,0,0.34944,0.00352037,0.00352037,0.00352037
122,1798.03,1.12441,0.67718,0.94841,0,0,0,0,0,0.73552,0,0,0,0,0,0,0,0,0.57982,0.5484,0.54864,0.34499,1.2365,0.76777,0.9623,0,0,0,0,0,0,0,0,0,0,0,0,0,0,0.34499,0.00344661,0.00344661,0.00344661
123,1808.47,1.13666,0.6886,0.95778,0,0,0,0,0,0.73741,0,0,0,0,0,0,0,0,0.60224,0.55341,0.55296,0.35169,1.2341,0.75455,0.96148,0,0,0,0,0,0,0,0,0,0,0,0,0,0,0.35169,0.00337325,0.00337325,0.00337325
124,1820.94,1.13712,0.67801,0.9575,0,0,0,0,0,0.7393,0,0,0,0,0,0,0,0,0.60262,0.5645,0.56649,0.35762,1.23321,0.74583,0.96037,0,0,0,0,0,0,0,0,0,0,0,0,0,0,0.35762,0.0033003,0.0033003,0.0033003
125,1831.61,1.14166,0.68084,0.95642,0,0,0,0,0,0.74243,0,0,0,0,0,0,0,0,0.61574,0.54917,0.55602,0.35026,1.22782,0.75928,0.96127,0,0,0,0,0,0,0,0,0,0,0,0,0,0,0.35026,0.00322778,0.00322778,0.00322778
126,1842.13,1.12616,0.67641,0.94712,0,0,0,0,0,0.73399,0,0,0,0,0,0,0,0,0.61577,0.55626,0.56296,0.35489,1.23769,0.75387,0.96206,0,0,0,0,0,0,0,0,0,0,0,0,0,0,0.35489,0.00315572,0.00315572,0.00315572
127,1855.6,1.12828,0.67643,0.95153,0,0,0,0,0,0.73824,0,0,0,0,0,0,0,0,0.60056,0.56599,0.56628,0.35847,1.22543,0.75378,0.95841,0,0,0,0,0,0,0,0,0,0,0,0,0,0,0.35847,0.00308412,0.00308412,0.00308412
128,1865.71,1.114,0.66825,0.94489,0,0,0,0,0,0.73203,0,0,0,0,0,0,0,0,0.60272,0.57112,0.56515,0.35964,1.23029,0.75439,0.95998,0,0,0,0,0,0,0,0,0,0,0,0,0,0,0.35964,0.003013,0.003013,0.003013
129,1876.78,1.11308,0.66511,0.94141,0,0,0,0,0,0.72854,0,0,0,0,0,0,0,0,0.60992,0.57305,0.56684,0.35887,1.22806,0.74916,0.95829,0,0,0,0,0,0,0,0,0,0,0,0,0,0,0.35887,0.00294239,0.00294239,0.00294239
130,1891.88,1.12118,0.66766,0.94368,0,0,0,0,0,0.72671,0,0,0,0,0,0,0,0,0.60611,0.5621,0.55575,0.35175,1.22108,0.75447,0.95853,0,0,0,0,0,0,0,0,0,0,0,0,0,0,0.35175,0.0028723,0.0028723,0.0028723
131,1902.79,1.12196,0.66841,0.94514,0,0,0,0,0,0.72893,0,0,0,0,0,0,0,0,0.60026,0.56227,0.55889,0.35157,1.22937,0.75649,0.96016,0,0,0,0,0,0,0,0,0,0,0,0,0,0,0.35157,0.00280275,0.00280275,0.00280275
132,1915.68,1.1106,0.66168,0.94338,0,0,0,0,0,0.72064,0,0,0,0,0,0,0,0,0.60859,0.55363,0.55798,0.35193,1.23208,0.75701,0.96094,0,0,0,0,0,0,0,0,0,0,0,0,0,0,0.35193,0.00273375,0.00273375,0.00273375
133,1927.61,1.11601,0.66853,0.94189,0,0,0,0,0,0.72999,0,0,0,0,0,0,0,0,0.61859,0.55513,0.56708,0.3597,1.23182,0.75286,0.9584,0,0,0,0,0,0,0,0,0,0,0,0,0,0,0.3597,0.00266532,0.00266532,0.00266532
134,1938.22,1.12656,0.67059,0.94771,0,0,0,0,0,0.732,0,0,0,0,0,0,0,0,0.62186,0.55896,0.57127,0.36201,1.22632,0.74825,0.95767,0,0,0,0,0,0,0,0,0,0,0,0,0,0,0.36201,0.00259748,0.00259748,0.00259748
135,1949.56,1.10002,0.65001,0.94193,0,0,0,0,0,0.7216,0,0,0,0,0,0,0,0,0.61186,0.56271,0.57309,0.36172,1.24713,0.75897,0.96289,0,0,0,0,0,0,0,0,0,0,0,0,0,0,0.36172,0.00253024,0.00253024,0.00253024
136,1960.78,1.10193,0.65632,0.93766,0,0,0,0,0,0.72523,0,0,0,0,0,0,0,0,0.6195,0.56359,0.56752,0.3569,1.2302,0.74864,0.96035,0,0,0,0,0,0,0,0,0,0,0,0,0,0,0.3569,0.00246363,0.00246363,0.00246363
137,1971.36,1.10356,0.65384,0.94113,0,0,0,0,0,0.72659,0,0,0,0,0,0,0,0,0.59402,0.56833,0.56052,0.35521,1.21829,0.74773,0.95752,0,0,0,0,0,0,0,0,0,0,0,0,0,0,0.35521,0.00239766,0.00239766,0.00239766
138,1987.11,1.1037,0.65666,0.93908,0,0,0,0,0,0.72059,0,0,0,0,0,0,0,0,0.61669,0.56658,0.56518,0.35528,1.23669,0.74522,0.95941,0,0,0,0,0,0,0,0,0,0,0,0,0,0,0.35528,0.00233234,0.00233234,0.00233234
139,1997.49,1.09306,0.65029,0.94044,0,0,0,0,0,0.72202,0,0,0,0,0,0,0,0,0.613,0.56635,0.56676,0.35702,1.22706,0.75103,0.95934,0,0,0,0,0,0,0,0,0,0,0,0,0,0,0.35702,0.00226769,0.00226769,0.00226769
140,2008.64,1.0905,0.64743,0.93653,0,0,0,0,0,0.71771,0,0,0,0,0,0,0,0,0.5986,0.57933,0.56993,0.35964,1.22777,0.7468,0.95907,0,0,0,0,0,0,0,0,0,0,0,0,0,0,0.35964,0.00220372,0.00220372,0.00220372
141,2019.99,1.07798,0.63888,0.93157,0,0,0,0,0,0.71634,0,0,0,0,0,0,0,0,0.60826,0.57612,0.57309,0.35987,1.2292,0.75048,0.95992,0,0,0,0,0,0,0,0,0,0,0,0,0,0,0.35987,0.00214046,0.00214046,0.00214046
142,2029.84,1.0815,0.63424,0.9348,0,0,0,0,0,0.71665,0,0,0,0,0,0,0,0,0.61052,0.55143,0.56179,0.35501,1.23998,0.75363,0.96222,0,0,0,0,0,0,0,0,0,0,0,0,0,0,0.35501,0.00207792,0.00207792,0.00207792
143,2040.78,1.08418,0.642,0.93815,0,0,0,0,0,0.72252,0,0,0,0,0,0,0,0,0.60881,0.5682,0.56767,0.36127,1.22341,0.74363,0.95914,0,0,0,0,0,0,0,0,0,0,0,0,0,0,0.36127,0.00201611,0.00201611,0.00201611
144,2055.37,1.10002,0.65093,0.93925,0,0,0,0,0,0.71738,0,0,0,0,0,0,0,0,0.60534,0.57007,0.56551,0.35638,1.2261,0.74497,0.95847,0,0,0,0,0,0,0,0,0,0,0,0,0,0,0.35638,0.00195505,0.00195505,0.00195505
145,2065.41,1.07823,0.63808,0.93085,0,0,0,0,0,0.72431,0,0,0,0,0,0,0,0,0.62403,0.55982,0.5676,0.35761,1.22998,0.74851,0.95922,0,0,0,0,0,0,0,0,0,0,0,0,0,0,0.35761,0.00189475,0.00189475,0.00189475
146,2076.37,1.07578,0.63905,0.93101,0,0,0,0,0,0.72211,0,0,0,0,0,0,0,0,0.61904,0.55653,0.56798,0.35903,1.22725,0.74571,0.95947,0,0,0,0,0,0,0,0,0,0,0,0,0,0,0.35903,0.00183523,0.00183523,0.00183523
147,2086.62,1.07415,0.63244,0.93391,0,0,0,0,0,0.71932,0,0,0,0,0,0,0,0,0.60638,0.56901,0.56723,0.35921,1.22352,0.74602,0.95762,0,0,0,0,0,0,0,0,0,0,0,0,0,0,0.35921,0.00177651,0.00177651,0.00177651
148,2097.04,1.07342,0.63093,0.92759,0,0,0,0,0,0.71541,0,0,0,0,0,0,0,0,0.61589,0.56452,0.57212,0.35976,1.22046,0.74396,0.95836,0,0,0,0,0,0,0,0,0,0,0,0,0,0,0.35976,0.00171859,0.00171859,0.00171859
149,2110.78,1.07635,0.63681,0.93437,0,0,0,0,0,0.71787,0,0,0,0,0,0,0,0,0.62341,0.55593,0.56962,0.36034,1.22887,0.74878,0.96052,0,0,0,0,0,0,0,0,0,0,0,0,0,0,0.36034,0.00166149,0.00166149,0.00166149
150,2121.42,1.09365,0.65036,0.94164,0,0,0,0,0,0.72726,0,0,0,0,0,0,0,0,0.6178,0.55349,0.5652,0.35839,1.2329,0.75068,0.9605,0,0,0,0,0,0,0,0,0,0,0,0,0,0,0.35839,0.00160523,0.00160523,0.00160523
151,2133.21,1.07037,0.63326,0.93584,0,0,0,0,0,0.72361,0,0,0,0,0,0,0,0,0.62656,0.55421,0.57128,0.36213,1.22989,0.74285,0.95959,0,0,0,0,0,0,0,0,0,0,0,0,0,0,0.36213,0.00154982,0.00154982,0.00154982
152,2146.15,1.06766,0.62653,0.92955,0,0,0,0,0,0.71658,0,0,0,0,0,0,0,0,0.5992,0.56446,0.56238,0.35739,1.23599,0.74756,0.96289,0,0,0,0,0,0,0,0,0,0,0,0,0,0,0.35739,0.00149527,0.00149527,0.00149527
153,2156.11,1.07349,0.63151,0.93401,0,0,0,0,0,0.72309,0,0,0,0,0,0,0,0,0.60873,0.56706,0.56434,0.35707,1.22882,0.74573,0.9601,0,0,0,0,0,0,0,0,0,0,0,0,0,0,0.35707,0.00144161,0.00144161,0.00144161
154,2166.42,1.06608,0.62538,0.92773,0,0,0,0,0,0.71672,0,0,0,0,0,0,0,0,0.62479,0.56274,0.57359,0.36116,1.22907,0.74471,0.96002,0,0,0,0,0,0,0,0,0,0,0,0,0,0,0.36116,0.00138883,0.00138883,0.00138883
155,2178.32,1.05187,0.61416,0.92656,0,0,0,0,0,0.70822,0,0,0,0,0,0,0,0,0.61358,0.57459,0.57003,0.35959,1.22686,0.745,0.96013,0,0,0,0,0,0,0,0,0,0,0,0,0,0,0.35959,0.00133695,0.00133695,0.00133695
156,2187.96,1.05458,0.61913,0.92602,0,0,0,0,0,0.70809,0,0,0,0,0,0,0,0,0.61541,0.56205,0.56518,0.35666,1.2269,0.74641,0.96122,0,0,0,0,0,0,0,0,0,0,0,0,0,0,0.35666,0.00128599,0.00128599,0.00128599
157,2198.69,1.05845,0.61948,0.92749,0,0,0,0,0,0.71161,0,0,0,0,0,0,0,0,0.6128,0.56483,0.57226,0.36121,1.22932,0.74159,0.96082,0,0,0,0,0,0,0,0,0,0,0,0,0,0,0.36121,0.00123596,0.00123596,0.00123596
158,2211.93,1.05944,0.62157,0.93244,0,0,0,0,0,0.71415,0,0,0,0,0,0,0,0,0.61512,0.56393,0.56936,0.3602,1.2252,0.73949,0.9594,0,0,0,0,0,0,0,0,0,0,0,0,0,0,0.3602,0.00118687,0.00118687,0.00118687
159,2221.78,1.07646,0.63331,0.92766,0,0,0,0,0,0.72423,0,0,0,0,0,0,0,0,0.6198,0.56353,0.56968,0.3595,1.22904,0.74116,0.9599,0,0,0,0,0,0,0,0,0,0,0,0,0,0,0.3595,0.00113873,0.00113873,0.00113873
160,2233.2,1.06871,0.62612,0.93085,0,0,0,0,0,0.71814,0,0,0,0,0,0,0,0,0.61552,0.56979,0.57089,0.35958,1.22996,0.74076,0.96041,0,0,0,0,0,0,0,0,0,0,0,0,0,0,0.35958,0.00109156,0.00109156,0.00109156
161,2244.4,1.05755,0.62077,0.92612,0,0,0,0,0,0.71539,0,0,0,0,0,0,0,0,0.61138,0.55664,0.56388,0.3565,1.23149,0.74923,0.96092,0,0,0,0,0,0,0,0,0,0,0,0,0,0,0.3565,0.00104537,0.00104537,0.00104537
162,2254.11,1.05537,0.61483,0.92704,0,0,0,0,0,0.70447,0,0,0,0,0,0,0,0,0.61984,0.55785,0.56829,0.35978,1.23231,0.74595,0.96143,0,0,0,0,0,0,0,0,0,0,0,0,0,0,0.35978,0.00100016,0.00100016,0.00100016
163,2266.82,1.06255,0.62287,0.93169,0,0,0,0,0,0.71855,0,0,0,0,0,0,0,0,0.60571,0.56882,0.56757,0.35917,1.23116,0.74578,0.96098,0,0,0,0,0,0,0,0,0,0,0,0,0,0,0.35917,0.000955951,0.000955951,0.000955951
164,2277,1.04096,0.60604,0.92281,0,0,0,0,0,0.70434,0,0,0,0,0,0,0,0,0.60405,0.56157,0.56264,0.35588,1.23111,0.74748,0.96129,0,0,0,0,0,0,0,0,0,0,0,0,0,0,0.35588,0.000912754,0.000912754,0.000912754
165,2287.22,1.0406,0.60568,0.92235,0,0,0,0,0,0.70918,0,0,0,0,0,0,0,0,0.59799,0.56229,0.56529,0.35811,1.22726,0.74382,0.96025,0,0,0,0,0,0,0,0,0,0,0,0,0,0,0.35811,0.000870577,0.000870577,0.000870577
166,2299.49,1.04624,0.61293,0.92666,0,0,0,0,0,0.70924,0,0,0,0,0,0,0,0,0.61576,0.56246,0.56739,0.36016,1.22678,0.74158,0.95992,0,0,0,0,0,0,0,0,0,0,0,0,0,0,0.36016,0.000829431,0.000829431,0.000829431
167,2309.46,1.04459,0.61693,0.92126,0,0,0,0,0,0.71242,0,0,0,0,0,0,0,0,0.61563,0.5645,0.56664,0.35911,1.22896,0.74446,0.96036,0,0,0,0,0,0,0,0,0,0,0,0,0,0,0.35911,0.000789327,0.000789327,0.000789327
168,2320.63,1.0442,0.61393,0.92796,0,0,0,0,0,0.71137,0,0,0,0,0,0,0,0,0.60904,0.56783,0.56858,0.36016,1.22848,0.74382,0.96111,0,0,0,0,0,0,0,0,0,0,0,0,0,0,0.36016,0.000750274,0.000750274,0.000750274
169,2333.49,1.03539,0.60725,0.92139,0,0,0,0,0,0.71402,0,0,0,0,0,0,0,0,0.63093,0.55254,0.5698,0.36067,1.22853,0.74325,0.96081,0,0,0,0,0,0,0,0,0,0,0,0,0,0,0.36067,0.000712282,0.000712282,0.000712282
170,2343.1,1.04092,0.60936,0.92646,0,0,0,0,0,0.70582,0,0,0,0,0,0,0,0,0.61896,0.56438,0.56891,0.36114,1.22885,0.74443,0.96108,0,0,0,0,0,0,0,0,0,0,0,0,0,0,0.36114,0.00067536,0.00067536,0.00067536
171,2353.56,1.03772,0.60358,0.91711,0,0,0,0,0,0.70031,0,0,0,0,0,0,0,0,0.63297,0.55856,0.56942,0.36135,1.23159,0.74152,0.96187,0,0,0,0,0,0,0,0,0,0,0,0,0,0,0.36135,0.000639518,0.000639518,0.000639518
172,2365.19,1.04871,0.61474,0.93154,0,0,0,0,0,0.71373,0,0,0,0,0,0,0,0,0.61491,0.5629,0.56807,0.36079,1.23059,0.74359,0.9613,0,0,0,0,0,0,0,0,0,0,0,0,0,0,0.36079,0.000604763,0.000604763,0.000604763
173,2375.15,1.03252,0.60253,0.92137,0,0,0,0,0,0.70447,0,0,0,0,0,0,0,0,0.61246,0.56298,0.56764,0.36122,1.22901,0.74211,0.96053,0,0,0,0,0,0,0,0,0,0,0,0,0,0,0.36122,0.000571106,0.000571106,0.000571106
174,2385.86,1.04592,0.60798,0.92319,0,0,0,0,0,0.70526,0,0,0,0,0,0,0,0,0.60747,0.57269,0.56755,0.36047,1.22996,0.74217,0.96099,0,0,0,0,0,0,0,0,0,0,0,0,0,0,0.36047,0.000538554,0.000538554,0.000538554
175,2397.22,1.03192,0.60291,0.91955,0,0,0,0,0,0.70955,0,0,0,0,0,0,0,0,0.61711,0.56894,0.56791,0.36049,1.23032,0.74359,0.96087,0,0,0,0,0,0,0,0,0,0,0,0,0,0,0.36049,0.000507115,0.000507115,0.000507115
176,2407.09,1.0316,0.60163,0.92234,0,0,0,0,0,0.71551,0,0,0,0,0,0,0,0,0.62239,0.56372,0.56468,0.35823,1.2301,0.74431,0.96112,0,0,0,0,0,0,0,0,0,0,0,0,0,0,0.35823,0.000476796,0.000476796,0.000476796
177,2417.57,1.04492,0.61058,0.92206,0,0,0,0,0,0.70941,0,0,0,0,0,0,0,0,0.6231,0.55955,0.56562,0.35906,1.23231,0.74503,0.96218,0,0,0,0,0,0,0,0,0,0,0,0,0,0,0.35906,0.000447606,0.000447606,0.000447606
178,2427.69,1.04093,0.60492,0.92089,0,0,0,0,0,0.71148,0,0,0,0,0,0,0,0,0.60899,0.56654,0.56559,0.3594,1.23039,0.74389,0.96142,0,0,0,0,0,0,0,0,0,0,0,0,0,0,0.3594,0.000419552,0.000419552,0.000419552
179,2437.57,1.01632,0.58854,0.91422,0,0,0,0,0,0.70023,0,0,0,0,0,0,0,0,0.61,0.57076,0.56633,0.36054,1.22913,0.74454,0.96142,0,0,0,0,0,0,0,0,0,0,0,0,0,0,0.36054,0.00039264,0.00039264,0.00039264
180,2448.37,1.03376,0.60028,0.92221,0,0,0,0,0,0.70891,0,0,0,0,0,0,0,0,0.61877,0.56303,0.56638,0.35967,1.23208,0.74345,0.9613,0,0,0,0,0,0,0,0,0,0,0,0,0,0,0.35967,0.000366877,0.000366877,0.000366877
181,2457.98,1.03285,0.60275,0.9205,0,0,0,0,0,0.70069,0,0,0,0,0,0,0,0,0.6087,0.57355,0.56762,0.36075,1.23062,0.74261,0.96177,0,0,0,0,0,0,0,0,0,0,0,0,0,0,0.36075,0.00034227,0.00034227,0.00034227
182,2469.16,1.0192,0.59122,0.91951,0,0,0,0,0,0.70412,0,0,0,0,0,0,0,0,0.61139,0.56829,0.5686,0.36163,1.23017,0.74241,0.96159,0,0,0,0,0,0,0,0,0,0,0,0,0,0,0.36163,0.000318825,0.000318825,0.000318825
183,2481.45,1.03557,0.60092,0.92031,0,0,0,0,0,0.70649,0,0,0,0,0,0,0,0,0.59392,0.58123,0.56813,0.36163,1.23045,0.74312,0.96142,0,0,0,0,0,0,0,0,0,0,0,0,0,0,0.36163,0.000296546,0.000296546,0.000296546
184,2491.36,1.03282,0.60252,0.92043,0,0,0,0,0,0.71399,0,0,0,0,0,0,0,0,0.60629,0.57582,0.56976,0.36215,1.23,0.74164,0.961,0,0,0,0,0,0,0,0,0,0,0,0,0,0,0.36215,0.000275441,0.000275441,0.000275441
185,2501.79,1.03194,0.60307,0.92271,0,0,0,0,0,0.7098,0,0,0,0,0,0,0,0,0.61739,0.56383,0.56677,0.36014,1.23112,0.74316,0.96172,0,0,0,0,0,0,0,0,0,0,0,0,0,0,0.36014,0.000255513,0.000255513,0.000255513
186,2512.84,1.02865,0.5969,0.91978,0,0,0,0,0,0.70719,0,0,0,0,0,0,0,0,0.61124,0.57125,0.56488,0.35902,1.23223,0.74432,0.96202,0,0,0,0,0,0,0,0,0,0,0,0,0,0,0.35902,0.000236769,0.000236769,0.000236769
187,2522.55,1.04463,0.60779,0.91954,0,0,0,0,0,0.71181,0,0,0,0,0,0,0,0,0.61174,0.57059,0.56469,0.35894,1.23137,0.74471,0.96225,0,0,0,0,0,0,0,0,0,0,0,0,0,0,0.35894,0.000219212,0.000219212,0.000219212
188,2533.05,1.02909,0.605,0.92377,0,0,0,0,0,0.70682,0,0,0,0,0,0,0,0,0.61763,0.56296,0.56447,0.35872,1.23233,0.74536,0.96225,0,0,0,0,0,0,0,0,0,0,0,0,0,0,0.35872,0.000202847,0.000202847,0.000202847
189,2544.72,1.03598,0.60178,0.92011,0,0,0,0,0,0.69969,0,0,0,0,0,0,0,0,0.6165,0.56441,0.56432,0.35869,1.23292,0.74524,0.96221,0,0,0,0,0,0,0,0,0,0,0,0,0,0,0.35869,0.000187678,0.000187678,0.000187678
190,2554.73,1.02466,0.59737,0.91885,0,0,0,0,0,0.71119,0,0,0,0,0,0,0,0,0.61881,0.56351,0.56578,0.3598,1.23037,0.74524,0.96169,0,0,0,0,0,0,0,0,0,0,0,0,0,0,0.3598,0.000173709,0.000173709,0.000173709
191,2564.99,1.02118,0.59641,0.91326,0,0,0,0,0,0.6993,0,0,0,0,0,0,0,0,0.61309,0.56995,0.5666,0.35993,1.23025,0.74403,0.96142,0,0,0,0,0,0,0,0,0,0,0,0,0,0,0.35993,0.000160943,0.000160943,0.000160943
192,2575.27,1.04509,0.61226,0.92155,0,0,0,0,0,0.712,0,0,0,0,0,0,0,0,0.61727,0.56487,0.56642,0.35983,1.23124,0.74416,0.96194,0,0,0,0,0,0,0,0,0,0,0,0,0,0,0.35983,0.000149383,0.000149383,0.000149383
193,2584.96,1.02065,0.592,0.91755,0,0,0,0,0,0.70725,0,0,0,0,0,0,0,0,0.62353,0.55792,0.56633,0.35956,1.23015,0.74378,0.96173,0,0,0,0,0,0,0,0,0,0,0,0,0,0,0.35956,0.000139032,0.000139032,0.000139032
194,2595.95,1.01858,0.59422,0.91625,0,0,0,0,0,0.7062,0,0,0,0,0,0,0,0,0.6232,0.56157,0.56731,0.36011,1.23023,0.74339,0.96165,0,0,0,0,0,0,0,0,0,0,0,0,0,0,0.36011,0.000129893,0.000129893,0.000129893
195,2606.02,1.02246,0.60206,0.91672,0,0,0,0,0,0.69812,0,0,0,0,0,0,0,0,0.61962,0.56331,0.5676,0.36003,1.23064,0.74293,0.96199,0,0,0,0,0,0,0,0,0,0,0,0,0,0,0.36003,0.000121968,0.000121968,0.000121968
196,2616.23,1.01409,0.59167,0.91667,0,0,0,0,0,0.705,0,0,0,0,0,0,0,0,0.61993,0.56552,0.56736,0.35968,1.23121,0.74218,0.96215,0,0,0,0,0,0,0,0,0,0,0,0,0,0,0.35968,0.000115259,0.000115259,0.000115259
197,2628.3,1.02056,0.59353,0.91623,0,0,0,0,0,0.69732,0,0,0,0,0,0,0,0,0.61694,0.56815,0.56715,0.35917,1.23265,0.74331,0.96245,0,0,0,0,0,0,0,0,0,0,0,0,0,0,0.35917,0.000109768,0.000109768,0.000109768
198,2638.72,1.03193,0.60143,0.91641,0,0,0,0,0,0.69923,0,0,0,0,0,0,0,0,0.61948,0.5667,0.56727,0.35876,1.23218,0.74376,0.96235,0,0,0,0,0,0,0,0,0,0,0,0,0,0,0.35876,0.000105495,0.000105495,0.000105495
199,2650.16,1.01991,0.59671,0.91941,0,0,0,0,0,0.7016,0,0,0,0,0,0,0,0,0.61853,0.56763,0.56757,0.35946,1.23144,0.74266,0.96233,0,0,0,0,0,0,0,0,0,0,0,0,0,0,0.35946,0.000102443,0.000102443,0.000102443
200,2661.77,1.02396,0.59525,0.91895,0,0,0,0,0,0.70234,0,0,0,0,0,0,0,0,0.61815,0.56618,0.56725,0.35933,1.23139,0.74344,0.96222,0,0,0,0,0,0,0,0,0,0,0,0,0,0,0.35933,0.000100611,0.000100611,0.000100611
