epoch,time,train/s_box_loss,train/s_cls_loss,train/s_dfl_loss,train/t_box_loss,train/t_cls_loss,train/t_dfl_loss,train/cclkd_loss,metrics/precision(B),metrics/recall(B),metrics/mAP50(B),metrics/mAP50-95(B),val/s_box_loss,val/s_cls_loss,val/s_dfl_loss,val/t_box_loss,val/t_cls_loss,val/t_dfl_loss,val/cclkd_loss,lr/pg0,lr/pg1,lr/pg2
1,99.505,2.86455,3.67471,1.71189,2.8016,4.5129,1.95669,0,0.516634,0.147818,0.102238,0.0365654,nan,nan,nan,nan,nan,nan,nan,0.00332607,0.00332607,0.0700654
2,191.603,2.71212,2.60956,1.45694,2.73756,4.47823,1.90855,0,0.579629,0.183723,0.148978,0.0542069,nan,nan,nan,nan,nan,nan,nan,0.00664292,0.00664292,0.0400489
3,280.412,2.64731,2.40178,1.39244,2.61609,4.39463,1.80736,0,0.601864,0.185524,0.159149,0.0627744,nan,nan,nan,nan,nan,nan,nan,0.00994327,0.00994327,0.0100159
4,368.741,2.6589,2.33899,1.37798,2.51216,4.3185,1.65973,0,0.632899,0.205626,0.187336,0.0761615,nan,nan,nan,nan,nan,nan,nan,0.00992575,0.00992575,0.00992575
5,458.299,2.64221,2.2508,1.34339,2.43706,4.23045,1.52751,0.02141,0.283852,0.218159,0.188516,0.0785456,nan,nan,nan,nan,nan,nan,nan,0.009901,0.009901,0.009901
6,545.633,2.62223,2.19793,1.3117,2.37959,4.13808,1.4287,0.01974,0.30301,0.250251,0.226648,0.0951737,nan,nan,nan,nan,nan,nan,nan,0.00987625,0.00987625,0.00987625
7,634.578,2.62017,2.17556,1.3085,2.38697,4.00345,1.37551,0.1231,0.349165,0.248213,0.229012,0.0995688,nan,nan,nan,nan,nan,nan,nan,0.0098515,0.0098515,0.0098515
8,722.993,2.58006,2.1101,1.2915,2.36652,3.77981,1.32084,0.39942,0.332214,0.281666,0.243058,0.0968773,nan,nan,nan,nan,nan,nan,nan,0.00982675,0.00982675,0.00982675
9,813.353,2.57419,2.10104,1.30664,2.37392,3.39763,1.3163,1.58366,0.38354,0.259351,0.240365,0.0990895,nan,nan,nan,nan,nan,nan,nan,0.009802,0.009802,0.009802
10,905.639,2.56477,2.06442,1.28805,2.39452,3.01644,1.30479,2.86321,0.402999,0.251263,0.251149,0.106737,nan,nan,nan,nan,nan,nan,nan,0.00977725,0.00977725,0.00977725
11,999.258,2.56382,2.05753,1.28112,2.39915,2.79886,1.29053,3.02313,0.455239,0.258399,0.261107,0.105606,nan,nan,nan,nan,nan,nan,nan,0.0097525,0.0097525,0.0097525
12,1093.65,2.52888,2.00362,1.27095,2.37879,2.64005,1.27963,2.57986,0.411986,0.284965,0.278738,0.118749,nan,nan,nan,nan,nan,nan,nan,0.00972775,0.00972775,0.00972775
13,1202.17,2.53055,1.98895,1.26045,2.36646,2.52363,1.25657,2.51248,0.385621,0.277085,0.257939,0.114358,nan,nan,nan,nan,nan,nan,nan,0.009703,0.009703,0.009703
14,1310.91,2.50962,1.98291,1.2609,2.32915,2.43413,1.24366,2.58322,0.430657,0.289923,0.282666,0.120462,nan,nan,nan,nan,nan,nan,nan,0.00967825,0.00967825,0.00967825
15,1419.61,2.51041,1.96635,1.25448,2.33897,2.37811,1.23145,2.49553,0.431374,0.298492,0.283292,0.123238,nan,nan,nan,nan,nan,nan,nan,0.0096535,0.0096535,0.0096535
16,1529.42,2.48274,1.91989,1.24014,2.29497,2.30355,1.21792,2.39265,0.398643,0.314197,0.293321,0.131805,nan,nan,nan,nan,nan,nan,nan,0.00962875,0.00962875,0.00962875
17,1639.31,2.46364,1.90692,1.2325,2.27403,2.24279,1.20305,2.48674,0.451375,0.296991,0.303741,0.137357,nan,nan,nan,nan,nan,nan,nan,0.009604,0.009604,0.009604
18,1748.88,2.47985,1.914,1.22781,2.27601,2.21187,1.20056,2.48537,0.407549,0.326076,0.313441,0.141985,nan,nan,nan,nan,nan,nan,nan,0.00957925,0.00957925,0.00957925
19,1859.02,2.48916,1.90967,1.23505,2.274,2.17955,1.19526,2.46806,0.461374,0.324768,0.320796,0.148248,nan,nan,nan,nan,nan,nan,nan,0.0095545,0.0095545,0.0095545
20,1969.29,2.46082,1.86848,1.2235,2.24116,2.1246,1.17901,2.438,0.439666,0.341473,0.332939,0.148977,nan,nan,nan,nan,nan,nan,nan,0.00952975,0.00952975,0.00952975
21,2080.79,2.44215,1.85492,1.22133,2.22757,2.09875,1.18307,2.49337,0.409418,0.340553,0.326391,0.153961,nan,nan,nan,nan,nan,nan,nan,0.009505,0.009505,0.009505
22,2191.05,2.43519,1.84893,1.22135,2.21297,2.06575,1.17923,2.49926,0.430809,0.329241,0.324761,0.147574,nan,nan,nan,nan,nan,nan,nan,0.00948025,0.00948025,0.00948025
23,2301.33,2.44604,1.85485,1.20934,2.2312,2.05042,1.17079,2.50212,0.461548,0.336555,0.334024,0.153794,nan,nan,nan,nan,nan,nan,nan,0.0094555,0.0094555,0.0094555
24,2410.96,2.42761,1.83801,1.20959,2.20591,2.01503,1.16837,2.57343,0.458856,0.356927,0.354018,0.165024,nan,nan,nan,nan,nan,nan,nan,0.00943075,0.00943075,0.00943075
25,2520.67,2.44229,1.82836,1.20367,2.20171,1.98627,1.15524,2.43796,0.42444,0.343161,0.332593,0.152906,nan,nan,nan,nan,nan,nan,nan,0.009406,0.009406,0.009406
26,2628.07,2.41921,1.8132,1.20512,2.19541,1.97116,1.16079,2.50195,0.43345,0.37662,0.358469,0.169129,nan,nan,nan,nan,nan,nan,nan,0.00938125,0.00938125,0.00938125
27,2735.34,2.4128,1.82926,1.20997,2.17718,1.94484,1.1629,2.63511,0.447669,0.363418,0.364277,0.177066,nan,nan,nan,nan,nan,nan,nan,0.0093565,0.0093565,0.0093565
28,2844.17,2.43874,1.83072,1.20075,2.18817,1.92464,1.15388,2.67984,0.462424,0.371094,0.362028,0.171729,nan,nan,nan,nan,nan,nan,nan,0.00933175,0.00933175,0.00933175
29,2951.65,2.40923,1.79535,1.19945,2.15996,1.88557,1.15011,2.5424,0.469412,0.380286,0.368708,0.173351,nan,nan,nan,nan,nan,nan,nan,0.009307,0.009307,0.009307
30,3060.18,2.40153,1.79896,1.20655,2.15532,1.88428,1.15421,2.57029,0.477945,0.378315,0.378791,0.179948,nan,nan,nan,nan,nan,nan,nan,0.00928225,0.00928225,0.00928225
31,3170.71,2.39912,1.78766,1.19752,2.1571,1.87476,1.1499,2.3967,0.44847,0.369602,0.364569,0.175498,nan,nan,nan,nan,nan,nan,nan,0.0092575,0.0092575,0.0092575
32,3282.12,2.39394,1.78138,1.19455,2.13984,1.83512,1.1397,2.5194,0.475154,0.378395,0.38073,0.183585,nan,nan,nan,nan,nan,nan,nan,0.00923275,0.00923275,0.00923275
33,3392.52,2.38172,1.767,1.19377,2.13937,1.82755,1.14633,2.45236,0.486898,0.387968,0.391516,0.188333,nan,nan,nan,nan,nan,nan,nan,0.009208,0.009208,0.009208
34,3502.62,2.38818,1.75962,1.18585,2.14017,1.83116,1.13966,2.31505,0.479678,0.3934,0.395998,0.194299,nan,nan,nan,nan,nan,nan,nan,0.00918325,0.00918325,0.00918325
35,3612.2,2.39122,1.76825,1.19198,2.14547,1.82658,1.14468,2.36698,0.472036,0.38908,0.391641,0.191791,nan,nan,nan,nan,nan,nan,nan,0.0091585,0.0091585,0.0091585
36,3723.29,2.37438,1.74697,1.18637,2.11569,1.79506,1.13799,2.30055,0.483113,0.401252,0.399255,0.192372,nan,nan,nan,nan,nan,nan,nan,0.00913375,0.00913375,0.00913375
37,3833.06,2.3663,1.72192,1.17902,2.12724,1.79317,1.13418,2.24178,0.492122,0.41011,0.408982,0.201258,nan,nan,nan,nan,nan,nan,nan,0.009109,0.009109,0.009109
38,3943.96,2.35025,1.72594,1.18744,2.10105,1.75737,1.13428,2.25336,0.491914,0.414472,0.409467,0.204752,nan,nan,nan,nan,nan,nan,nan,0.00908425,0.00908425,0.00908425
39,4054,2.35561,1.71363,1.18537,2.10521,1.76187,1.13463,2.36645,0.480119,0.414525,0.405586,0.201123,nan,nan,nan,nan,nan,nan,nan,0.0090595,0.0090595,0.0090595
40,4165.07,2.36166,1.74016,1.18672,2.09556,1.74996,1.13382,2.34852,0.493576,0.411631,0.407488,0.200778,nan,nan,nan,nan,nan,nan,nan,0.00903475,0.00903475,0.00903475
41,4276.93,2.35835,1.72342,1.17962,2.09983,1.74498,1.1328,2.37634,0.473719,0.418066,0.411991,0.204291,nan,nan,nan,nan,nan,nan,nan,0.00901,0.00901,0.00901
42,4390.07,2.35836,1.72623,1.17802,2.09762,1.73783,1.12893,2.34515,0.499857,0.412017,0.414114,0.208689,nan,nan,nan,nan,nan,nan,nan,0.00898525,0.00898525,0.00898525
43,4500.28,2.35296,1.71141,1.17181,2.10371,1.74131,1.13047,2.08675,0.502391,0.423578,0.424101,0.214239,nan,nan,nan,nan,nan,nan,nan,0.0089605,0.0089605,0.0089605
44,4611.01,2.35717,1.70316,1.17668,2.10641,1.72399,1.13369,2.12448,0.507959,0.416494,0.425191,0.214499,nan,nan,nan,nan,nan,nan,nan,0.00893575,0.00893575,0.00893575
45,4722.71,2.33688,1.70442,1.17433,2.09259,1.7166,1.13233,2.16192,0.496179,0.420256,0.422556,0.212316,nan,nan,nan,nan,nan,nan,nan,0.008911,0.008911,0.008911
46,4832.87,2.33956,1.69088,1.16734,2.08429,1.706,1.12653,2.18323,0.501926,0.433474,0.431729,0.218647,nan,nan,nan,nan,nan,nan,nan,0.00888625,0.00888625,0.00888625
47,4943.62,2.33828,1.68105,1.16536,2.08318,1.68784,1.12495,2.16887,0.518075,0.428071,0.433594,0.217754,nan,nan,nan,nan,nan,nan,nan,0.0088615,0.0088615,0.0088615
48,5053.14,2.33688,1.68842,1.17218,2.08594,1.70037,1.13365,2.01938,0.523571,0.430848,0.435328,0.219755,nan,nan,nan,nan,nan,nan,nan,0.00883675,0.00883675,0.00883675
49,5163.73,2.28421,1.64119,1.16474,2.0443,1.66065,1.1317,2.0788,0.50306,0.438908,0.437467,0.221806,nan,nan,nan,nan,nan,nan,nan,0.008812,0.008812,0.008812
50,5273.52,2.30702,1.6571,1.16222,2.05962,1.6726,1.12611,1.99088,0.515356,0.434315,0.439164,0.223165,nan,nan,nan,nan,nan,nan,nan,0.00878725,0.00878725,0.00878725
51,5384.18,2.30116,1.65438,1.16433,2.0709,1.66692,1.13119,2.13053,0.534931,0.432758,0.445989,0.227393,nan,nan,nan,nan,nan,nan,nan,0.0087625,0.0087625,0.0087625
52,5495.59,2.31138,1.64216,1.1565,2.0636,1.65016,1.12123,1.97864,0.525201,0.441315,0.447918,0.230016,nan,nan,nan,nan,nan,nan,nan,0.00873775,0.00873775,0.00873775
53,5606.05,2.29704,1.64294,1.16132,2.06394,1.66028,1.13226,1.90715,0.518924,0.449401,0.450687,0.232961,nan,nan,nan,nan,nan,nan,nan,0.008713,0.008713,0.008713
54,5717.34,2.28957,1.63703,1.15842,2.05159,1.65231,1.13152,2.00001,0.523182,0.450375,0.454165,0.237051,nan,nan,nan,nan,nan,nan,nan,0.00868825,0.00868825,0.00868825
55,5828.6,2.29268,1.63501,1.16162,2.05999,1.64702,1.13385,2.01448,0.531564,0.443148,0.455427,0.237922,nan,nan,nan,nan,nan,nan,nan,0.0086635,0.0086635,0.0086635
56,5940.58,2.29394,1.62675,1.15424,2.06709,1.63785,1.12787,1.93531,0.533827,0.447943,0.458266,0.240258,nan,nan,nan,nan,nan,nan,nan,0.00863875,0.00863875,0.00863875
57,6051.98,2.28664,1.62837,1.15769,2.05584,1.63721,1.13428,2.0628,0.541775,0.443911,0.459847,0.243147,nan,nan,nan,nan,nan,nan,nan,0.008614,0.008614,0.008614
58,6163.23,2.28344,1.6178,1.15313,2.05567,1.62442,1.12948,1.93715,0.55584,0.442978,0.46205,0.244326,nan,nan,nan,nan,nan,nan,nan,0.00858925,0.00858925,0.00858925
59,6273.91,2.28073,1.62034,1.15674,2.04734,1.62112,1.12992,1.88921,0.552817,0.450398,0.463702,0.246065,nan,nan,nan,nan,nan,nan,nan,0.0085645,0.0085645,0.0085645
60,6386.04,2.25874,1.59171,1.14597,2.04228,1.60976,1.12794,1.76941,0.552524,0.451118,0.465479,0.246906,nan,nan,nan,nan,nan,nan,nan,0.00853975,0.00853975,0.00853975
61,6497.32,2.25843,1.59819,1.15045,2.03666,1.59954,1.13196,1.83636,0.551303,0.45137,0.464619,0.247181,nan,nan,nan,nan,nan,nan,nan,0.008515,0.008515,0.008515
62,6606.85,2.26448,1.59745,1.14702,2.04402,1.60022,1.13039,1.86112,0.550692,0.453438,0.466177,0.247248,nan,nan,nan,nan,nan,nan,nan,0.00849025,0.00849025,0.00849025
63,6718.04,2.26026,1.59565,1.14789,2.03942,1.59724,1.13184,1.8413,0.54794,0.458956,0.468349,0.247329,nan,nan,nan,nan,nan,nan,nan,0.0084655,0.0084655,0.0084655
64,6829.04,2.25694,1.60617,1.15378,2.0373,1.59977,1.13627,1.77406,0.550584,0.458334,0.470261,0.247893,nan,nan,nan,nan,nan,nan,nan,0.00844075,0.00844075,0.00844075
65,6937.15,2.25841,1.59075,1.14692,2.04026,1.59346,1.13217,1.80988,0.542495,0.464843,0.471359,0.249118,nan,nan,nan,nan,nan,nan,nan,0.008416,0.008416,0.008416
66,7045.55,2.25961,1.58941,1.14614,2.03716,1.58608,1.13406,1.70753,0.543742,0.464611,0.472271,0.249328,nan,nan,nan,nan,nan,nan,nan,0.00839125,0.00839125,0.00839125
67,7153.88,2.24998,1.58862,1.14953,2.03214,1.5796,1.13761,1.77879,0.540955,0.466434,0.473006,0.249494,nan,nan,nan,nan,nan,nan,nan,0.0083665,0.0083665,0.0083665
68,7258.65,2.23547,1.57263,1.14745,2.03037,1.58195,1.14057,1.71333,0.550831,0.465413,0.475809,0.251119,nan,nan,nan,nan,nan,nan,nan,0.00834175,0.00834175,0.00834175
69,7366.86,2.23675,1.57448,1.14619,2.03122,1.5687,1.13889,1.70094,0.546874,0.467038,0.47702,0.251469,nan,nan,nan,nan,nan,nan,nan,0.008317,0.008317,0.008317
70,7474.72,2.25803,1.57358,1.14051,2.05402,1.57498,1.13481,1.67172,0.544988,0.468884,0.478321,0.252388,nan,nan,nan,nan,nan,nan,nan,0.00829225,0.00829225,0.00829225
71,7582.17,2.22546,1.56129,1.14092,2.02957,1.56431,1.13835,1.63504,0.544328,0.46929,0.479183,0.253237,nan,nan,nan,nan,nan,nan,nan,0.0082675,0.0082675,0.0082675
72,7690.38,2.24348,1.56448,1.14427,2.0438,1.56739,1.14692,1.6168,0.540489,0.469608,0.479097,0.253279,nan,nan,nan,nan,nan,nan,nan,0.00824275,0.00824275,0.00824275
73,7797.57,2.22493,1.54927,1.14155,2.02555,1.56283,1.14236,1.52042,0.541331,0.470044,0.479469,0.254005,nan,nan,nan,nan,nan,nan,nan,0.008218,0.008218,0.008218
74,7904.45,2.21763,1.54308,1.13791,2.02814,1.54923,1.1428,1.51964,0.542607,0.471068,0.47999,0.254465,nan,nan,nan,nan,nan,nan,nan,0.00819325,0.00819325,0.00819325
75,8011.96,2.24741,1.56318,1.13694,2.04801,1.5597,1.14301,1.53732,0.544441,0.471917,0.480788,0.255308,nan,nan,nan,nan,nan,nan,nan,0.0081685,0.0081685,0.0081685
76,8119.87,2.22542,1.54509,1.13829,2.02713,1.53819,1.14605,1.4562,0.545369,0.471949,0.480901,0.256296,nan,nan,nan,nan,nan,nan,nan,0.00814375,0.00814375,0.00814375
77,8227.59,2.21999,1.54154,1.13741,2.03623,1.55113,1.15011,1.4294,0.545846,0.472017,0.481368,0.256916,nan,nan,nan,nan,nan,nan,nan,0.008119,0.008119,0.008119
78,8335.74,2.2147,1.54955,1.14436,2.03284,1.55136,1.15758,1.45826,0.543257,0.474026,0.482382,0.257665,nan,nan,nan,nan,nan,nan,nan,0.00809425,0.00809425,0.00809425
79,8444.25,2.23139,1.55088,1.1394,2.04578,1.55076,1.15384,1.44145,0.544111,0.475886,0.48321,0.258539,nan,nan,nan,nan,nan,nan,nan,0.0080695,0.0080695,0.0080695
80,8552.57,2.22498,1.54028,1.13793,2.0508,1.55564,1.15666,1.38041,0.548441,0.474018,0.48468,0.259961,nan,nan,nan,nan,nan,nan,nan,0.00804475,0.00804475,0.00804475
81,8661.24,2.20085,1.52527,1.13398,2.02733,1.5392,1.15572,1.35082,0.55267,0.474213,0.485468,0.26024,nan,nan,nan,nan,nan,nan,nan,0.00802,0.00802,0.00802
82,8768.5,2.19332,1.51691,1.13767,2.03226,1.54206,1.16484,1.34915,0.547044,0.477184,0.485332,0.260638,nan,nan,nan,nan,nan,nan,nan,0.00799525,0.00799525,0.00799525
83,8876.76,2.20468,1.51654,1.13097,2.04816,1.54877,1.16414,1.33154,0.547969,0.477167,0.485515,0.261191,nan,nan,nan,nan,nan,nan,nan,0.0079705,0.0079705,0.0079705
84,8984.33,2.20492,1.52423,1.13689,2.04801,1.55217,1.17213,1.37805,0.54678,0.479276,0.485942,0.261701,nan,nan,nan,nan,nan,nan,nan,0.00794575,0.00794575,0.00794575
85,9091.78,2.19021,1.51348,1.13348,2.04828,1.54617,1.17231,1.30271,0.550874,0.480626,0.487331,0.262524,nan,nan,nan,nan,nan,nan,nan,0.007921,0.007921,0.007921
86,9199.72,2.19854,1.51418,1.13342,2.05807,1.54738,1.17472,1.32722,0.552811,0.48092,0.4881,0.263446,nan,nan,nan,nan,nan,nan,nan,0.00789625,0.00789625,0.00789625
87,9306.84,2.16578,1.49783,1.1365,2.02616,1.53388,1.17888,1.25464,0.551776,0.481942,0.488989,0.264046,nan,nan,nan,nan,nan,nan,nan,0.0078715,0.0078715,0.0078715
88,9416.04,2.19856,1.5116,1.13196,2.05562,1.55381,1.17733,1.32873,0.557293,0.480039,0.490494,0.264809,nan,nan,nan,nan,nan,nan,nan,0.00784675,0.00784675,0.00784675
89,9524.6,2.19126,1.51034,1.1335,2.05903,1.55302,1.18491,1.24501,0.556566,0.479449,0.490384,0.265381,nan,nan,nan,nan,nan,nan,nan,0.007822,0.007822,0.007822
90,9633.06,2.17816,1.48929,1.12562,2.05846,1.5479,1.183,1.24471,0.557175,0.48002,0.4918,0.265956,nan,nan,nan,nan,nan,nan,nan,0.00779725,0.00779725,0.00779725
91,9740.48,2.1986,1.51118,1.12489,2.08037,1.56453,1.18607,1.24816,0.558309,0.481905,0.493172,0.266057,nan,nan,nan,nan,nan,nan,nan,0.0077725,0.0077725,0.0077725
92,9848,2.20632,1.5185,1.12995,2.08191,1.56674,1.19401,1.25139,0.559108,0.482898,0.49395,0.266836,nan,nan,nan,nan,nan,nan,nan,0.00774775,0.00774775,0.00774775
93,9955.78,2.18925,1.504,1.12726,2.0771,1.56236,1.19753,1.27103,0.559448,0.483672,0.494793,0.266887,nan,nan,nan,nan,nan,nan,nan,0.007723,0.007723,0.007723
94,10063.5,2.17829,1.4873,1.12735,2.07013,1.54707,1.19366,1.20638,0.560419,0.484644,0.49524,0.267371,nan,nan,nan,nan,nan,nan,nan,0.00769825,0.00769825,0.00769825
95,10171.5,2.171,1.49764,1.13176,2.07059,1.55361,1.20039,1.15295,0.560049,0.485614,0.495646,0.268384,nan,nan,nan,nan,nan,nan,nan,0.0076735,0.0076735,0.0076735
96,10278.5,2.16969,1.48494,1.13302,2.07284,1.56711,1.21078,1.14724,0.559655,0.486051,0.496167,0.268489,nan,nan,nan,nan,nan,nan,nan,0.00764875,0.00764875,0.00764875
97,10386,2.15669,1.47972,1.12568,2.07279,1.55969,1.20973,1.16269,0.559693,0.487076,0.496601,0.268692,nan,nan,nan,nan,nan,nan,nan,0.007624,0.007624,0.007624
98,10493.6,2.17971,1.4912,1.12982,2.09824,1.58201,1.22423,1.20273,0.563748,0.486616,0.497715,0.269391,nan,nan,nan,nan,nan,nan,nan,0.00759925,0.00759925,0.00759925
99,10600.7,2.14628,1.46008,1.12111,2.08337,1.5747,1.2209,1.18246,0.563803,0.488037,0.498158,0.269552,nan,nan,nan,nan,nan,nan,nan,0.0075745,0.0075745,0.0075745
100,10708,2.14846,1.47503,1.13371,2.09073,1.57764,1.23152,1.16246,0.564738,0.488397,0.498594,0.270039,nan,nan,nan,nan,nan,nan,nan,0.00754975,0.00754975,0.00754975
101,10814.8,2.15439,1.47782,1.12864,2.09701,1.58021,1.23421,1.1832,0.565261,0.489188,0.499157,0.270355,nan,nan,nan,nan,nan,nan,nan,0.007525,0.007525,0.007525
102,10922.1,2.16137,1.47409,1.12092,2.10517,1.58965,1.22953,1.13527,0.563746,0.489998,0.500841,0.271202,nan,nan,nan,nan,nan,nan,nan,0.00750025,0.00750025,0.00750025
103,11029,2.13662,1.44979,1.1258,2.09919,1.58718,1.2421,1.20876,0.564816,0.48986,0.501221,0.271619,nan,nan,nan,nan,nan,nan,nan,0.0074755,0.0074755,0.0074755
104,11136.6,2.1485,1.45064,1.11846,2.12274,1.59648,1.24191,1.18868,0.562721,0.491014,0.501534,0.27205,nan,nan,nan,nan,nan,nan,nan,0.00745075,0.00745075,0.00745075
105,11244,2.13526,1.44949,1.12304,2.10748,1.60884,1.24772,1.18174,0.56303,0.49042,0.502195,0.272421,nan,nan,nan,nan,nan,nan,nan,0.007426,0.007426,0.007426
106,11350.5,2.16549,1.46222,1.11678,2.14035,1.61811,1.24376,1.14829,0.564919,0.491233,0.502873,0.272874,nan,nan,nan,nan,nan,nan,nan,0.00740125,0.00740125,0.00740125
107,11457.9,2.13878,1.45373,1.12231,2.13482,1.63718,1.26531,1.10427,0.566249,0.491043,0.503489,0.273241,nan,nan,nan,nan,nan,nan,nan,0.0073765,0.0073765,0.0073765
108,11565.4,2.10868,1.43794,1.12145,2.12391,1.64046,1.27581,1.14466,0.567259,0.490692,0.503807,0.273698,nan,nan,nan,nan,nan,nan,nan,0.00735175,0.00735175,0.00735175
109,11672.4,2.12571,1.44302,1.12109,2.14632,1.6441,1.27751,1.13722,0.568641,0.491114,0.504191,0.273553,nan,nan,nan,nan,nan,nan,nan,0.007327,0.007327,0.007327
110,11780.1,2.12547,1.44398,1.12299,2.15502,1.65493,1.28652,1.11447,0.569796,0.490578,0.504612,0.274254,nan,nan,nan,nan,nan,nan,nan,0.00730225,0.00730225,0.00730225
111,11887.6,2.1121,1.42803,1.11662,2.16328,1.66841,1.28478,1.09431,0.570515,0.490906,0.505022,0.274574,nan,nan,nan,nan,nan,nan,nan,0.0072775,0.0072775,0.0072775
112,11995.3,2.13324,1.436,1.11697,2.18602,1.66663,1.28965,1.14107,0.569445,0.492184,0.505772,0.274829,nan,nan,nan,nan,nan,nan,nan,0.00725275,0.00725275,0.00725275
113,12102.8,2.11146,1.43428,1.11902,2.18159,1.68201,1.30313,1.13492,0.568912,0.492775,0.50585,0.275016,nan,nan,nan,nan,nan,nan,nan,0.007228,0.007228,0.007228
114,12210.1,2.12807,1.43541,1.12122,2.18314,1.68604,1.30551,1.11779,0.568206,0.492523,0.506168,0.275594,nan,nan,nan,nan,nan,nan,nan,0.00720325,0.00720325,0.00720325
115,12316.5,2.12211,1.42342,1.11856,2.20319,1.70393,1.32145,1.0835,0.569513,0.492165,0.506158,0.275968,nan,nan,nan,nan,nan,nan,nan,0.0071785,0.0071785,0.0071785
116,12422.6,2.13325,1.44264,1.12211,2.22082,1.72318,1.3303,1.15341,0.569669,0.492363,0.506781,0.276517,nan,nan,nan,nan,nan,nan,nan,0.00715375,0.00715375,0.00715375
117,12529.2,2.11561,1.42327,1.12028,2.21423,1.72274,1.33166,1.12764,0.568535,0.493761,0.50742,0.277093,nan,nan,nan,nan,nan,nan,nan,0.007129,0.007129,0.007129
118,12635.8,2.10969,1.42555,1.12487,2.22299,1.73749,1.34681,1.15145,0.566578,0.494191,0.507775,0.277809,nan,nan,nan,nan,nan,nan,nan,0.00710425,0.00710425,0.00710425
119,12742.2,2.1207,1.42623,1.11677,2.24694,1.74836,1.34438,1.14722,0.568529,0.493422,0.508391,0.278408,nan,nan,nan,nan,nan,nan,nan,0.0070795,0.0070795,0.0070795
120,12849.5,2.10137,1.41273,1.11866,2.23143,1.7557,1.36051,1.15593,0.567282,0.495724,0.508499,0.278771,nan,nan,nan,nan,nan,nan,nan,0.00705475,0.00705475,0.00705475
121,12956,2.11824,1.42984,1.11724,2.25526,1.7687,1.36488,1.14958,0.569391,0.494958,0.509233,0.279334,nan,nan,nan,nan,nan,nan,nan,0.00703,0.00703,0.00703
122,13063.3,2.11906,1.42122,1.11624,2.28486,1.791,1.37449,1.13467,0.570349,0.4957,0.509685,0.279451,nan,nan,nan,nan,nan,nan,nan,0.00700525,0.00700525,0.00700525
123,13169.7,2.10803,1.41386,1.1163,2.2575,1.77783,1.3682,1.17135,0.571298,0.495149,0.510193,0.2801,nan,nan,nan,nan,nan,nan,nan,0.0069805,0.0069805,0.0069805
124,13275.3,2.10308,1.41201,1.11694,2.27717,1.79082,1.38941,1.1727,0.568849,0.495711,0.510243,0.280613,nan,nan,nan,nan,nan,nan,nan,0.00695575,0.00695575,0.00695575
125,13380.4,2.11761,1.42907,1.10954,2.31102,1.82355,1.39526,1.15922,0.571365,0.495182,0.510952,0.280989,nan,nan,nan,nan,nan,nan,nan,0.006931,0.006931,0.006931
126,13486.1,2.0862,1.40007,1.11569,2.28832,1.81929,1.40378,1.13843,0.571448,0.49458,0.511037,0.281633,nan,nan,nan,nan,nan,nan,nan,0.00690625,0.00690625,0.00690625
127,13592.3,2.09249,1.40538,1.11097,2.31627,1.82365,1.40406,1.17338,0.571362,0.495475,0.511555,0.282464,nan,nan,nan,nan,nan,nan,nan,0.0068815,0.0068815,0.0068815
128,13698,2.08153,1.38376,1.10493,2.31736,1.83769,1.41219,1.19312,0.573763,0.495169,0.511895,0.282687,nan,nan,nan,nan,nan,nan,nan,0.00685675,0.00685675,0.00685675
129,13803.8,2.09093,1.40113,1.11256,2.33253,1.8596,1.42487,1.15393,0.573345,0.496632,0.51289,0.283185,nan,nan,nan,nan,nan,nan,nan,0.006832,0.006832,0.006832
130,13908.9,2.09595,1.40254,1.10679,2.33906,1.8703,1.43522,1.19955,0.574187,0.495493,0.512839,0.283573,nan,nan,nan,nan,nan,nan,nan,0.00680725,0.00680725,0.00680725
131,14014.2,2.1077,1.40489,1.11377,2.34797,1.87919,1.44121,1.21825,0.574526,0.494283,0.513118,0.283957,nan,nan,nan,nan,nan,nan,nan,0.0067825,0.0067825,0.0067825
132,14119.2,2.10134,1.4012,1.11344,2.37146,1.90288,1.45654,1.21551,0.577643,0.492516,0.513605,0.284616,nan,nan,nan,nan,nan,nan,nan,0.00675775,0.00675775,0.00675775
133,14223.7,2.07906,1.38595,1.11033,2.36777,1.90665,1.46345,1.18137,0.577746,0.492202,0.513991,0.284738,nan,nan,nan,nan,nan,nan,nan,0.006733,0.006733,0.006733
134,14328.4,2.10097,1.40714,1.11613,2.4058,1.92595,1.48124,1.21576,0.580408,0.492069,0.514661,0.285036,nan,nan,nan,nan,nan,nan,nan,0.00670825,0.00670825,0.00670825
135,14434.1,2.0773,1.38416,1.11607,2.40894,1.95899,1.50457,1.24905,0.580996,0.49238,0.514702,0.285166,nan,nan,nan,nan,nan,nan,nan,0.0066835,0.0066835,0.0066835
136,14537.9,2.07324,1.3834,1.11359,2.39892,1.94937,1.49469,1.23804,0.581073,0.491808,0.515071,0.285134,nan,nan,nan,nan,nan,nan,nan,0.00665875,0.00665875,0.00665875
137,14641.5,2.07986,1.3932,1.11849,2.43133,1.98579,1.52434,1.28721,0.583723,0.489911,0.515245,0.285698,nan,nan,nan,nan,nan,nan,nan,0.006634,0.006634,0.006634
138,14745,2.09123,1.39195,1.1129,2.44208,1.98711,1.51862,1.23443,0.583144,0.490267,0.515252,0.28597,nan,nan,nan,nan,nan,nan,nan,0.00660925,0.00660925,0.00660925
139,14848.1,2.08319,1.38856,1.11397,2.4362,1.99284,1.52825,1.25925,0.584175,0.490105,0.515529,0.286528,nan,nan,nan,nan,nan,nan,nan,0.0065845,0.0065845,0.0065845
140,14951.7,2.07091,1.38361,1.1191,2.44786,2.01521,1.54629,1.27562,0.587454,0.488775,0.515986,0.286903,nan,nan,nan,nan,nan,nan,nan,0.00655975,0.00655975,0.00655975
141,15055.3,2.08752,1.3988,1.11735,2.46165,2.00722,1.54038,1.315,0.587553,0.488244,0.516244,0.286764,nan,nan,nan,nan,nan,nan,nan,0.006535,0.006535,0.006535
142,15157.9,2.1073,1.41323,1.11498,2.47437,2.03777,1.54437,1.29415,0.588143,0.48848,0.516517,0.286905,nan,nan,nan,nan,nan,nan,nan,0.00651025,0.00651025,0.00651025
143,15260.5,2.06782,1.38776,1.12003,2.46239,2.03983,1.57176,1.32052,0.593842,0.487051,0.516487,0.28718,nan,nan,nan,nan,nan,nan,nan,0.0064855,0.0064855,0.0064855
144,15363.4,2.0941,1.38914,1.11418,2.50741,2.06356,1.57118,1.31715,0.593807,0.48689,0.516195,0.287391,nan,nan,nan,nan,nan,nan,nan,0.00646075,0.00646075,0.00646075
145,15466.2,2.08498,1.38911,1.11548,2.50812,2.07149,1.57831,1.32489,0.594789,0.48776,0.51617,0.287699,nan,nan,nan,nan,nan,nan,nan,0.006436,0.006436,0.006436
146,15568.7,2.07111,1.37509,1.11558,2.50827,2.08182,1.59342,1.33861,0.597705,0.487268,0.516634,0.287509,nan,nan,nan,nan,nan,nan,nan,0.00641125,0.00641125,0.00641125
147,15671.1,2.0798,1.38918,1.11394,2.53118,2.10188,1.59589,1.38479,0.601092,0.486626,0.516912,0.287906,nan,nan,nan,nan,nan,nan,nan,0.0063865,0.0063865,0.0063865
148,15773.6,2.09873,1.40471,1.12573,2.55395,2.13085,1.62119,1.37153,0.598565,0.487146,0.516493,0.28816,nan,nan,nan,nan,nan,nan,nan,0.00636175,0.00636175,0.00636175
149,15875,2.06337,1.37482,1.11765,2.54297,2.11604,1.61915,1.4112,0.600014,0.48555,0.516736,0.288752,nan,nan,nan,nan,nan,nan,nan,0.006337,0.006337,0.006337
150,15977.8,2.07539,1.38524,1.11607,2.54637,2.12377,1.62517,1.39907,0.60258,0.483909,0.516828,0.288901,nan,nan,nan,nan,nan,nan,nan,0.00631225,0.00631225,0.00631225
151,16079.9,2.03966,1.35771,1.11504,2.54417,2.14321,1.64448,1.40048,0.605242,0.482106,0.516241,0.288953,nan,nan,nan,nan,nan,nan,nan,0.0062875,0.0062875,0.0062875
152,16181.7,2.07652,1.38678,1.12187,2.56791,2.15566,1.6487,1.44735,0.606641,0.480854,0.516138,0.289408,nan,nan,nan,nan,nan,nan,nan,0.00626275,0.00626275,0.00626275
153,16283.5,2.06607,1.38092,1.12212,2.5794,2.17581,1.66283,1.41839,0.607784,0.479313,0.515979,0.289648,nan,nan,nan,nan,nan,nan,nan,0.006238,0.006238,0.006238
154,16385.1,2.07153,1.38112,1.12462,2.59107,2.19195,1.67288,1.43601,0.604409,0.480036,0.516095,0.289483,nan,nan,nan,nan,nan,nan,nan,0.00621325,0.00621325,0.00621325
155,16486.9,2.08177,1.38329,1.12032,2.60807,2.20483,1.67779,1.42891,0.611505,0.477928,0.516069,0.290014,nan,nan,nan,nan,nan,nan,nan,0.0061885,0.0061885,0.0061885
156,16587.7,2.06322,1.36818,1.12067,2.60738,2.20322,1.68932,1.47777,0.612418,0.476907,0.516048,0.290036,nan,nan,nan,nan,nan,nan,nan,0.00616375,0.00616375,0.00616375
157,16689.1,2.08389,1.38367,1.11788,2.62444,2.20834,1.68779,1.45431,0.611971,0.474589,0.515511,0.290124,nan,nan,nan,nan,nan,nan,nan,0.006139,0.006139,0.006139
158,16790.4,2.06633,1.3827,1.12242,2.61478,2.22394,1.69831,1.4664,0.613241,0.47284,0.515192,0.289928,nan,nan,nan,nan,nan,nan,nan,0.00611425,0.00611425,0.00611425
159,16891.6,2.06891,1.36566,1.12022,2.62113,2.23107,1.70042,1.45202,0.618601,0.470873,0.515072,0.290272,nan,nan,nan,nan,nan,nan,nan,0.0060895,0.0060895,0.0060895
160,16992.5,2.06406,1.36711,1.11887,2.65631,2.27167,1.7221,1.46842,0.619751,0.469908,0.514817,0.290535,nan,nan,nan,nan,nan,nan,nan,0.00606475,0.00606475,0.00606475
161,17093.6,2.07794,1.37253,1.11345,2.65538,2.26621,1.7052,1.47034,0.620441,0.468587,0.514659,0.290877,nan,nan,nan,nan,nan,nan,nan,0.00604,0.00604,0.00604
162,17194,2.08278,1.37705,1.11939,2.6647,2.29553,1.73242,1.46956,0.621702,0.467695,0.515168,0.291206,nan,nan,nan,nan,nan,nan,nan,0.00601525,0.00601525,0.00601525
163,17293.3,2.07166,1.37185,1.11566,2.66088,2.27182,1.72671,1.45899,0.628476,0.464982,0.514856,0.291182,nan,nan,nan,nan,nan,nan,nan,0.0059905,0.0059905,0.0059905
164,17393.3,2.06683,1.37484,1.12136,2.66284,2.29544,1.74669,1.48208,0.628084,0.463461,0.514472,0.290864,nan,nan,nan,nan,nan,nan,nan,0.00596575,0.00596575,0.00596575
165,17493.1,2.07228,1.38134,1.11879,2.68761,2.31272,1.75269,1.46175,0.628041,0.462557,0.513957,0.291086,nan,nan,nan,nan,nan,nan,nan,0.005941,0.005941,0.005941
166,17592.9,2.07327,1.37865,1.11939,2.70058,2.32129,1.75885,1.47632,0.631574,0.46135,0.513991,0.291201,nan,nan,nan,nan,nan,nan,nan,0.00591625,0.00591625,0.00591625
167,17692.7,2.04815,1.36249,1.11725,2.68184,2.32598,1.76203,1.46194,0.632249,0.461116,0.514058,0.290998,nan,nan,nan,nan,nan,nan,nan,0.0058915,0.0058915,0.0058915
168,17791.9,2.06405,1.37867,1.11624,2.69908,2.32869,1.77033,1.48936,0.637044,0.459477,0.513747,0.290886,nan,nan,nan,nan,nan,nan,nan,0.00586675,0.00586675,0.00586675
169,17891.6,2.07133,1.37616,1.12007,2.69302,2.34256,1.77546,1.45714,0.640103,0.457077,0.513376,0.291504,nan,nan,nan,nan,nan,nan,nan,0.005842,0.005842,0.005842
170,17991.3,2.07852,1.38429,1.12201,2.73214,2.38538,1.79915,1.4611,0.640318,0.456869,0.513347,0.291763,nan,nan,nan,nan,nan,nan,nan,0.00581725,0.00581725,0.00581725
171,18090.5,2.06206,1.37177,1.1263,2.73748,2.38906,1.81281,1.44412,0.644395,0.455536,0.513303,0.29194,nan,nan,nan,nan,nan,nan,nan,0.0057925,0.0057925,0.0057925
172,18190.6,2.05343,1.35241,1.12249,2.73806,2.39015,1.81605,1.44048,0.643416,0.455626,0.51296,0.291913,nan,nan,nan,nan,nan,nan,nan,0.00576775,0.00576775,0.00576775
173,18290.9,2.05105,1.37317,1.12314,2.74284,2.4076,1.82898,1.43142,0.646104,0.454116,0.513007,0.29188,nan,nan,nan,nan,nan,nan,nan,0.005743,0.005743,0.005743
174,18390.9,2.03765,1.35432,1.12616,2.74095,2.41008,1.83811,1.42197,0.650705,0.453263,0.513251,0.292054,nan,nan,nan,nan,nan,nan,nan,0.00571825,0.00571825,0.00571825
175,18490.4,2.0738,1.37241,1.12025,2.74357,2.41031,1.82236,1.45547,0.649384,0.453591,0.513442,0.292236,nan,nan,nan,nan,nan,nan,nan,0.0056935,0.0056935,0.0056935
176,18590.5,2.05846,1.36242,1.12297,2.77627,2.44511,1.84328,1.43908,0.652517,0.451359,0.513038,0.292163,nan,nan,nan,nan,nan,nan,nan,0.00566875,0.00566875,0.00566875
177,18690.2,2.06399,1.36471,1.12316,2.76118,2.43091,1.84359,1.46808,0.649002,0.45189,0.512982,0.292168,nan,nan,nan,nan,nan,nan,nan,0.005644,0.005644,0.005644
178,18789.3,2.06539,1.36923,1.12283,2.77386,2.45085,1.85553,1.44018,0.651044,0.449884,0.512815,0.292091,nan,nan,nan,nan,nan,nan,nan,0.00561925,0.00561925,0.00561925
179,18888.5,2.05887,1.36011,1.1163,2.7691,2.45359,1.84655,1.4448,0.651567,0.448142,0.51266,0.292042,nan,nan,nan,nan,nan,nan,nan,0.0055945,0.0055945,0.0055945
180,18988.2,2.05744,1.35849,1.12124,2.7896,2.46273,1.86276,1.44238,0.653743,0.446885,0.512669,0.292288,nan,nan,nan,nan,nan,nan,nan,0.00556975,0.00556975,0.00556975
181,19088.4,2.0419,1.34941,1.11937,2.78878,2.47517,1.87609,1.46166,0.652254,0.447099,0.512412,0.291935,nan,nan,nan,nan,nan,nan,nan,0.005545,0.005545,0.005545
182,19188.5,2.04607,1.35743,1.12134,2.79062,2.47396,1.87087,1.43384,0.653236,0.445823,0.511819,0.29171,nan,nan,nan,nan,nan,nan,nan,0.00552025,0.00552025,0.00552025
183,19288.5,2.06215,1.35777,1.11995,2.80959,2.49628,1.88062,1.44667,0.656504,0.44428,0.511576,0.291381,nan,nan,nan,nan,nan,nan,nan,0.0054955,0.0054955,0.0054955
184,19388.8,2.04077,1.34986,1.11942,2.80986,2.49316,1.88411,1.42961,0.658464,0.443384,0.511794,0.292047,nan,nan,nan,nan,nan,nan,nan,0.00547075,0.00547075,0.00547075
185,19489.2,2.05041,1.35764,1.12169,2.81593,2.50251,1.88291,1.47512,0.655993,0.444688,0.512107,0.292223,nan,nan,nan,nan,nan,nan,nan,0.005446,0.005446,0.005446
186,19588.7,2.06489,1.37247,1.11945,2.83468,2.54046,1.9033,1.44433,0.659319,0.443553,0.511973,0.292554,nan,nan,nan,nan,nan,nan,nan,0.00542125,0.00542125,0.00542125
187,19687.9,2.04762,1.34688,1.12009,2.84584,2.54349,1.91341,1.46333,0.660861,0.442653,0.512107,0.292645,nan,nan,nan,nan,nan,nan,nan,0.0053965,0.0053965,0.0053965
188,19787.8,2.05915,1.36018,1.11967,2.83938,2.53754,1.91,1.44698,0.663284,0.441801,0.512272,0.292716,nan,nan,nan,nan,nan,nan,nan,0.00537175,0.00537175,0.00537175
189,19889.3,2.05772,1.35733,1.11511,2.85077,2.55008,1.91586,1.4705,0.664208,0.44139,0.512512,0.292714,nan,nan,nan,nan,nan,nan,nan,0.005347,0.005347,0.005347
190,19990.3,2.04316,1.34928,1.12018,2.86422,2.56547,1.93501,1.43497,0.660277,0.444838,0.513083,0.293037,nan,nan,nan,nan,nan,nan,nan,0.00532225,0.00532225,0.00532225
191,20090.7,2.02355,1.34044,1.11908,2.8418,2.57679,1.94397,1.4471,0.661024,0.443679,0.513219,0.293359,nan,nan,nan,nan,nan,nan,nan,0.0052975,0.0052975,0.0052975
192,20191.2,2.03645,1.33823,1.12476,2.86821,2.57509,1.95715,1.43983,0.661779,0.443907,0.513618,0.2932,nan,nan,nan,nan,nan,nan,nan,0.00527275,0.00527275,0.00527275
193,20290.9,2.0377,1.34029,1.11315,2.85193,2.56943,1.92438,1.44621,0.661625,0.443668,0.513508,0.293482,nan,nan,nan,nan,nan,nan,nan,0.005248,0.005248,0.005248
194,20391,2.02909,1.34048,1.1175,2.8626,2.58303,1.95439,1.43601,0.664012,0.443344,0.51451,0.293838,nan,nan,nan,nan,nan,nan,nan,0.00522325,0.00522325,0.00522325
195,20491,2.02451,1.33135,1.11727,2.87605,2.60326,1.96286,1.46504,0.664919,0.443404,0.514743,0.294173,nan,nan,nan,nan,nan,nan,nan,0.0051985,0.0051985,0.0051985
196,20591.9,2.03738,1.34444,1.12014,2.87598,2.618,1.97356,1.45415,0.667051,0.443598,0.514798,0.294707,nan,nan,nan,nan,nan,nan,nan,0.00517375,0.00517375,0.00517375
197,20691.5,2.02784,1.33911,1.12365,2.89415,2.63778,1.99243,1.44962,0.667922,0.443566,0.515055,0.294829,nan,nan,nan,nan,nan,nan,nan,0.005149,0.005149,0.005149
198,20791.5,2.04027,1.33423,1.1119,2.88851,2.61666,1.96304,1.49038,0.668199,0.443257,0.515358,0.295048,nan,nan,nan,nan,nan,nan,nan,0.00512425,0.00512425,0.00512425
199,20891.8,2.02127,1.32105,1.11237,2.89813,2.64752,1.99242,1.475,0.670562,0.44354,0.515837,0.295392,nan,nan,nan,nan,nan,nan,nan,0.0050995,0.0050995,0.0050995
200,20992.1,2.04417,1.34536,1.11901,2.90285,2.64956,1.98463,1.47385,0.670985,0.443849,0.515831,0.295645,nan,nan,nan,nan,nan,nan,nan,0.00507475,0.00507475,0.00507475
201,21091.9,2.05134,1.35586,1.12291,2.90483,2.66527,1.99902,1.4576,0.671221,0.44367,0.516239,0.29561,nan,nan,nan,nan,nan,nan,nan,0.00505,0.00505,0.00505
202,21190.9,2.03084,1.33219,1.12043,2.91138,2.66711,2.01824,1.46166,0.6715,0.443691,0.516194,0.295994,nan,nan,nan,nan,nan,nan,nan,0.00502525,0.00502525,0.00502525
203,21289.9,2.03497,1.34065,1.12016,2.91655,2.6679,2.01608,1.47317,0.672098,0.444157,0.516182,0.296274,nan,nan,nan,nan,nan,nan,nan,0.0050005,0.0050005,0.0050005
204,21388.4,2.03151,1.34096,1.11891,2.90573,2.66241,2.00193,1.44217,0.67284,0.444185,0.516964,0.296357,nan,nan,nan,nan,nan,nan,nan,0.00497575,0.00497575,0.00497575
205,21487.9,2.02612,1.334,1.1166,2.93226,2.6986,2.02944,1.47566,0.671297,0.444686,0.516666,0.296698,nan,nan,nan,nan,nan,nan,nan,0.004951,0.004951,0.004951
206,21587.2,2.04345,1.3497,1.11201,2.91991,2.67806,2.01709,1.4765,0.673121,0.444977,0.517005,0.296937,nan,nan,nan,nan,nan,nan,nan,0.00492625,0.00492625,0.00492625
207,21686.4,2.014,1.32103,1.116,2.91722,2.68467,2.03739,1.5037,0.672905,0.444702,0.517085,0.296818,nan,nan,nan,nan,nan,nan,nan,0.0049015,0.0049015,0.0049015
208,21785.8,2.05497,1.35689,1.11803,2.95287,2.71476,2.03913,1.48756,0.66977,0.445399,0.517476,0.29685,nan,nan,nan,nan,nan,nan,nan,0.00487675,0.00487675,0.00487675
209,21886.3,2.02359,1.32525,1.11358,2.93556,2.70705,2.04589,1.48042,0.669509,0.446275,0.517875,0.297336,nan,nan,nan,nan,nan,nan,nan,0.004852,0.004852,0.004852
210,21985.9,2.04193,1.34223,1.11388,2.95094,2.7331,2.04995,1.51442,0.669237,0.44733,0.518059,0.297742,nan,nan,nan,nan,nan,nan,nan,0.00482725,0.00482725,0.00482725
211,22085.4,2.02775,1.32907,1.11242,2.94988,2.73501,2.05689,1.4895,0.668461,0.448086,0.51876,0.297921,nan,nan,nan,nan,nan,nan,nan,0.0048025,0.0048025,0.0048025
212,22185.6,2.00897,1.31714,1.11438,2.93774,2.72653,2.06305,1.46108,0.670319,0.450206,0.519634,0.298098,nan,nan,nan,nan,nan,nan,nan,0.00477775,0.00477775,0.00477775
213,22286.3,2.03544,1.33008,1.11056,2.94121,2.71876,2.05418,1.469,0.670532,0.45143,0.520364,0.29844,nan,nan,nan,nan,nan,nan,nan,0.004753,0.004753,0.004753
214,22385.8,2.02608,1.33107,1.12199,2.95501,2.73293,2.07761,1.52693,0.667424,0.452163,0.520331,0.298671,nan,nan,nan,nan,nan,nan,nan,0.00472825,0.00472825,0.00472825
215,22486.9,2.04011,1.33682,1.12102,2.96373,2.76512,2.09534,1.50998,0.670235,0.45153,0.520564,0.298875,nan,nan,nan,nan,nan,nan,nan,0.0047035,0.0047035,0.0047035
216,22588.9,2.02118,1.32485,1.11589,2.98081,2.77542,2.10072,1.47558,0.668892,0.452682,0.521238,0.299328,nan,nan,nan,nan,nan,nan,nan,0.00467875,0.00467875,0.00467875
217,22688.8,2.02954,1.32217,1.11256,2.97824,2.75419,2.09022,1.50291,0.667383,0.45408,0.521743,0.299601,nan,nan,nan,nan,nan,nan,nan,0.004654,0.004654,0.004654
218,22789.3,2.00629,1.31423,1.11176,2.97498,2.77334,2.10746,1.50891,0.667032,0.455669,0.522304,0.300051,nan,nan,nan,nan,nan,nan,nan,0.00462925,0.00462925,0.00462925
219,22889.5,2.02792,1.33714,1.11776,2.97507,2.77447,2.10553,1.51286,0.666088,0.458765,0.522864,0.300536,nan,nan,nan,nan,nan,nan,nan,0.0046045,0.0046045,0.0046045
220,22990.6,2.01976,1.3278,1.11659,2.96422,2.76962,2.11128,1.51728,0.665449,0.461192,0.523489,0.300863,nan,nan,nan,nan,nan,nan,nan,0.00457975,0.00457975,0.00457975
221,23091.6,2.01252,1.32145,1.11849,2.97674,2.78092,2.11805,1.51864,0.667352,0.461047,0.524224,0.301255,nan,nan,nan,nan,nan,nan,nan,0.004555,0.004555,0.004555
222,23192.7,2.03538,1.33244,1.11327,2.992,2.79779,2.12375,1.55619,0.665375,0.463673,0.524755,0.301458,nan,nan,nan,nan,nan,nan,nan,0.00453025,0.00453025,0.00453025
223,23294.7,2.01843,1.32131,1.11013,2.98787,2.77768,2.11491,1.48694,0.664795,0.465349,0.525298,0.301603,nan,nan,nan,nan,nan,nan,nan,0.0045055,0.0045055,0.0045055
224,23395.7,2.02922,1.33467,1.11102,3.00262,2.80536,2.12827,1.53532,0.662979,0.466279,0.525281,0.301874,nan,nan,nan,nan,nan,nan,nan,0.00448075,0.00448075,0.00448075
225,23496.9,2.03265,1.33387,1.11142,2.98415,2.79956,2.12163,1.58896,0.663652,0.466179,0.525515,0.302265,nan,nan,nan,nan,nan,nan,nan,0.004456,0.004456,0.004456
226,23597.1,2.03215,1.3311,1.11173,3.00446,2.80179,2.12902,1.557,0.659614,0.467133,0.526366,0.302577,nan,nan,nan,nan,nan,nan,nan,0.00443125,0.00443125,0.00443125
227,23698.8,2.02501,1.32771,1.11114,3.02155,2.82479,2.14246,1.50065,0.657322,0.46875,0.526984,0.303097,nan,nan,nan,nan,nan,nan,nan,0.0044065,0.0044065,0.0044065
228,23799.6,2.00875,1.31762,1.11628,3.0021,2.82418,2.14819,1.51413,0.658583,0.468315,0.527201,0.303477,nan,nan,nan,nan,nan,nan,nan,0.00438175,0.00438175,0.00438175
229,23901.6,2.02298,1.32352,1.11142,3.00964,2.83682,2.14459,1.49399,0.656008,0.469946,0.527989,0.303902,nan,nan,nan,nan,nan,nan,nan,0.004357,0.004357,0.004357
230,24002.1,2.0219,1.32252,1.10933,3.03163,2.8526,2.16127,1.51282,0.655705,0.470187,0.528697,0.304162,nan,nan,nan,nan,nan,nan,nan,0.00433225,0.00433225,0.00433225
231,24102.7,2.01285,1.31607,1.11068,3.02001,2.84029,2.15386,1.50421,0.654665,0.471348,0.529671,0.304782,nan,nan,nan,nan,nan,nan,nan,0.0043075,0.0043075,0.0043075
232,24205,2.01507,1.31053,1.11402,3.01149,2.85786,2.17041,1.49498,0.65444,0.473686,0.530007,0.304969,nan,nan,nan,nan,nan,nan,nan,0.00428275,0.00428275,0.00428275
233,24306.7,2.01412,1.31598,1.11062,3.03222,2.85394,2.16603,1.51371,0.653985,0.473399,0.530165,0.305458,nan,nan,nan,nan,nan,nan,nan,0.004258,0.004258,0.004258
234,24407.2,2.00752,1.3082,1.10719,3.01784,2.8394,2.15143,1.49272,0.652964,0.474676,0.530592,0.305879,nan,nan,nan,nan,nan,nan,nan,0.00423325,0.00423325,0.00423325
235,24508.8,1.99049,1.29735,1.11402,3.03002,2.89443,2.20409,1.5146,0.653557,0.474811,0.53104,0.306334,nan,nan,nan,nan,nan,nan,nan,0.0042085,0.0042085,0.0042085
236,24610.4,2.01764,1.32083,1.1094,3.03855,2.86312,2.17621,1.52429,0.651822,0.478016,0.531971,0.306837,nan,nan,nan,nan,nan,nan,nan,0.00418375,0.00418375,0.00418375
237,24711.5,1.9947,1.29484,1.11007,3.05359,2.8825,2.1868,1.49897,0.648574,0.480506,0.53306,0.30789,nan,nan,nan,nan,nan,nan,nan,0.004159,0.004159,0.004159
238,24810.8,2.00695,1.29838,1.10633,3.03494,2.87751,2.18392,1.50745,0.644181,0.481423,0.532969,0.30809,nan,nan,nan,nan,nan,nan,nan,0.00413425,0.00413425,0.00413425
239,24909.6,1.99752,1.3063,1.11662,3.06343,2.9142,2.22014,1.46943,0.64581,0.48145,0.533366,0.30867,nan,nan,nan,nan,nan,nan,nan,0.0041095,0.0041095,0.0041095
240,25008.2,1.98585,1.29666,1.10625,3.06014,2.9216,2.21673,1.48872,0.646077,0.482059,0.534297,0.309559,nan,nan,nan,nan,nan,nan,nan,0.00408475,0.00408475,0.00408475
241,25107.2,1.99913,1.29942,1.10383,3.05956,2.91431,2.1973,1.52272,0.64463,0.484502,0.535117,0.309991,nan,nan,nan,nan,nan,nan,nan,0.00406,0.00406,0.00406
242,25206.3,2.00486,1.30374,1.10487,3.04093,2.89872,2.20159,1.48875,0.644812,0.485724,0.535915,0.310517,nan,nan,nan,nan,nan,nan,nan,0.00403525,0.00403525,0.00403525
243,25305.3,1.98146,1.2929,1.10545,3.08124,2.93909,2.23259,1.49696,0.645109,0.489241,0.536315,0.311051,nan,nan,nan,nan,nan,nan,nan,0.0040105,0.0040105,0.0040105
244,25404.7,1.99753,1.30571,1.10917,3.05917,2.93521,2.22154,1.4443,0.646978,0.491831,0.537631,0.311374,nan,nan,nan,nan,nan,nan,nan,0.00398575,0.00398575,0.00398575
245,25504.4,1.97612,1.29517,1.11198,3.07824,2.94859,2.2442,1.48325,0.644958,0.494614,0.53837,0.311732,nan,nan,nan,nan,nan,nan,nan,0.003961,0.003961,0.003961
246,25603.6,1.99296,1.29202,1.10823,3.082,2.9293,2.22186,1.50956,0.646274,0.495383,0.539158,0.312139,nan,nan,nan,nan,nan,nan,nan,0.00393625,0.00393625,0.00393625
247,25704.1,1.99644,1.29163,1.10482,3.06871,2.93591,2.22022,1.49688,0.644597,0.497807,0.539842,0.313083,nan,nan,nan,nan,nan,nan,nan,0.0039115,0.0039115,0.0039115
248,25802.7,1.98035,1.28931,1.11348,3.08557,2.96104,2.24631,1.47019,0.644513,0.497461,0.540495,0.313842,nan,nan,nan,nan,nan,nan,nan,0.00388675,0.00388675,0.00388675
249,25901.8,2.0049,1.29981,1.10747,3.10322,2.9757,2.25321,1.47875,0.642283,0.500832,0.54162,0.314784,nan,nan,nan,nan,nan,nan,nan,0.003862,0.003862,0.003862
250,26001.1,1.98938,1.28358,1.09747,3.07398,2.93829,2.22119,1.47574,0.641297,0.501864,0.541847,0.315509,nan,nan,nan,nan,nan,nan,nan,0.00383725,0.00383725,0.00383725
251,26100.8,1.98855,1.28617,1.1035,3.09032,2.96827,2.23583,1.46392,0.642588,0.50205,0.542794,0.3162,nan,nan,nan,nan,nan,nan,nan,0.0038125,0.0038125,0.0038125
252,26200,1.98913,1.28825,1.10375,3.09772,2.9655,2.23562,1.46619,0.639782,0.503916,0.543619,0.316702,nan,nan,nan,nan,nan,nan,nan,0.00378775,0.00378775,0.00378775
253,26300.3,1.98497,1.28366,1.09929,3.07709,2.9632,2.24944,1.47755,0.640973,0.504691,0.544454,0.317464,nan,nan,nan,nan,nan,nan,nan,0.003763,0.003763,0.003763
254,26400,1.99361,1.28919,1.0986,3.1125,2.99469,2.25288,1.4692,0.638381,0.507295,0.545057,0.318078,nan,nan,nan,nan,nan,nan,nan,0.00373825,0.00373825,0.00373825
255,26499.3,1.98322,1.28822,1.10165,3.12802,2.9953,2.26718,1.50651,0.639033,0.507784,0.545583,0.318639,nan,nan,nan,nan,nan,nan,nan,0.0037135,0.0037135,0.0037135
256,26599.3,1.98133,1.28131,1.10242,3.11162,3.0118,2.26956,1.50378,0.640612,0.510883,0.546506,0.319124,nan,nan,nan,nan,nan,nan,nan,0.00368875,0.00368875,0.00368875
257,26699.3,1.9749,1.27037,1.09532,3.09084,2.99162,2.26077,1.44896,0.642108,0.512712,0.547472,0.319557,nan,nan,nan,nan,nan,nan,nan,0.003664,0.003664,0.003664
258,26798.8,1.98336,1.27869,1.09525,3.12892,2.9927,2.26145,1.41844,0.642848,0.514104,0.548766,0.320493,nan,nan,nan,nan,nan,nan,nan,0.00363925,0.00363925,0.00363925
259,26898,1.98156,1.28864,1.10426,3.1303,3.00989,2.28403,1.42492,0.642145,0.516087,0.549622,0.320682,nan,nan,nan,nan,nan,nan,nan,0.0036145,0.0036145,0.0036145
260,26997.3,1.98595,1.28254,1.0983,3.1372,3.02047,2.27271,1.43252,0.642698,0.517131,0.549808,0.32111,nan,nan,nan,nan,nan,nan,nan,0.00358975,0.00358975,0.00358975
261,27097.5,1.97582,1.28162,1.10315,3.12941,3.03834,2.3069,1.44204,0.6435,0.518099,0.550813,0.32218,nan,nan,nan,nan,nan,nan,nan,0.003565,0.003565,0.003565
262,27197.1,1.97799,1.27893,1.09769,3.14168,3.03428,2.28257,1.38161,0.64396,0.518766,0.55175,0.322636,nan,nan,nan,nan,nan,nan,nan,0.00354025,0.00354025,0.00354025
263,27296.6,1.97186,1.27008,1.09839,3.12383,3.01976,2.28647,1.4375,0.644175,0.519563,0.552704,0.323027,nan,nan,nan,nan,nan,nan,nan,0.0035155,0.0035155,0.0035155
264,27396.6,1.96617,1.27171,1.10139,3.13581,3.04138,2.30381,1.40354,0.642722,0.5205,0.553762,0.323924,nan,nan,nan,nan,nan,nan,nan,0.00349075,0.00349075,0.00349075
265,27497.9,1.95708,1.26579,1.09838,3.12429,3.04066,2.30233,1.43563,0.643192,0.521046,0.554715,0.32481,nan,nan,nan,nan,nan,nan,nan,0.003466,0.003466,0.003466
266,27597.6,1.98306,1.27311,1.09134,3.11496,3.03404,2.28167,1.45578,0.6424,0.523212,0.555599,0.32531,nan,nan,nan,nan,nan,nan,nan,0.00344125,0.00344125,0.00344125
267,27697.5,1.98512,1.27537,1.0913,3.16502,3.05708,2.29262,1.40695,0.64398,0.524791,0.556954,0.325739,nan,nan,nan,nan,nan,nan,nan,0.0034165,0.0034165,0.0034165
268,27796.6,1.95832,1.26725,1.09566,3.1515,3.06164,2.3136,1.41877,0.645612,0.526259,0.557843,0.326345,nan,nan,nan,nan,nan,nan,nan,0.00339175,0.00339175,0.00339175
269,27895.9,1.96678,1.26333,1.09425,3.14359,3.0713,2.31382,1.41239,0.645002,0.527187,0.558474,0.32734,nan,nan,nan,nan,nan,nan,nan,0.003367,0.003367,0.003367
270,27995.9,1.93543,1.24242,1.09121,3.13877,3.07085,2.32512,1.32804,0.6449,0.528933,0.559681,0.328002,nan,nan,nan,nan,nan,nan,nan,0.00334225,0.00334225,0.00334225
271,28095.2,1.94234,1.25028,1.09357,3.1717,3.08808,2.32988,1.46599,0.642175,0.530817,0.560096,0.328845,nan,nan,nan,nan,nan,nan,nan,0.0033175,0.0033175,0.0033175
272,28194.9,1.93587,1.24683,1.08979,3.15379,3.09846,2.33294,1.35793,0.64221,0.531095,0.560926,0.329484,nan,nan,nan,nan,nan,nan,nan,0.00329275,0.00329275,0.00329275
273,28294.4,1.94563,1.25837,1.0886,3.16673,3.09601,2.32909,1.35392,0.641754,0.532653,0.561695,0.330111,nan,nan,nan,nan,nan,nan,nan,0.003268,0.003268,0.003268
274,28394.1,1.94741,1.25638,1.08919,3.16591,3.09759,2.32244,1.42516,0.641635,0.5335,0.562216,0.330818,nan,nan,nan,nan,nan,nan,nan,0.00324325,0.00324325,0.00324325
275,28493.3,1.9418,1.2516,1.09178,3.17911,3.10045,2.33927,1.36745,0.641215,0.534903,0.562517,0.331288,nan,nan,nan,nan,nan,nan,nan,0.0032185,0.0032185,0.0032185
276,28593,1.95443,1.25956,1.09132,3.17194,3.10185,2.34007,1.32312,0.640683,0.535475,0.563566,0.331978,nan,nan,nan,nan,nan,nan,nan,0.00319375,0.00319375,0.00319375
277,28692,1.94824,1.25396,1.08763,3.17652,3.10928,2.33537,1.3782,0.641633,0.537461,0.564332,0.332526,nan,nan,nan,nan,nan,nan,nan,0.003169,0.003169,0.003169
278,28791.2,1.94286,1.24297,1.08352,3.16129,3.09431,2.32837,1.32225,0.643502,0.536747,0.565263,0.333118,nan,nan,nan,nan,nan,nan,nan,0.00314425,0.00314425,0.00314425
279,28890.9,1.93429,1.23603,1.0868,3.18338,3.11628,2.35308,1.38961,0.644491,0.538307,0.565897,0.33393,nan,nan,nan,nan,nan,nan,nan,0.0031195,0.0031195,0.0031195
280,28990.4,1.93676,1.24519,1.08941,3.18798,3.14132,2.36393,1.37309,0.644955,0.539748,0.566939,0.334542,nan,nan,nan,nan,nan,nan,nan,0.00309475,0.00309475,0.00309475
281,29088.7,1.95493,1.25257,1.08868,3.19808,3.14183,2.3646,1.35152,0.644122,0.540699,0.567763,0.335057,nan,nan,nan,nan,nan,nan,nan,0.00307,0.00307,0.00307
282,29187.2,1.93198,1.24397,1.08893,3.18796,3.15308,2.37774,1.32639,0.641385,0.543283,0.568355,0.335541,nan,nan,nan,nan,nan,nan,nan,0.00304525,0.00304525,0.00304525
283,29287.4,1.93768,1.24315,1.08941,3.19206,3.14973,2.3771,1.32209,0.641204,0.544736,0.569211,0.336025,nan,nan,nan,nan,nan,nan,nan,0.0030205,0.0030205,0.0030205
284,29386.6,1.9413,1.24421,1.09043,3.21207,3.15519,2.36938,1.30865,0.64313,0.545096,0.570091,0.336549,nan,nan,nan,nan,nan,nan,nan,0.00299575,0.00299575,0.00299575
285,29486.4,1.92628,1.23958,1.08689,3.19474,3.14615,2.36171,1.28092,0.642356,0.545718,0.57081,0.337157,nan,nan,nan,nan,nan,nan,nan,0.002971,0.002971,0.002971
286,29586.3,1.93208,1.23819,1.08464,3.20522,3.15807,2.37547,1.30921,0.641808,0.547519,0.571233,0.337692,nan,nan,nan,nan,nan,nan,nan,0.00294625,0.00294625,0.00294625
287,29686.8,1.91645,1.22235,1.08165,3.18582,3.16255,2.3782,1.25786,0.643944,0.547196,0.571859,0.338295,nan,nan,nan,nan,nan,nan,nan,0.0029215,0.0029215,0.0029215
288,29787.5,1.94415,1.2517,1.08979,3.21725,3.18107,2.38453,1.31922,0.644669,0.548124,0.572138,0.338687,nan,nan,nan,nan,nan,nan,nan,0.00289675,0.00289675,0.00289675
289,29888.5,1.91994,1.22782,1.08454,3.1985,3.16599,2.38461,1.23647,0.647562,0.548176,0.573266,0.339308,nan,nan,nan,nan,nan,nan,nan,0.002872,0.002872,0.002872
290,29990.2,1.92228,1.22721,1.08081,3.21239,3.16781,2.37822,1.2595,0.64707,0.550496,0.574013,0.339939,nan,nan,nan,nan,nan,nan,nan,0.00284725,0.00284725,0.00284725
291,30091.5,1.91783,1.22811,1.08155,3.20929,3.16057,2.37978,1.23601,0.646632,0.551294,0.574458,0.340483,nan,nan,nan,nan,nan,nan,nan,0.0028225,0.0028225,0.0028225
292,30193.8,1.93517,1.23753,1.08475,3.22906,3.181,2.38487,1.27744,0.646717,0.552455,0.575314,0.34099,nan,nan,nan,nan,nan,nan,nan,0.00279775,0.00279775,0.00279775
293,30296.4,1.93153,1.24216,1.08382,3.21171,3.18823,2.3927,1.31912,0.648194,0.552255,0.576082,0.341346,nan,nan,nan,nan,nan,nan,nan,0.002773,0.002773,0.002773
294,30398.4,1.93141,1.24025,1.08083,3.20299,3.16738,2.36801,1.29651,0.647978,0.552825,0.576554,0.342132,nan,nan,nan,nan,nan,nan,nan,0.00274825,0.00274825,0.00274825
295,30499.5,1.92161,1.22101,1.07369,3.2125,3.18489,2.38145,1.28047,0.648133,0.553688,0.577143,0.342584,nan,nan,nan,nan,nan,nan,nan,0.0027235,0.0027235,0.0027235
296,30601.2,1.935,1.23365,1.08136,3.21327,3.20933,2.38518,1.26428,0.647671,0.554431,0.578105,0.343259,nan,nan,nan,nan,nan,nan,nan,0.00269875,0.00269875,0.00269875
297,30704,1.91467,1.21845,1.07536,3.23755,3.21255,2.39859,1.2518,0.649301,0.554758,0.578792,0.343965,nan,nan,nan,nan,nan,nan,nan,0.002674,0.002674,0.002674
298,30806.5,1.90822,1.22539,1.0793,3.25152,3.23099,2.4203,1.29451,0.650413,0.554593,0.579235,0.34472,nan,nan,nan,nan,nan,nan,nan,0.00264925,0.00264925,0.00264925
299,30908.7,1.91476,1.2185,1.0834,3.2373,3.21776,2.40699,1.25233,0.647045,0.555989,0.579438,0.344876,nan,nan,nan,nan,nan,nan,nan,0.0026245,0.0026245,0.0026245
300,31010.5,1.89887,1.20986,1.075,3.22757,3.2209,2.4138,1.18172,0.646786,0.556352,0.579888,0.345581,nan,nan,nan,nan,nan,nan,nan,0.00259975,0.00259975,0.00259975
301,31112.5,1.92036,1.21777,1.07557,3.23524,3.20735,2.40249,1.24899,0.649004,0.556954,0.580634,0.345918,nan,nan,nan,nan,nan,nan,nan,0.002575,0.002575,0.002575
302,31214.2,1.90108,1.21553,1.07696,3.24172,3.22322,2.42319,1.23455,0.650817,0.556328,0.580667,0.346413,nan,nan,nan,nan,nan,nan,nan,0.00255025,0.00255025,0.00255025
303,31315.7,1.90976,1.20265,1.07085,3.22154,3.21211,2.40576,1.17563,0.650952,0.557574,0.581447,0.347017,nan,nan,nan,nan,nan,nan,nan,0.0025255,0.0025255,0.0025255
304,31417,1.92377,1.21719,1.0757,3.26567,3.21897,2.4085,1.19342,0.650099,0.558348,0.582287,0.347897,nan,nan,nan,nan,nan,nan,nan,0.00250075,0.00250075,0.00250075
305,31519,1.90558,1.21971,1.07323,3.24731,3.24794,2.42384,1.23806,0.651888,0.558038,0.582343,0.348135,nan,nan,nan,nan,nan,nan,nan,0.002476,0.002476,0.002476
306,31620.5,1.88959,1.20521,1.07589,3.25317,3.22853,2.42887,1.14277,0.650751,0.558805,0.583022,0.348735,nan,nan,nan,nan,nan,nan,nan,0.00245125,0.00245125,0.00245125
307,31724.2,1.8909,1.20672,1.07435,3.21942,3.22718,2.42224,1.10963,0.651255,0.560024,0.584179,0.349355,nan,nan,nan,nan,nan,nan,nan,0.0024265,0.0024265,0.0024265
308,31826.1,1.9047,1.21235,1.07298,3.2418,3.2236,2.41796,1.25696,0.651041,0.561461,0.58466,0.349661,nan,nan,nan,nan,nan,nan,nan,0.00240175,0.00240175,0.00240175
309,31927.9,1.93234,1.22641,1.07557,3.27015,3.25935,2.42897,1.17887,0.650253,0.561912,0.584765,0.35025,nan,nan,nan,nan,nan,nan,nan,0.002377,0.002377,0.002377
310,32030.4,1.90183,1.20738,1.07434,3.25643,3.24883,2.43264,1.16522,0.652428,0.562775,0.586119,0.35058,nan,nan,nan,nan,nan,nan,nan,0.00235225,0.00235225,0.00235225
311,32132.5,1.90964,1.20605,1.06974,3.25495,3.24463,2.42306,1.2076,0.652979,0.564023,0.587091,0.351276,nan,nan,nan,nan,nan,nan,nan,0.0023275,0.0023275,0.0023275
312,32234.9,1.89824,1.21374,1.07645,3.29114,3.29544,2.46341,1.19017,0.652303,0.563957,0.587215,0.351908,nan,nan,nan,nan,nan,nan,nan,0.00230275,0.00230275,0.00230275
313,32337.9,1.89986,1.20822,1.0744,3.25688,3.2653,2.4404,1.17055,0.65513,0.564292,0.588595,0.353043,nan,nan,nan,nan,nan,nan,nan,0.002278,0.002278,0.002278
314,32439.7,1.88352,1.19767,1.0704,3.25172,3.27375,2.44292,1.10806,0.655383,0.565375,0.58969,0.353629,nan,nan,nan,nan,nan,nan,nan,0.00225325,0.00225325,0.00225325
315,32542.6,1.89896,1.20571,1.06864,3.24757,3.26473,2.4308,1.21236,0.654892,0.566401,0.590993,0.35444,nan,nan,nan,nan,nan,nan,nan,0.0022285,0.0022285,0.0022285
316,32644.8,1.89279,1.2007,1.06785,3.27637,3.27004,2.4374,1.19792,0.654664,0.567382,0.591516,0.3549,nan,nan,nan,nan,nan,nan,nan,0.00220375,0.00220375,0.00220375
317,32746.3,1.89694,1.19781,1.0658,3.24247,3.27486,2.43352,1.15802,0.658445,0.567349,0.59169,0.355004,nan,nan,nan,nan,nan,nan,nan,0.002179,0.002179,0.002179
318,32848.2,1.87774,1.18647,1.06709,3.26401,3.27897,2.44657,1.09805,0.656645,0.569323,0.59227,0.355668,nan,nan,nan,nan,nan,nan,nan,0.00215425,0.00215425,0.00215425
319,32950,1.87309,1.18425,1.06373,3.28174,3.28484,2.45596,1.1183,0.656788,0.569473,0.592869,0.355859,nan,nan,nan,nan,nan,nan,nan,0.0021295,0.0021295,0.0021295
320,33051.6,1.87388,1.18754,1.06985,3.25731,3.25819,2.43821,1.17317,0.659389,0.569433,0.593621,0.35654,nan,nan,nan,nan,nan,nan,nan,0.00210475,0.00210475,0.00210475
321,33153.9,1.86396,1.18058,1.06555,3.25141,3.26505,2.45235,1.14284,0.659467,0.570409,0.593982,0.356722,nan,nan,nan,nan,nan,nan,nan,0.00208,0.00208,0.00208
322,33255.3,1.87826,1.1815,1.06452,3.26376,3.27394,2.4489,1.19028,0.66097,0.569336,0.59457,0.357353,nan,nan,nan,nan,nan,nan,nan,0.00205525,0.00205525,0.00205525
323,33356.5,1.87774,1.18939,1.0631,3.26779,3.27751,2.45016,1.20129,0.663207,0.569116,0.595117,0.357909,nan,nan,nan,nan,nan,nan,nan,0.0020305,0.0020305,0.0020305
324,33457.4,1.87574,1.18258,1.0616,3.26114,3.28434,2.44921,1.1074,0.663049,0.570593,0.595735,0.358293,nan,nan,nan,nan,nan,nan,nan,0.00200575,0.00200575,0.00200575
325,33559.8,1.85868,1.17792,1.05996,3.28337,3.30346,2.46074,1.14967,0.664028,0.57177,0.59646,0.358854,nan,nan,nan,nan,nan,nan,nan,0.001981,0.001981,0.001981
326,33661.8,1.86799,1.17521,1.06448,3.29601,3.31951,2.47327,1.08836,0.664318,0.572812,0.597399,0.359246,nan,nan,nan,nan,nan,nan,nan,0.00195625,0.00195625,0.00195625
327,33765,1.8646,1.17685,1.06326,3.28143,3.32985,2.46998,1.06656,0.664909,0.573238,0.597701,0.359646,nan,nan,nan,nan,nan,nan,nan,0.0019315,0.0019315,0.0019315
328,33867,1.85473,1.17448,1.05788,3.26679,3.29352,2.45255,1.16261,0.66506,0.574368,0.597848,0.360176,nan,nan,nan,nan,nan,nan,nan,0.00190675,0.00190675,0.00190675
329,33968.7,1.8454,1.16696,1.05869,3.27766,3.31305,2.47726,1.0484,0.666129,0.574659,0.598354,0.360883,nan,nan,nan,nan,nan,nan,nan,0.001882,0.001882,0.001882
330,34071,1.87125,1.17765,1.06152,3.28966,3.31769,2.47287,1.10734,0.664214,0.576096,0.5989,0.361205,nan,nan,nan,nan,nan,nan,nan,0.00185725,0.00185725,0.00185725
331,34172.4,1.8598,1.17233,1.05852,3.27892,3.31835,2.46882,1.09625,0.667101,0.576634,0.599473,0.361646,nan,nan,nan,nan,nan,nan,nan,0.0018325,0.0018325,0.0018325
332,34274.8,1.85062,1.16887,1.05851,3.28291,3.31184,2.47867,1.0956,0.664646,0.576846,0.599489,0.361841,nan,nan,nan,nan,nan,nan,nan,0.00180775,0.00180775,0.00180775
333,34376.1,1.86415,1.17675,1.061,3.30042,3.32765,2.4783,1.11734,0.666068,0.575683,0.599535,0.362047,nan,nan,nan,nan,nan,nan,nan,0.001783,0.001783,0.001783
334,34479.2,1.85097,1.16429,1.05469,3.29129,3.33297,2.4825,1.05887,0.667659,0.576285,0.599848,0.362322,nan,nan,nan,nan,nan,nan,nan,0.00175825,0.00175825,0.00175825
335,34582.7,1.83338,1.15799,1.05046,3.28425,3.32598,2.47721,1.08446,0.670905,0.576189,0.600547,0.362904,nan,nan,nan,nan,nan,nan,nan,0.0017335,0.0017335,0.0017335
336,34685.2,1.85206,1.16868,1.05746,3.30638,3.33499,2.48827,1.07763,0.671219,0.57577,0.601204,0.363483,nan,nan,nan,nan,nan,nan,nan,0.00170875,0.00170875,0.00170875
337,34786.1,1.83459,1.15356,1.05628,3.31404,3.33933,2.48895,1.05831,0.671989,0.576081,0.60187,0.363834,nan,nan,nan,nan,nan,nan,nan,0.001684,0.001684,0.001684
338,34886.9,1.84944,1.1584,1.05419,3.3001,3.33567,2.47503,1.05084,0.672445,0.576636,0.602892,0.364506,nan,nan,nan,nan,nan,nan,nan,0.00165925,0.00165925,0.00165925
339,34989.6,1.84003,1.16065,1.05713,3.3066,3.32204,2.4812,1.067,0.673468,0.576193,0.603791,0.364655,nan,nan,nan,nan,nan,nan,nan,0.0016345,0.0016345,0.0016345
340,35090,1.83363,1.14853,1.05399,3.30501,3.34119,2.48625,1.03586,0.675352,0.575639,0.604019,0.365053,nan,nan,nan,nan,nan,nan,nan,0.00160975,0.00160975,0.00160975
341,35191.1,1.85324,1.17197,1.06446,3.31555,3.345,2.49848,1.05655,0.67482,0.57609,0.604531,0.365672,nan,nan,nan,nan,nan,nan,nan,0.001585,0.001585,0.001585
342,35292.4,1.83915,1.15376,1.05323,3.31684,3.34863,2.49005,1.06238,0.673871,0.576332,0.604316,0.365767,nan,nan,nan,nan,nan,nan,nan,0.00156025,0.00156025,0.00156025
343,35394.4,1.83571,1.15422,1.05256,3.29049,3.33314,2.48397,1.03614,0.672542,0.577213,0.604771,0.366013,nan,nan,nan,nan,nan,nan,nan,0.0015355,0.0015355,0.0015355
344,35495.9,1.85141,1.165,1.0593,3.31422,3.35994,2.51079,1.05118,0.671874,0.577717,0.605102,0.366274,nan,nan,nan,nan,nan,nan,nan,0.00151075,0.00151075,0.00151075
345,35598.9,1.82421,1.14453,1.05189,3.332,3.371,2.51435,0.98857,0.672495,0.578369,0.60579,0.367073,nan,nan,nan,nan,nan,nan,nan,0.001486,0.001486,0.001486
346,35700.7,1.82061,1.14313,1.05162,3.32025,3.34374,2.48991,1.09883,0.674215,0.579376,0.606198,0.367327,nan,nan,nan,nan,nan,nan,nan,0.00146125,0.00146125,0.00146125
347,35802.2,1.83508,1.15384,1.05169,3.32602,3.36818,2.50512,1.02866,0.675144,0.579428,0.606499,0.367705,nan,nan,nan,nan,nan,nan,nan,0.0014365,0.0014365,0.0014365
348,35905.6,1.81243,1.13065,1.04649,3.29012,3.34411,2.48386,1.04486,0.67527,0.579628,0.606229,0.36804,nan,nan,nan,nan,nan,nan,nan,0.00141175,0.00141175,0.00141175
349,36008.6,1.80345,1.12838,1.04571,3.31579,3.35937,2.5088,1.05218,0.675754,0.578965,0.606726,0.368151,nan,nan,nan,nan,nan,nan,nan,0.001387,0.001387,0.001387
350,36110,1.82204,1.13882,1.04423,3.32598,3.36608,2.49,1.03879,0.675901,0.58015,0.607231,0.368887,nan,nan,nan,nan,nan,nan,nan,0.00136225,0.00136225,0.00136225
351,36211.9,1.8193,1.13323,1.04224,3.30796,3.35181,2.48492,1.03344,0.678096,0.580107,0.6077,0.36932,nan,nan,nan,nan,nan,nan,nan,0.0013375,0.0013375,0.0013375
352,36315.6,1.81718,1.13959,1.04566,3.31547,3.35837,2.48894,1.10174,0.678907,0.580002,0.607876,0.369712,nan,nan,nan,nan,nan,nan,nan,0.00131275,0.00131275,0.00131275
353,36419,1.80474,1.13294,1.04238,3.32851,3.38275,2.50759,0.9793,0.677872,0.578581,0.607727,0.369825,nan,nan,nan,nan,nan,nan,nan,0.001288,0.001288,0.001288
354,36520.8,1.81471,1.13087,1.04077,3.303,3.36491,2.50459,0.96913,0.677828,0.57959,0.608871,0.369999,nan,nan,nan,nan,nan,nan,nan,0.00126325,0.00126325,0.00126325
355,36624,1.80973,1.12755,1.03882,3.31769,3.36297,2.48687,1.04498,0.67851,0.581698,0.610167,0.370341,nan,nan,nan,nan,nan,nan,nan,0.0012385,0.0012385,0.0012385
356,36726.3,1.79658,1.11787,1.03974,3.30107,3.34933,2.50628,1.01105,0.676967,0.583137,0.610673,0.370479,nan,nan,nan,nan,nan,nan,nan,0.00121375,0.00121375,0.00121375
357,36829.2,1.80663,1.12865,1.04523,3.31647,3.36379,2.5077,1.06466,0.675933,0.584105,0.611029,0.370803,nan,nan,nan,nan,nan,nan,nan,0.001189,0.001189,0.001189
358,36931.4,1.80242,1.13054,1.04515,3.32459,3.36434,2.49673,1.04029,0.6779,0.583708,0.611091,0.371165,nan,nan,nan,nan,nan,nan,nan,0.00116425,0.00116425,0.00116425
359,37034.5,1.80405,1.12304,1.04273,3.31306,3.35847,2.48604,0.98302,0.67839,0.585425,0.611431,0.371309,nan,nan,nan,nan,nan,nan,nan,0.0011395,0.0011395,0.0011395
360,37136,1.7844,1.12031,1.04105,3.31484,3.37552,2.50639,0.98018,0.677856,0.586302,0.611496,0.371609,nan,nan,nan,nan,nan,nan,nan,0.00111475,0.00111475,0.00111475
361,37238.2,1.78642,1.11508,1.03792,3.33623,3.39336,2.52039,0.96857,0.677967,0.587354,0.611792,0.371941,nan,nan,nan,nan,nan,nan,nan,0.00109,0.00109,0.00109
362,37341.4,1.78063,1.11154,1.0408,3.31189,3.37646,2.51374,0.93205,0.676024,0.588413,0.611929,0.372418,nan,nan,nan,nan,nan,nan,nan,0.00106525,0.00106525,0.00106525
363,37445.6,1.79533,1.12099,1.03991,3.31593,3.37676,2.523,1.00818,0.677769,0.587761,0.611824,0.372989,nan,nan,nan,nan,nan,nan,nan,0.0010405,0.0010405,0.0010405
364,37548.1,1.77548,1.10717,1.03958,3.32457,3.38128,2.52289,0.99573,0.679354,0.588235,0.612976,0.373317,nan,nan,nan,nan,nan,nan,nan,0.00101575,0.00101575,0.00101575
365,37651,1.7895,1.11189,1.03673,3.34325,3.39164,2.51833,0.97592,0.678162,0.588351,0.613199,0.373417,nan,nan,nan,nan,nan,nan,nan,0.000991,0.000991,0.000991
366,37755.3,1.78165,1.11002,1.03632,3.34488,3.39463,2.52653,1.00658,0.677294,0.589632,0.613592,0.373542,nan,nan,nan,nan,nan,nan,nan,0.00096625,0.00096625,0.00096625
367,37858.9,1.77155,1.09861,1.03568,3.30924,3.38607,2.51973,0.95221,0.679137,0.588787,0.614071,0.37373,nan,nan,nan,nan,nan,nan,nan,0.0009415,0.0009415,0.0009415
368,37962.9,1.77256,1.1036,1.03641,3.32892,3.39543,2.52708,0.9858,0.678505,0.590275,0.614406,0.374044,nan,nan,nan,nan,nan,nan,nan,0.00091675,0.00091675,0.00091675
369,38067.3,1.77374,1.10066,1.02979,3.33288,3.38481,2.50831,0.95461,0.679213,0.589931,0.614935,0.37468,nan,nan,nan,nan,nan,nan,nan,0.000892,0.000892,0.000892
370,38170.5,1.75641,1.08862,1.03158,3.32935,3.38505,2.51518,0.94675,0.681836,0.589051,0.614555,0.3747,nan,nan,nan,nan,nan,nan,nan,0.00086725,0.00086725,0.00086725
371,38273.9,1.77009,1.09635,1.03043,3.33231,3.38828,2.51822,0.97654,0.682473,0.589485,0.61499,0.37507,nan,nan,nan,nan,nan,nan,nan,0.0008425,0.0008425,0.0008425
372,38375.8,1.7609,1.09367,1.03057,3.3372,3.40902,2.52484,0.99965,0.684363,0.588617,0.615729,0.375759,nan,nan,nan,nan,nan,nan,nan,0.00081775,0.00081775,0.00081775
373,38478.6,1.74981,1.08714,1.02861,3.32339,3.39469,2.51139,0.95697,0.682802,0.589363,0.616228,0.376053,nan,nan,nan,nan,nan,nan,nan,0.000793,0.000793,0.000793
374,38581.1,1.75668,1.09331,1.03052,3.31327,3.39931,2.52927,0.97557,0.681668,0.590782,0.61607,0.376216,nan,nan,nan,nan,nan,nan,nan,0.00076825,0.00076825,0.00076825
375,38684.7,1.76762,1.09498,1.02731,3.33016,3.40536,2.52005,0.95636,0.682167,0.5903,0.616087,0.376601,nan,nan,nan,nan,nan,nan,nan,0.0007435,0.0007435,0.0007435
376,38788,1.76344,1.09234,1.02951,3.34113,3.40751,2.52465,1.01057,0.683007,0.590734,0.616493,0.376888,nan,nan,nan,nan,nan,nan,nan,0.00071875,0.00071875,0.00071875
377,38892,1.75454,1.09125,1.02899,3.32997,3.40155,2.52273,0.93359,0.684193,0.591534,0.617089,0.377145,nan,nan,nan,nan,nan,nan,nan,0.000694,0.000694,0.000694
378,38995.5,1.73128,1.07227,1.02509,3.32907,3.3977,2.52405,0.98172,0.684098,0.592191,0.617126,0.377364,nan,nan,nan,nan,nan,nan,nan,0.00066925,0.00066925,0.00066925
379,39098.4,1.73688,1.0835,1.02731,3.32597,3.38764,2.53452,1.00181,0.686319,0.591621,0.617282,0.3777,nan,nan,nan,nan,nan,nan,nan,0.0006445,0.0006445,0.0006445
380,39200.2,1.74975,1.08454,1.02505,3.32912,3.38664,2.50849,0.95296,0.68843,0.590923,0.617856,0.378077,nan,nan,nan,nan,nan,nan,nan,0.00061975,0.00061975,0.00061975
381,39303.1,1.73759,1.07372,1.02413,3.33337,3.41456,2.53476,0.95752,0.688419,0.59207,0.618116,0.378396,nan,nan,nan,nan,nan,nan,nan,0.000595,0.000595,0.000595
382,39405.7,1.74692,1.08299,1.02384,3.35138,3.4048,2.52222,0.96827,0.686477,0.592729,0.617895,0.378522,nan,nan,nan,nan,nan,nan,nan,0.00057025,0.00057025,0.00057025
383,39509,1.72384,1.06611,1.02596,3.34008,3.40455,2.5377,0.93892,0.686971,0.5927,0.617835,0.37873,nan,nan,nan,nan,nan,nan,nan,0.0005455,0.0005455,0.0005455
384,39611.6,1.72151,1.0648,1.02332,3.34123,3.40152,2.53048,0.95784,0.687808,0.592935,0.61822,0.379151,nan,nan,nan,nan,nan,nan,nan,0.00052075,0.00052075,0.00052075
385,39715.7,1.7382,1.07404,1.023,3.35684,3.41195,2.52086,0.96729,0.685973,0.59296,0.618663,0.379679,nan,nan,nan,nan,nan,nan,nan,0.000496,0.000496,0.000496
386,39818.8,1.70902,1.05756,1.02399,3.32886,3.41283,2.53747,0.94759,0.685408,0.593459,0.618826,0.37999,nan,nan,nan,nan,nan,nan,nan,0.00047125,0.00047125,0.00047125
387,39922.3,1.72993,1.07711,1.02341,3.35579,3.41985,2.52821,0.94108,0.687526,0.592318,0.619024,0.38019,nan,nan,nan,nan,nan,nan,nan,0.0004465,0.0004465,0.0004465
388,40026.2,1.74749,1.07634,1.02315,3.35857,3.40783,2.51987,0.97237,0.68838,0.592549,0.619718,0.380203,nan,nan,nan,nan,nan,nan,nan,0.00042175,0.00042175,0.00042175
389,40129.5,1.73668,1.08249,1.02304,3.33411,3.42075,2.52482,0.96445,0.688803,0.59265,0.620032,0.380213,nan,nan,nan,nan,nan,nan,nan,0.000397,0.000397,0.000397
390,40233.7,1.71462,1.06315,1.01923,3.32518,3.4323,2.53877,0.91034,0.690793,0.592098,0.620582,0.380427,nan,nan,nan,nan,nan,nan,nan,0.00037225,0.00037225,0.00037225
391,40337.4,1.57149,0.92304,0.96904,3.14292,3.31112,2.35029,0.91786,0.692273,0.592479,0.621375,0.380822,nan,nan,nan,nan,nan,nan,nan,0.0003475,0.0003475,0.0003475
392,40439.4,1.56488,0.90947,0.9648,3.14961,3.32914,2.3524,0.9189,0.696059,0.591891,0.622171,0.381269,nan,nan,nan,nan,nan,nan,nan,0.00032275,0.00032275,0.00032275
393,40540.3,1.538,0.8912,0.96097,3.13014,3.30185,2.3476,0.89485,0.697828,0.590876,0.62271,0.381927,nan,nan,nan,nan,nan,nan,nan,0.000298,0.000298,0.000298
394,40641.4,1.53258,0.88283,0.96098,3.13622,3.30667,2.35556,0.90366,0.697938,0.591151,0.622842,0.382445,nan,nan,nan,nan,nan,nan,nan,0.00027325,0.00027325,0.00027325
395,40742.9,1.53107,0.88163,0.95847,3.14278,3.30978,2.35475,0.91577,0.696932,0.59238,0.623177,0.382548,nan,nan,nan,nan,nan,nan,nan,0.0002485,0.0002485,0.0002485
396,40845.6,1.51578,0.8768,0.95675,3.13475,3.32143,2.35177,0.8845,0.696881,0.592478,0.623476,0.383633,nan,nan,nan,nan,nan,nan,nan,0.00022375,0.00022375,0.00022375
397,40948.3,1.5136,0.87321,0.95678,3.12507,3.30863,2.35588,0.93494,0.695942,0.592926,0.623403,0.384199,nan,nan,nan,nan,nan,nan,nan,0.000199,0.000199,0.000199
398,41051.1,1.52263,0.87633,0.9591,3.12931,3.31513,2.36196,0.92158,0.696946,0.592557,0.623702,0.384636,nan,nan,nan,nan,nan,nan,nan,0.00017425,0.00017425,0.00017425
399,41154.4,1.50517,0.86998,0.952,3.14306,3.30655,2.35012,0.91659,0.697094,0.593318,0.624027,0.385006,nan,nan,nan,nan,nan,nan,nan,0.0001495,0.0001495,0.0001495
400,41256,1.50548,0.86915,0.95415,3.10798,3.30574,2.35523,0.92087,0.696845,0.593599,0.624522,0.385318,nan,nan,nan,nan,nan,nan,nan,0.00012475,0.00012475,0.00012475
