epoch,fitness,metrics/mAP50(B),metrics/mAP50-95(B),metrics/precision(B),metrics/recall(B),primary_metric,primary_metric_key,train/box_loss,train/cls_loss,train/dfl_loss,train/loss,train/lr,val/loss
0,0.06931976774167321,0.17014088215014958,0.06931976774167321,0.6505534806924279,0.18484121275090262,0.06931976774167321,metrics/mAP50-95(B),3.0914394306902535,3.3939735797135366,1.6202521275408006,129.6377924812009,0.0001,110.2924753686656
1,0.08145620033838712,0.19553841217184373,0.08145620033838712,0.6749080926450525,0.2054759852851723,0.08145620033838712,metrics/mAP50-95(B),2.9203003477244236,2.4881001730391605,1.546529910491623,111.18812502795504,9.99996183243828e-05,104.46953304954197
2,0.08853047642144016,0.2087602836966486,0.08853047642144016,0.6750924117174657,0.22513110793096622,0.08853047642144016,metrics/mAP50-95(B),2.8878268884858493,2.3546929701334,1.5255081541795636,108.23917289908606,9.99984733034171e-05,102.43181490690812
3,0.0895326529680369,0.21394873429139338,0.0895326529680369,0.4355165789027897,0.22099152972164068,0.0895326529680369,metrics/mAP50-95(B),2.874066996080405,2.3121000772084117,1.5128081964822475,107.12252806369195,9.999656495476053e-05,101.80198817045792
4,0.0933177804575575,0.21730949986064174,0.0933177804575575,0.37023307242843373,0.2277646256467123,0.0933177804575575,metrics/mAP50-95(B),2.8473651637947808,2.260504995398589,1.4969070172231875,105.61365983270377,9.999389330784221e-05,100.53587984831437
5,0.10086434401461931,0.22430851079448344,0.10086434401461931,0.39164551103935863,0.23815836866506013,0.10086434401461931,metrics/mAP50-95(B),2.8221274752133287,2.1996630686320033,1.4878419119633142,104.07461368140633,9.999045840386222e-05,100.63094594374947
6,0.0940132996063577,0.21855214155567418,0.0940132996063577,0.43143932298852344,0.22366654376451012,0.0940132996063577,metrics/mAP50-95(B),2.8231727135740425,2.167643027126204,1.4847543340992901,103.55842373597324,9.998626029579104e-05,98.99378881039827
7,0.10594648822860091,0.23258570312783508,0.10594648822860091,0.4600018946973338,0.23991971455160063,0.10594648822860091,metrics/mAP50-95(B),2.8036614205351054,2.1454795578183887,1.4752820483860818,102.72859614548013,9.998129904836869e-05,98.0782330720321
8,0.10244398200679976,0.23612453406195077,0.10244398200679976,0.4020774709445023,0.24652951456388814,0.10244398200679976,metrics/mAP50-95(B),2.7825193646949926,2.0893963819111705,1.474088882801967,101.4727964245246,9.997557473810373e-05,96.88659842117973
9,0.10139803639964341,0.23490349688763135,0.10139803639964341,0.3909855971176186,0.25291703782746194,0.10139803639964341,metrics/mAP50-95(B),2.7651550911505063,2.0691496164354137,1.4681664857375583,100.77827926602463,9.99690874532721e-05,96.10085237751836
10,0.0992490686436715,0.23385162857883032,0.0992490686436715,0.37580750465623497,0.25030165732501725,0.0992490686436715,metrics/mAP50-95(B),2.748903247106296,2.053304873935009,1.465231378374859,100.22648940507563,9.99618372939158e-05,96.78475634533426
11,0.10298393782340003,0.23400549043346122,0.10298393782340003,0.4186050578916336,0.24961176560481668,0.10298393782340003,metrics/mAP50-95(B),2.757645738033848,2.0347940267887346,1.46188140136465,100.00031569635856,9.995382437184121e-05,96.47711956190027
12,0.10853343311649755,0.24677254386973516,0.10853343311649755,0.3952712107894065,0.2691357169783497,0.10853343311649755,metrics/mAP50-95(B),2.7456193452573006,2.0115048976344916,1.444737434907204,99.15405178174068,9.994504881061753e-05,95.16333451478377
13,0.11289557438660916,0.25449696832764485,0.11289557438660916,0.4020205629231753,0.2713409137684443,0.11289557438660916,metrics/mAP50-95(B),2.7585793169400166,2.0017777446702105,1.4509231565822822,99.31284095988799,9.993551074557474e-05,95.92581913160241
14,0.11250468376140303,0.2499181699692898,0.11250468376140303,0.4030793329493088,0.2702137550131445,0.11250468376140303,metrics/mAP50-95(B),2.7280118049426063,1.9650867125070213,1.4416441973969096,98.08785115099525,9.992521032380163e-05,95.53894938593325
15,0.10107129016712699,0.23403670837987878,0.10107129016712699,0.39551420170921303,0.2494930947785063,0.10107129016712699,metrics/mAP50-95(B),2.709970279634324,1.9624143703033257,1.4473738803598326,97.84675871454903,9.991414770414344e-05,95.91688123785931
16,0.10839047874678592,0.24833588956318134,0.10839047874678592,0.4117415387388579,0.2769633377886554,0.10839047874678592,metrics/mAP50-95(B),2.707193443923376,1.9411685124868394,1.4374425854521724,97.31022139437977,9.990232305719943e-05,94.90031595644743
17,0.12205110804514047,0.27223445497644005,0.12205110804514047,0.4195487594412807,0.30369413059919315,0.12205110804514047,metrics/mAP50-95(B),2.689954465322172,1.9137213223633096,1.433616227191043,96.51885081533517,9.988973656532032e-05,92.49635060351828
18,0.12006738698246147,0.2666697536006774,0.12006738698246147,0.4322456426723235,0.2881360720633537,0.12006738698246147,metrics/mAP50-95(B),2.6711643632651674,1.9124538356371248,1.4261818002328488,96.11285638757204,9.987638842260538e-05,92.74786352074665
19,0.11565995184851709,0.27009037574802036,0.11565995184851709,0.44250410547406643,0.29439898971269496,0.11565995184851709,metrics/mAP50-95(B),2.6776152044502184,1.9042190403688695,1.4308207317813013,96.12351275062353,9.986227883489944e-05,92.45756424613622
20,0.11748941514848728,0.26847098658374813,0.11748941514848728,0.4357709359476165,0.28982014974970477,0.11748941514848728,metrics/mAP50-95(B),2.673752192192535,1.8984208877240039,1.42492310327428,95.89733174946991,9.984740801978984e-05,93.09172868313996
21,0.12719090941935254,0.2795510183738153,0.12719090941935254,0.4276824405952449,0.3025126819640836,0.12719090941935254,metrics/mAP50-95(B),2.6591281586670954,1.8867412289460326,1.4194552759307812,95.39511734890704,9.983177620660293e-05,92.45819047015647
22,0.12425321137782516,0.27909800304662596,0.12425321137782516,0.4374472250866015,0.3088983417972023,0.12425321137782516,metrics/mAP50-95(B),2.665936022574405,1.8812776283973436,1.41109233717622,95.26072420392718,9.981538363640061e-05,91.23502455172331
23,0.12882132227131007,0.28712773933087743,0.12882132227131007,0.4212119760372672,0.32291093940596327,0.12882132227131007,metrics/mAP50-95(B),2.6673096093382673,1.8819997977534453,1.4207965957169444,95.47615669025849,9.979823056197658e-05,91.84105549687925
24,0.12989264957844748,0.27831145518814154,0.12989264957844748,0.41815909653937394,0.31444916924422517,0.12989264957844748,metrics/mAP50-95(B),2.6422100715834804,1.8498777448156019,1.4193441380331275,94.51495558094952,9.978031724785248e-05,92.68762392790421
25,0.1274455568603549,0.28849812657040613,0.1274455568603549,0.4338590402051534,0.31575933364228437,0.1274455568603549,metrics/mAP50-95(B),2.6326533392185474,1.8232344337612099,1.4043138237789907,93.70102415012039,9.976164397027378e-05,91.20037225640338
26,0.13154580440371158,0.2910476830393131,0.13154580440371158,0.4497584972989119,0.31139467670092963,0.13154580440371158,metrics/mAP50-95(B),2.6423631989708904,1.8423186788252162,1.4003215106518994,94.10906465336957,9.97422110172055e-05,90.62949334849482
27,0.11839259973136747,0.2759398354121585,0.11839259973136747,0.4293306862902968,0.2992265833713383,0.11839259973136747,metrics/mAP50-95(B),2.643374319944933,1.8275007098555696,1.4052207386090685,93.98783182291844,9.972201868832783e-05,92.3400211500085
28,0.13772694317371723,0.29354273965060385,0.13772694317371723,0.4245125334474422,0.3270032804355762,0.13772694317371723,metrics/mAP50-95(B),2.611889060867002,1.8035957204866566,1.4010624152363451,93.0200442789425,9.970106729503144e-05,90.9361666969631
29,0.13148443868546072,0.2950443552233863,0.13148443868546072,0.44108458082899044,0.3292405947642256,0.13148443868546072,metrics/mAP50-95(B),2.6125509835121545,1.8008908205619945,1.3997729514911366,92.96023939376049,9.967935716041276e-05,90.0541341284047
30,0.12171393874948813,0.27565963391921405,0.12171393874948813,0.4333544167538393,0.3003995726918362,0.12171393874948813,metrics/mAP50-95(B),2.608306079810422,1.7956859754762056,1.3849020658168565,92.5544360086988,9.96568886192689e-05,91.01042402516241
31,0.13183242657092353,0.2902781454794227,0.13183242657092353,0.4340464887651181,0.32262228240597335,0.13183242657092353,metrics/mAP50-95(B),2.5921983192375206,1.7755151316279802,1.3874102913436348,92.03880838375446,9.963366201809257e-05,91.32506266884182
32,0.13771516194397948,0.3114358522370568,0.13771516194397948,0.4862415069686115,0.33144528672536394,0.13771516194397948,metrics/mAP50-95(B),2.603043180515618,1.7881284351567275,1.3923901400103305,92.49381802308261,9.96096777150667e-05,90.119028721685
33,0.13897009996395032,0.3087892628269763,0.13897009996395032,0.4567943621362646,0.33768542827072695,0.13897009996395032,metrics/mAP50-95(B),2.5936356912912433,1.7775162392120194,1.3864208273955234,92.06899336770161,9.958493608005889e-05,89.67775343190068
34,0.13620948610122532,0.3003827246680719,0.13620948610122532,0.44472781177655624,0.33217565378587094,0.13620948610122532,metrics/mAP50-95(B),2.5853676517761133,1.7549306498749047,1.3914047009682318,91.67661460951345,9.95594374946158e-05,89.89036289712656
35,0.13864204913005773,0.30582208939723915,0.13864204913005773,0.4450909214633825,0.33728823637365046,0.13864204913005773,metrics/mAP50-95(B),2.5758899053804485,1.746322686110614,1.386934353715071,91.30199847122574,9.953318235195711e-05,88.52455513995626
36,0.13847438205263163,0.30649455758541444,0.13847438205263163,0.4455941664638161,0.3266710189323167,0.13847438205263163,metrics/mAP50-95(B),2.573933265721395,1.7549722242771344,1.376965246972757,91.25215583643191,9.950617105696965e-05,89.04303794529127
37,0.14043277760017162,0.30598438229208386,0.14043277760017162,0.44635627976102815,0.33752822391188353,0.14043277760017162,metrics/mAP50-95(B),2.5656405856331146,1.734017384156276,1.3749736252371851,90.75540923240271,9.947840402620096e-05,91.45790984941566
38,0.13231546498652555,0.29876639627528906,0.13231546498652555,0.4532427592412187,0.33132974308007895,0.13231546498652555,metrics/mAP50-95(B),2.5583595277958895,1.704843214059994,1.3827567641321679,90.27403434828298,9.944988168785303e-05,89.18629059169604
39,0.1433563320121743,0.3158096435757169,0.1433563320121743,0.44478802694651504,0.3499678191173247,0.1433563320121743,metrics/mAP50-95(B),2.55461219898877,1.7353680635616588,1.3709373091273376,90.53307745214897,9.942060448177558e-05,88.41036814814028
40,0.1475063420020966,0.3171578793684872,0.1475063420020966,0.45495477872134105,0.3483598759500677,0.1475063420020966,metrics/mAP50-95(B),2.5375281028945156,1.6956958478253696,1.3691444363822853,89.58188897884789,9.939057285945938e-05,87.63903202388597
41,0.15191072277031903,0.3254603155977635,0.15191072277031903,0.45976558857372224,0.36105505403918614,0.15191072277031903,metrics/mAP50-95(B),2.5318273073194333,1.7057538573328515,1.3676870122730667,89.63952149169656,9.935978728402916e-05,87.78220002547555
42,0.15299830783784635,0.33166445214648427,0.15299830783784635,0.4754093296338986,0.36735996201280813,0.15299830783784635,metrics/mAP50-95(B),2.5283219079804913,1.6799063610406582,1.3566682360814468,88.99670991720784,9.93282482302366e-05,86.7351608193439
43,0.1376859121414216,0.307293147340896,0.1376859121414216,0.4440651903582473,0.3326621400906356,0.1376859121414216,metrics/mAP50-95(B),2.554406891992334,1.7031040118850824,1.3692358496924912,89.96830798599426,9.929595618445291e-05,88.33845641094706
44,0.1503326560247581,0.32140078910030656,0.1503326560247581,0.4480148226477092,0.35713752518472647,0.1503326560247581,metrics/mAP50-95(B),2.525445729981592,1.6781387259551976,1.363310881438406,89.01467465782373,9.926291164466139e-05,87.62239903989045
45,0.14387049612769023,0.3125909406097654,0.14387049612769023,0.46457695307443636,0.34037931304589736,0.14387049612769023,metrics/mAP50-95(B),2.5220045815897354,1.6698215685077946,1.3551506602907128,88.7151489008214,9.922911512044971e-05,87.33312573640242
46,0.14860560173745718,0.322286689891436,0.14860560173745718,0.4527980378814381,0.3550132251966504,0.14860560173745718,metrics/mAP50-95(B),2.5110316691247823,1.6645941603014747,1.351508912044367,88.39714376435025,9.91945671330021e-05,87.46404843537704
47,0.15019892535223697,0.3203411344522333,0.15019892535223697,0.46741428335198115,0.3547376964121038,0.15019892535223697,metrics/mAP50-95(B),2.519745134605316,1.6632677529214384,1.3573640393196822,88.6093593626532,9.915926821509125e-05,87.34834637019945
48,0.15533043877790934,0.33090057955784313,0.15533043877790934,0.4639836390077312,0.3651879572823886,0.15533043877790934,metrics/mAP50-95(B),2.5122977224795093,1.646549729835506,1.3485898486660508,88.08271634799704,9.912321891107016e-05,86.12347572160803
49,0.14679052329397155,0.3139981871451007,0.14679052329397155,0.4461426560868318,0.3525873800787389,0.14679052329397155,metrics/mAP50-95(B),2.4996461421088796,1.648537135371205,1.3483469371187258,87.9075650555227,9.908641977686367e-05,86.91043661366338
50,0.15657054564894635,0.32983838511486635,0.15657054564894635,0.4505801898580495,0.36593216938263606,0.15657054564894635,metrics/mAP50-95(B),2.4931034566011916,1.6422685694798518,1.3485494464668348,87.68877580199663,9.904887137995996e-05,86.63693107107412
51,0.16554761084310796,0.34528215711245297,0.16554761084310796,0.4795817105015557,0.3765740113785742,0.16554761084310796,metrics/mAP50-95(B),2.4956088937095884,1.6351495331220305,1.3417857887310707,87.49846595090244,9.901057429940177e-05,84.71375067337699
52,0.15184650129052038,0.3329995687809022,0.15184650129052038,0.47046534092029885,0.36313464001955115,0.15184650129052038,metrics/mAP50-95(B),2.4828474035439863,1.6295331179640675,1.3430635071762775,87.24913360196345,9.897152912577745e-05,87.18425546729047
53,0.1629374040236907,0.3440045038132477,0.1629374040236907,0.48894888264798664,0.36990455631610536,0.1629374040236907,metrics/mAP50-95(B),2.4716554408245024,1.6190054551855688,1.3337353559590739,86.75259103223827,9.89317364612119e-05,86.2306392752606
54,0.1585429617940125,0.34222046586404625,0.1585429617940125,0.481486157890244,0.36965468171165416,0.1585429617940125,metrics/mAP50-95(B),2.475204327894271,1.6217140513132027,1.339737290774463,86.94213703700474,9.88911969193572e-05,85.20702048591946
55,0.16047455324801327,0.33288037100636664,0.16047455324801327,0.4416606352444059,0.36610878448645146,0.16047455324801327,metrics/mAP50-95(B),2.468544556374378,1.603787026657533,1.3313988973686193,86.41893403064724,9.884991112538323e-05,85.84883790223495
56,0.15961837398945666,0.3345657741925115,0.15961837398945666,0.46165264819400315,0.3698680769481215,0.15961837398945666,metrics/mAP50-95(B),2.457667585157646,1.6022298353578948,1.3211666303346565,86.05685143174365,9.880787971596805e-05,87.29047841611116
57,0.16592040173816489,0.3535485886265984,0.16592040173816489,0.48649970220768823,0.38867548118345036,0.16592040173816489,metrics/mAP50-95(B),2.451814454150434,1.5981129816080257,1.3207749663938482,85.88700531821215,9.876510333928795e-05,83.92880856057872
58,0.1702468326892444,0.3583510395834624,0.1702468326892444,0.4893137994154308,0.3825029564974613,0.1702468326892444,metrics/mAP50-95(B),2.4455444925873984,1.5964430322303897,1.3192771400854137,85.72458404907094,9.87215826550076e-05,83.80483517024828
59,0.1666691644861851,0.3467820351768314,0.1666691644861851,0.4730501719255585,0.37577346503949277,0.1666691644861851,metrics/mAP50-95(B),2.446976855770972,1.5949360800413426,1.316243007177875,85.6757863834094,9.867731833426976e-05,85.22618888357411
60,0.16357326437665926,0.35018537508644854,0.16357326437665926,0.47045881583388177,0.37970459622613945,0.16357326437665926,metrics/mAP50-95(B),2.443073805831901,1.5945422741033,1.3184675459903354,85.6526089317796,9.863231105968504e-05,85.2866680725761
61,0.160247257670014,0.33831103506586674,0.160247257670014,0.47322616663271155,0.378665270027464,0.160247257670014,metrics/mAP50-95(B),2.445860723762762,1.5713132128460716,1.3165709363985219,85.29324612050696,9.858656152532128e-05,84.84665772811226
62,0.1625088313340173,0.3474491501467603,0.1625088313340173,0.501058232935419,0.3717293176857637,0.1625088313340173,metrics/mAP50-95(B),2.4381092990887723,1.5999613622672686,1.3097531437353844,85.51995115373751,9.85400704366929e-05,84.54980695973272
63,0.17348092673907567,0.36351601628343827,0.17348092673907567,0.4934000774418242,0.39421770556217023,0.17348092673907567,metrics/mAP50-95(B),2.423074017044242,1.5656987983111856,1.3114498196537387,84.7497969183303,9.849283851074999e-05,83.61543041726817
64,0.18017090310407194,0.37624306782910283,0.18017090310407194,0.5187624894821474,0.39588455195321587,0.18017090310407194,metrics/mAP50-95(B),2.4146309812820337,1.5572616045841603,1.3087779242573803,84.4579959815305,9.844486647586729e-05,82.78692478511644
65,0.1691698790880475,0.34952904391499756,0.1691698790880475,0.45984889080689295,0.38480342427678593,0.1691698790880475,metrics/mAP50-95(B),2.4099604447769365,1.5506854940656747,1.3077913938717858,84.22935461711988,9.839615507183291e-05,84.86642092829165
66,0.17284475122780135,0.35867713876865176,0.17284475122780135,0.488890679464951,0.3827389908829732,0.17284475122780135,metrics/mAP50-95(B),2.392133932207247,1.5324176286013071,1.304743124133498,83.60161175826644,9.834670504983696e-05,84.32146332782247
67,0.17897721577665002,0.37471805137681957,0.17897721577665002,0.4927219896295593,0.40755655376204086,0.17897721577665002,metrics/mAP50-95(B),2.3869371553283742,1.5353066011889551,1.2905517733994072,83.34386887129156,9.829651717245996e-05,82.6469656985739
68,0.17565359300305253,0.368592555886566,0.17565359300305253,0.5013576541866983,0.3947748530953719,0.17565359300305253,metrics/mAP50-95(B),2.394806960416854,1.5329174322676373,1.2976488794079264,83.55482159680082,9.824559221366106e-05,82.71895278433095
69,0.1799971465753584,0.37363268705872926,0.1799971465753584,0.48769037432542056,0.4078842197076205,0.1799971465753584,metrics/mAP50-95(B),2.3827805027706934,1.5277290192139188,1.2917883415648566,83.19814545559649,9.819393095876612e-05,83.12588087994119
70,0.16947844860266761,0.3501498074704208,0.16947844860266761,0.46364041320112387,0.3872772590044218,0.16947844860266761,metrics/mAP50-95(B),2.3760688158002,1.5182084337185617,1.2955906931940575,82.98217082465618,9.81415342044556e-05,84.24723142540974
71,0.1787090636939123,0.3750035515526812,0.1787090636939123,0.4997743282187264,0.39788230703837946,0.1787090636939123,metrics/mAP50-95(B),2.387595708003611,1.5153007233025853,1.291879095193994,83.07466794828292,9.808840275875227e-05,82.09638132841691
72,0.18257618558547858,0.3804398167380658,0.18257618558547858,0.5180876633362796,0.4064970834529679,0.18257618558547858,metrics/mAP50-95(B),2.3801785668473987,1.515702278819443,1.2921586153681432,82.95814780814567,9.803453744100875e-05,82.95551489125127
73,0.18599723571192933,0.37816079954844123,0.18599723571192933,0.5032466096422487,0.41516894283888134,0.18599723571192933,metrics/mAP50-95(B),2.3573633662486935,1.5056022579173356,1.2784335693850253,82.20432785267138,9.797993908189487e-05,82.24524439106817
74,0.18942790796241707,0.38269002301546534,0.18942790796241707,0.5120012229084283,0.4135526086280697,0.18942790796241707,metrics/mAP50-95(B),2.3673718153715395,1.5042165445657436,1.2784289100827932,82.34738476169798,9.792460852338487e-05,81.36677972544794
75,0.1788024070562521,0.3730605677328241,0.1788024070562521,0.4977038600699484,0.40025925916476396,0.1788024070562521,metrics/mAP50-95(B),2.3557183687923517,1.5002786901940957,1.2783927972080142,82.10375134999515,9.78685466187444e-05,82.690454308883
76,0.18982350479385773,0.39266274721730104,0.18982350479385773,0.5244421071849351,0.41697108326597254,0.18982350479385773,metrics/mAP50-95(B),2.349795804288941,1.479879650580844,1.2756319320318874,81.62764313592776,9.78117542325174e-05,80.82694378728452
77,0.1834974842559091,0.38018952206829937,0.1834974842559091,0.5141986400381865,0.4107863184552558,0.1834974842559091,metrics/mAP50-95(B),2.3484818615596192,1.4896367396367156,1.2729447634165523,81.71794791518018,9.775423224051272e-05,81.79802302484927
78,0.18693938888115175,0.37531067149418734,0.18693938888115175,0.496526342701944,0.4186528021302313,0.18693938888115175,metrics/mAP50-95(B),2.3421752996247105,1.4792148666202436,1.270069799220419,81.40669403159372,9.769598152979062e-05,82.2404970832493
79,0.18245653487044952,0.3760020133736878,0.18245653487044952,0.5046232644847551,0.4077688209415415,0.18245653487044952,metrics/mAP50-95(B),2.33439138515435,1.4660973606738816,1.263941960155379,80.97578890685037,9.763700299864915e-05,81.62124545885169
80,0.187281404735812,0.38303104828594003,0.187281404735812,0.514790338791366,0.4173240139688555,0.187281404735812,metrics/mAP50-95(B),2.3350714250115296,1.4817549267147982,1.2689268607869664,81.3339453960323,9.757729755661019e-05,82.46854516734247
81,0.18890012298272665,0.39271691352221155,0.18890012298272665,0.5355641575606218,0.42480002655706867,0.18890012298272665,metrics/mAP50-95(B),2.3313952083806044,1.4591248379928856,1.2671249646656906,80.87481963179494,9.75168661244055e-05,81.22819199769393
82,0.1898629690569743,0.38840874775052686,0.1898629690569743,0.5043625901914442,0.4277193253004583,0.1898629690569743,metrics/mAP50-95(B),2.323479902263296,1.4443759922762864,1.2670837250114657,80.49732181212114,9.745570963396256e-05,81.10163153772768
83,0.18870202987285456,0.3879325460972332,0.18870202987285456,0.5046822447095707,0.42666593196961705,0.18870202987285456,metrics/mAP50-95(B),2.3181907688648384,1.4495746514789412,1.261947424877171,80.43354357237904,9.73938290283901e-05,81.38819782422937
84,0.19440105756290288,0.39413837693810133,0.19440105756290288,0.5068518354514006,0.4305866317050357,0.19440105756290288,metrics/mAP50-95(B),2.3203131915958783,1.4521438279874712,1.2591952579492052,80.4601490182991,9.733122526196358e-05,81.15396978958793
85,0.19004842287388987,0.3852933850490001,0.19004842287388987,0.5104277063808248,0.41723484022319873,0.19004842287388987,metrics/mAP50-95(B),2.305370701828336,1.4501632145862933,1.247676377923044,80.02031335653889,9.726789930011055e-05,80.56076670107635
86,0.19410060679290647,0.39511752062849315,0.19410060679290647,0.5093342939152649,0.42918274501953096,0.19410060679290647,metrics/mAP50-95(B),2.3126686066551585,1.446081169103978,1.258860872382036,80.24183612769407,9.720385211939566e-05,81.73185017627219
87,0.20243362665517292,0.40293116638535803,0.20243362665517292,0.5279623010555018,0.43074643691683273,0.20243362665517292,metrics/mAP50-95(B),2.3092849536706472,1.433964395406072,1.2576114385832617,79.96534839243249,9.713908470750569e-05,80.33506627290146
88,0.19838809217631087,0.4013493022847468,0.19838809217631087,0.5219372997596453,0.43910454210799194,0.19838809217631087,metrics/mAP50-95(B),2.298207141320864,1.4331356788799572,1.2500468322858946,79.67006206200453,9.707359806323424e-05,80.23460253839907
89,0.2034277087453165,0.4129031068068038,0.2034277087453165,0.5501568183434932,0.43839927234205156,0.2034277087453165,metrics/mAP50-95(B),2.2769669100658456,1.400744386626694,1.245835752107585,78.7281522844454,9.700739319646637e-05,79.34997898599376
90,0.20172959663506088,0.40985729857740355,0.20172959663506088,0.5340444910470629,0.4329553057031574,0.20172959663506088,metrics/mAP50-95(B),2.2885858636906,1.4195161591829364,1.242444460433598,79.18061304040407,9.694047112816304e-05,79.1017007496046
91,0.19414270704171874,0.3880768539965212,0.19414270704171874,0.5083728980077414,0.4169019382410115,0.19414270704171874,metrics/mAP50-95(B),2.2757414535191742,1.418101065161444,1.2344152883848942,78.79185534511554,9.68728328903453e-05,81.29603050895359
92,0.19233406009872683,0.39513197693547797,0.19233406009872683,0.5090196120347841,0.43196492530588215,0.19233406009872683,metrics/mAP50-95(B),2.2728977576466916,1.4006890893762478,1.2408644261900965,78.60653327101579,9.680447952607852e-05,80.8015434430993
93,0.2013642158883339,0.41336695482084435,0.2013642158883339,0.5420514396589516,0.43479406623941946,0.2013642158883339,metrics/mAP50-95(B),2.269223183295979,1.394918744800655,1.2374870246733287,78.37523390708598,9.673541208945604e-05,79.00736923217774
94,0.20755214472121136,0.4067468936982929,0.20755214472121136,0.5400217555833714,0.4218533451325166,0.20755214472121136,metrics/mAP50-95(B),2.261690143280487,1.4069590658241946,1.238283346757504,78.45195380889993,9.666563164558323e-05,79.33927021026611
95,0.205081233588761,0.41593673749097787,0.205081233588761,0.5391630361200899,0.43601123789565915,0.205081233588761,metrics/mAP50-95(B),2.2611036602257384,1.3983034688487828,1.2337989711579476,78.25853127715632,9.659513927056086e-05,79.07913388791292
96,0.20883222862296502,0.4260890594598033,0.20883222862296502,0.5608975046831032,0.454568467407441,0.20883222862296502,metrics/mAP50-95(B),2.252189471781449,1.4000894011951974,1.2332758386106502,78.12857698796229,9.652393605146852e-05,77.52226769820504
97,0.21140433301993805,0.42670935159354456,0.21140433301993805,0.5524640708080599,0.45017592526798805,0.21140433301993805,metrics/mAP50-95(B),2.2432349470475508,1.3839020055343956,1.23063759630873,77.6871393259895,9.645202308634798e-05,78.26709097986635
98,0.2155326506740504,0.43523306680241586,0.2155326506740504,0.5651567846501379,0.4532306670845956,0.2155326506740504,metrics/mAP50-95(B),2.2441069073609463,1.37306026160522,1.2270624606403946,77.4746432184783,9.637940148418606e-05,77.31690585924231
99,0.19481025571933797,0.3997042982042826,0.19481025571933797,0.5227920726039644,0.42048605846493037,0.19481025571933797,metrics/mAP50-95(B),2.2509635737574087,1.3776505036338464,1.236948771071148,77.8125659605669,9.630607236489776e-05,79.87890887882399
100,0.2129699519223246,0.4255738733436171,0.2129699519223246,0.5484456136016983,0.445332667010945,0.2129699519223246,metrics/mAP50-95(B),2.2382575309913575,1.3632334862696565,1.2266413300351982,77.2042047215652,9.623203685930879e-05,78.03321821793266
101,0.2094746413519811,0.42874595943376215,0.2094746413519811,0.5524405255115282,0.4441346359049232,0.2094746413519811,metrics/mAP50-95(B),2.2251158262417126,1.357089629155079,1.219295294555219,76.77350584423269,9.615729610913821e-05,78.32058757284413
102,0.20981870191268748,0.41507807341978165,0.20981870191268748,0.532613447248211,0.4353946923867334,0.20981870191268748,metrics/mAP50-95(B),2.233341336640303,1.3631472627235213,1.2274708569114834,77.15056038942826,9.60818512669809e-05,78.31762628969939
103,0.205148693893833,0.4125663199003047,0.205148693893833,0.5366864099510604,0.43838265684449934,0.205148693893833,metrics/mAP50-95(B),2.2252125389053363,1.3683589204837088,1.2211465779671622,76.99717012278516,9.600570349628961e-05,78.40672676252282
104,0.21092822435156214,0.4324572419001987,0.21092822435156214,0.5626362983569051,0.4554894817952471,0.21092822435156214,metrics/mAP50-95(B),2.2142818683886345,1.3543886979767645,1.2119213897763317,76.44571186177993,9.592885397135716e-05,77.52346253602401
105,0.21675613613806172,0.436536803442638,0.21675613613806172,0.5496042645713238,0.46061355189666275,0.21675613613806172,metrics/mAP50-95(B),2.2096206404780614,1.3483483328554076,1.2178267903520341,76.37218788171933,9.585130387729834e-05,77.83299719769022
106,0.22519644151846305,0.44220547592003356,0.22519644151846305,0.5722140675315908,0.45567686143542646,0.22519644151846305,metrics/mAP50-95(B),2.209651872401929,1.3390833896015046,1.2129477477645667,76.1573005268592,9.577305441003147e-05,76.88336508377739
107,0.21019523205148738,0.4295478141866718,0.21019523205148738,0.5593995409124698,0.4550882114326496,0.21019523205148738,metrics/mAP50-95(B),2.212240541124292,1.3426418646991318,1.2170949448285993,76.30822032982546,9.569410677626018e-05,77.86738376617431
108,0.21814734213624545,0.4370987169855396,0.21814734213624545,0.5804165192360232,0.4413568857923682,0.21814734213624545,metrics/mAP50-95(B),2.1889602370974544,1.3305839641403605,1.2055678033516737,75.56400698013888,9.561446219345463e-05,77.54771900177002
109,0.21645697757067267,0.4284654577692087,0.21645697757067267,0.5400376464921343,0.4617927386845076,0.21645697757067267,metrics/mAP50-95(B),2.2050023268717327,1.3414056378466483,1.210174377637965,76.07190718073622,9.553412188983283e-05,76.91655120020327
110,0.21250413830868842,0.42954999648878794,0.21250413830868842,0.5601630458002415,0.4513527094559541,0.21250413830868842,metrics/mAP50-95(B),2.186285777791376,1.3252950273007318,1.201534423339328,75.37245104591095,9.545308710434164e-05,77.33665534309719
111,0.2168443483383972,0.4365806591152405,0.2168443483383972,0.5745823925973298,0.4437126874816754,0.2168443483383972,metrics/mAP50-95(B),2.183918173986537,1.3214813524140137,1.1986449026099468,75.22517899208526,9.537135908663767e-05,77.4570474707562
112,0.22252545734759804,0.44355525785789185,0.22252545734759804,0.5697899063039069,0.4540597753608413,0.22252545734759804,metrics/mAP50-95(B),2.1681571647671083,1.3135374764319725,1.2032015518637753,74.93231734896695,9.528893909706808e-05,75.94487371030061
113,0.23508516759482537,0.4606553765045289,0.23508516759482537,0.5948297090316682,0.47077828923104015,0.23508516759482537,metrics/mAP50-95(B),2.171310146996343,1.312076428464351,1.203592804812033,74.95934099303467,9.520582840665106e-05,74.83587399358335
114,0.2228226763035964,0.4403542920081014,0.2228226763035964,0.5685005710803058,0.4640769013983535,0.2228226763035964,metrics/mAP50-95(B),2.169665979195057,1.3087067377216293,1.200369275513236,74.82670375279018,9.512202829705627e-05,76.22903628141984
115,0.21886459353834045,0.4474662588664193,0.21886459353834045,0.6039224027024344,0.4534978910438907,0.21886459353834045,metrics/mAP50-95(B),2.1554844018027204,1.2945040160203058,1.1871183045947824,74.13963703084798,9.503754006058508e-05,75.92948183806047
116,0.21632589689475604,0.44460965202255337,0.21632589689475604,0.5831313635119222,0.45270786594878243,0.21632589689475604,metrics/mAP50-95(B),2.1621280844884976,1.3028938693594647,1.18971308360573,74.43174353446669,9.495236500015058e-05,77.02024021148682
117,0.22998045546341966,0.45330463951444017,0.22998045546341966,0.5826625024585845,0.46859310511406327,0.22998045546341966,metrics/mAP50-95(B),2.156823660711166,1.2981988415853278,1.190756645496435,74.28882867195354,9.486650442925761e-05,73.95256243166716
118,0.22251056269029723,0.4511334165199121,0.22251056269029723,0.572732701012021,0.4645891137994897,0.22251056269029723,metrics/mAP50-95(B),2.1607129673921426,1.3010515178042903,1.196247210094427,74.48182148657813,9.477995967198234e-05,76.08481090379797
119,0.227247622976669,0.4527599271130697,0.227247622976669,0.5823859993723338,0.47043349830706777,0.227247622976669,metrics/mAP50-95(B),2.12980577144914,1.2677415352611272,1.1816159682419465,73.21450020260744,9.469273206295204e-05,75.29065489561661
120,0.22819519823298087,0.4548351042297168,0.22819519823298087,0.593589071661929,0.4661708391643127,0.22819519823298087,metrics/mAP50-95(B),2.152649954075122,1.2893449625766134,1.1874992577044239,74.03816058201514,9.460482294732432e-05,75.434141233693
121,0.2320027124217227,0.4485686082803207,0.2320027124217227,0.5817084104048726,0.4676524323134785,0.2320027124217227,metrics/mAP50-95(B),2.136336043720807,1.2744112922815096,1.180407427584462,73.42827699384617,9.45162336807665e-05,74.70648996104364
122,0.22734024200715638,0.45516252747525354,0.22734024200715638,0.5691856488613233,0.48246788443672206,0.22734024200715638,metrics/mAP50-95(B),2.129604357279504,1.2754069280728388,1.1811291225733909,73.35552977891629,9.442696562943464e-05,75.50640927190366
123,0.23281190046751565,0.46454173527875975,0.23281190046751565,0.5960320260152034,0.47582493653550006,0.23281190046751565,metrics/mAP50-95(B),2.121263442798685,1.2634561787254808,1.1783547435878017,72.9636162494755,9.433702016995253e-05,75.01320585997209
124,0.24007503209753306,0.4795450854348971,0.24007503209753306,0.6113100931023885,0.48758297755217717,0.24007503209753306,metrics/mAP50-95(B),2.1144043100569214,1.253014566529148,1.1730238481332327,72.60236085332207,9.424639868939045e-05,73.6928713010705
125,0.23212377975639883,0.4563637523973442,0.23212377975639883,0.5749091146338,0.4802716986648801,0.23212377975639883,metrics/mAP50-95(B),2.11959856066085,1.268830976478406,1.1703025232614581,72.9049055833723,9.41551025852437e-05,74.77613812322203
126,0.23077038727947682,0.4639385116814092,0.23077038727947682,0.5889259128807741,0.4734158256362435,0.23077038727947682,metrics/mAP50-95(B),2.118209454849476,1.261893666947551,1.1745162310491082,72.83627415847363,9.406313326541115e-05,74.23632217075514
127,0.23857305719588953,0.47276971164100307,0.23857305719588953,0.5931176538403552,0.4858389456616022,0.23857305719588953,metrics/mAP50-95(B),2.1100285019453375,1.2482481983651772,1.1705365524817188,72.42752027771596,9.397049214817349e-05,73.46533670010774
128,0.2323164436141749,0.4597462456971611,0.2323164436141749,0.5740067595116709,0.4758102778963352,0.2323164436141749,metrics/mAP50-95(B),2.1183285431097483,1.2717069608434597,1.1761809660278204,73.00936457843011,9.387718066217136e-05,74.63343792790953
129,0.23524740860449364,0.4692464520085134,0.23524740860449364,0.5825735535259922,0.489565008034407,0.23524740860449364,metrics/mAP50-95(B),2.115067894482171,1.2586602134428992,1.168550772521332,72.6404318856309,9.378320024638331e-05,73.65882359380308
130,0.23494255921401078,0.46832058169203483,0.23494255921401078,0.6161883977984611,0.4615862356326796,0.23494255921401078,metrics/mAP50-95(B),2.089299492773599,1.2373256269952073,1.155460302221346,71.66618423295515,9.368855235010358e-05,73.78876812147058
131,0.23814994252048075,0.4713972254778904,0.23814994252048075,0.5988512565356787,0.47610139340403346,0.23814994252048075,metrics/mAP50-95(B),2.0921035720321837,1.2433290575166824,1.16729994396087,72.00790993493932,9.359323843291983e-05,73.68624426800272
132,0.2323153968630814,0.46405311182597897,0.2323153968630814,0.5850772851789966,0.4783987251105331,0.2323153968630814,metrics/mAP50-95(B),2.086386158786137,1.2385345448454437,1.1638334140652788,71.77756907505713,9.349725996469058e-05,74.04518368762473
133,0.24196554574012183,0.47592926971102517,0.24196554574012183,0.5925896700008625,0.49747214873578166,0.24196554574012183,metrics/mAP50-95(B),2.0882785450281207,1.2429772527033267,1.1603623568166692,71.82635983099985,9.340061842552252e-05,73.67545553290326
134,0.23657014473484955,0.45857673886134315,0.23657014473484955,0.5833151893095497,0.4808012885505835,0.23657014473484955,metrics/mAP50-95(B),2.0791871455399527,1.2366083632898694,1.1499788214492175,71.40997151798095,9.330331530574778e-05,73.37922743921695
135,0.22953817689223063,0.45862269309657444,0.22953817689223063,0.5864108362325537,0.46862141389965517,0.22953817689223063,metrics/mAP50-95(B),2.0713925455232745,1.2226449095825853,1.157567332784118,71.17534473964146,9.320535210590079e-05,73.62629732878312
136,0.24585050135292025,0.483943191937587,0.24585050135292025,0.6124335994768788,0.48627545909739855,0.24585050135292025,metrics/mAP50-95(B),2.078072893450538,1.2184721089111419,1.1545683132523148,71.18843694913609,9.310673033669531e-05,72.79124691175377
137,0.24663106488819272,0.47968429299512044,0.24663106488819272,0.6134156353449131,0.48478995033536787,0.24663106488819272,metrics/mAP50-95(B),2.065337788967686,1.2167666312002434,1.1561257955552187,70.96070185820435,9.300745151900099e-05,72.65500148275625
138,0.24567392822542183,0.4745388925887417,0.24567392822542183,0.5971016574606126,0.4837834541770251,0.24567392822542183,metrics/mAP50-95(B),2.0619398122785397,1.2056790124239032,1.1473940913783816,70.60336055776415,9.290751718382006e-05,73.53633236263109
139,0.24714452329657152,0.487122211367456,0.24714452329657152,0.606565191302318,0.5043341527442246,0.24714452329657152,metrics/mAP50-95(B),2.0639075775312885,1.2231540539532477,1.152760793689553,71.00176551843808,9.280692887226354e-05,72.2588431648586
140,0.25050128455857196,0.4882851629620317,0.25050128455857196,0.6221550940378822,0.4938362907980225,0.25050128455857196,metrics/mAP50-95(B),2.056006079671687,1.2053615983855894,1.141804819213655,70.41665654198034,9.270568813552766e-05,72.14584712152896
141,0.24837285567408518,0.4859164660152863,0.24837285567408518,0.6102817567588529,0.5024316776907654,0.24837285567408518,metrics/mAP50-95(B),2.0597576380036,1.204312910950431,1.1478745022802863,70.56229541657925,9.260379653486981e-05,72.44089042829431
142,0.25664855525823677,0.5008091904463328,0.25664855525823677,0.6329778586395435,0.5079883554710893,0.25664855525823677,metrics/mAP50-95(B),2.0469642466781184,1.196052220584002,1.1442221110623692,70.16058127050701,9.250125564158452e-05,72.30728245610776
143,0.24121840694072094,0.47367568556773954,0.24121840694072094,0.5933181187152462,0.4835514142657164,0.24121840694072094,metrics/mAP50-95(B),2.0499846628474043,1.2011454845722784,1.151700824011633,70.39895028766395,9.23980670369792e-05,73.93168764529021
144,0.2556751813909005,0.49315474279909416,0.2556751813909005,0.6156936877116803,0.5024980349143043,0.2556751813909005,metrics/mAP50-95(B),2.0435787907343523,1.1997491489839918,1.1473244827732265,70.20961780610496,9.229423231234983e-05,72.06331930575163
145,0.250086695321458,0.49535825644063003,0.250086695321458,0.6309589774260158,0.5023195523230776,0.250086695321458,metrics/mAP50-95(B),2.0308662044572987,1.1904562137119123,1.1389736340766126,69.72694763466473,9.218975306895627e-05,72.18941516876221
146,0.24678112288456563,0.47452755652685763,0.24678112288456563,0.6109737334854725,0.49046411279769225,0.24678112288456563,metrics/mAP50-95(B),2.044254246558852,1.1896195547531319,1.1439063937089435,69.99999244964499,9.20846309179977e-05,72.67940370310907
147,0.25274629000369775,0.48879607383681406,0.25274629000369775,0.6082258656768605,0.4944195295898497,0.25274629000369775,metrics/mAP50-95(B),2.0281279916461705,1.1755676316330972,1.1366571592270613,69.4169811635657,9.197886748058776e-05,72.05556552721106
148,0.2549507064930527,0.5001899326322737,0.2549507064930527,0.6334720770152086,0.5068219793049286,0.2549507064930527,metrics/mAP50-95(B),2.026383965980006,1.1734926317744323,1.136739072583884,69.35180299648671,9.187246438772946e-05,71.95071814163872
149,0.25334839423933764,0.49286536228329497,0.25334839423933764,0.6203134785269523,0.49799082047985377,0.25334839423933764,metrics/mAP50-95(B),2.027670939720054,1.1842274622932776,1.1363402220909051,69.53198481802072,9.176542328029013e-05,71.93334410294243
150,0.25545130759437956,0.494922493380265,0.25545130759437956,0.6152304456862931,0.5001037254183284,0.25545130759437956,metrics/mAP50-95(B),2.0212817712074536,1.1743285563025896,1.1302209758446546,69.15583746357858,9.165774580897607e-05,72.28998271278714
151,0.2668747058025932,0.5165768459723011,0.2668747058025932,0.6316882636499707,0.5210331772116132,0.2668747058025932,metrics/mAP50-95(B),2.014929224256601,1.1787348688623767,1.134513424358035,69.20251375404283,9.154943363430708e-05,70.23023805203646
152,0.2503465586617824,0.476804420185635,0.2503465586617824,0.5862919034597275,0.5031894918819919,0.2503465586617824,metrics/mAP50-95(B),2.01676069182164,1.169302135023452,1.1332027241993887,69.0816109947446,9.144048842659089e-05,73.06293637648872
153,0.2542678122691265,0.49508061508682993,0.2542678122691265,0.6168541398943107,0.5117441204131646,0.2542678122691265,metrics/mAP50-95(B),2.0010088190777613,1.1575360551655227,1.1272036177121436,68.5302076974118,9.133091186589737e-05,71.58019317129384
154,0.26712438052549936,0.5204156955667704,0.26712438052549936,0.647664026528374,0.5235599981490132,0.26712438052549936,metrics/mAP50-95(B),2.0010844060872865,1.1605282223731637,1.1289928118041193,68.61444811888583,9.122070564203264e-05,70.24980043328327
155,0.26528978153821925,0.5099114884168404,0.26528978153821925,0.6332249720196982,0.5161610234392638,0.26528978153821925,metrics/mAP50-95(B),1.995125148002558,1.1512209656064356,1.1250721735548688,68.30463550446987,9.1109871454513e-05,70.70089912414551
156,0.26113911603661843,0.5090059110360726,0.26113911603661843,0.6113843343943958,0.5282638024275906,0.26113911603661843,metrics/mAP50-95(B),1.9987275564033566,1.1537884238827059,1.1298603974485866,68.48517786897516,9.099841101253874e-05,71.19167307978091
157,0.25540650640386336,0.4993957907648494,0.25540650640386336,0.6186111646375222,0.5057646660111598,0.25540650640386336,metrics/mAP50-95(B),1.9828876098343695,1.1472057217860039,1.1222852394391043,68.00298659596085,9.088632603496775e-05,71.60773283916971
158,0.2630107490000469,0.5074612429325362,0.2630107490000469,0.6308101758290793,0.5131138009301699,0.2630107490000469,metrics/mAP50-95(B),1.9900611050776333,1.1428288246059106,1.122241987461872,68.0487428184684,9.077361825028904e-05,70.9220039450604
159,0.25979967589508907,0.5070837983802642,0.25979967589508907,0.6309029153542731,0.513042511430541,0.25979967589508907,metrics/mAP50-95(B),1.9798345859594146,1.1406235852184317,1.1184322385517564,67.77876525512828,9.066028939659606e-05,70.28528593312139
160,0.26487668965270866,0.5120852073607197,0.26487668965270866,0.6411938038237791,0.5227592227130664,0.26487668965270866,metrics/mAP50-95(B),1.9883910492956314,1.1383904062674637,1.11487839110155,67.83981516265037,9.054634122155996e-05,70.56161742003067
161,0.2613125459721651,0.5041864509413873,0.2613125459721651,0.6228851468445749,0.5112547884572675,0.2613125459721651,metrics/mAP50-95(B),1.976064819416017,1.141748043872018,1.1124376607175221,67.65884081175959,9.043177548240254e-05,71.78435018788214
162,0.26646387958992446,0.5129450805630601,0.26646387958992446,0.6392741724527488,0.515616147708144,0.26646387958992446,metrics/mAP50-95(B),1.973091101698423,1.1392715063063894,1.1174897446887184,67.64903130318112,9.031659394586923e-05,69.85805392057999
163,0.27160395021230965,0.5353737487577311,0.27160395021230965,0.6599775896941876,0.5343273402130725,0.27160395021230965,metrics/mAP50-95(B),1.9656026570071572,1.1186660517783045,1.108561497088217,67.0613555929003,9.020079838820183e-05,69.85818840524425
164,0.26985016080369095,0.5266225123005505,0.26985016080369095,0.6525597936174714,0.5309519549864343,0.26985016080369095,metrics/mAP50-95(B),1.9559186876405157,1.1176623889898136,1.1079486738504474,66.88311503835696,9.008439059511105e-05,69.98418979644775
165,0.2669950604579286,0.5235082089598696,0.2669950604579286,0.6546841902445153,0.5117152837691278,0.2669950604579286,metrics/mAP50-95(B),1.9580911160035377,1.1242592230097939,1.110619558112832,67.06152532196877,8.996737236174906e-05,69.83903309365978
166,0.2667718135651089,0.5200693932710784,0.2667718135651089,0.6437641125501268,0.5195815201878854,0.2667718135651089,metrics/mAP50-95(B),1.9552270454824816,1.1218933933043818,1.1068953048831893,66.91090976502929,8.98497454926818e-05,68.99469019848368
167,0.2690772727901517,0.521567834856468,0.2690772727901517,0.6459265922141458,0.530600704251706,0.2690772727901517,metrics/mAP50-95(B),1.9641088405898248,1.1234538300346781,1.1102066596435747,67.12380691079044,8.973151180186112e-05,69.46495104250701
168,0.2690299400274142,0.5271167664907775,0.2690299400274142,0.6484727990624214,0.5291980804559097,0.2690299400274142,metrics/mAP50-95(B),1.9487954281928626,1.1125819700624846,1.1121074028207536,66.7412445812995,8.961267311259673e-05,68.84035734922989
169,0.27208752220133126,0.5253808530800934,0.27208752220133126,0.6466510951504915,0.5293722036153231,0.27208752220133126,metrics/mAP50-95(B),1.9546438707780163,1.1183617175145393,1.1101675662765587,66.88079632225578,8.94932312575283e-05,69.6865648518438
170,0.27219940424067385,0.52206371712959,0.27219940424067385,0.6363064789359725,0.5248879433438625,0.27219940424067385,metrics/mAP50-95(B),1.938798624920611,1.103741540318617,1.1024449199210598,66.28689150045847,8.937318807859694e-05,69.3500614663829
171,0.260899946033893,0.49937343507314175,0.260899946033893,0.6103518158996728,0.5237519947483852,0.260899946033893,metrics/mAP50-95(B),1.9474814033040304,1.1011797575810223,1.0980640107048767,66.31322299953115,8.9252545427017e-05,70.02841381404711
172,0.2765824851684599,0.5317942834115331,0.2765824851684599,0.6499272469948728,0.5419675771352895,0.2765824851684599,metrics/mAP50-95(B),1.9278258923745857,1.1088442407881551,1.0967887459950463,66.08290400447866,8.913130516324738e-05,68.98707122802735
173,0.2764165397301598,0.53443648028533,0.2764165397301598,0.6597022854368035,0.5398638094725321,0.2764165397301598,metrics/mAP50-95(B),1.9357195928806568,1.1037469025916595,1.1041271876352825,66.25322575293555,8.900946915696297e-05,68.4669625821321
174,0.2726994885713912,0.5373652623358215,0.2726994885713912,0.6643383766779675,0.5316093704049424,0.2726994885713912,metrics/mAP50-95(B),1.9431794378723677,1.0945840438293657,1.092727814401899,66.0564990236039,8.888703928702568e-05,69.14932469907015
175,0.276906373568692,0.5313929871592582,0.276906373568692,0.6696356323796754,0.5202989646384834,0.276906373568692,metrics/mAP50-95(B),1.92649156498675,1.0895676408105224,1.0933270872354248,65.70554414206269,8.876401744145554e-05,68.41125472524892
176,0.2810398634189998,0.5428649790141994,0.2810398634189998,0.6696068319148857,0.5495504934076835,0.2810398634189998,metrics/mAP50-95(B),1.9293088387766997,1.0924226068683383,1.096827016401967,65.85353762710888,8.864040551740163e-05,67.67872747338336
177,0.2751162924883658,0.5353524320797893,0.2751162924883658,0.6477807271504274,0.5337925221587096,0.2751162924883658,metrics/mAP50-95(B),1.9301675052393223,1.0949427961913163,1.0954538102108364,65.89916502558418,8.851620542111271e-05,68.60133310400921
178,0.2763170908682372,0.5299227189784983,0.2763170908682372,0.6495239776053915,0.5391599305550233,0.2763170908682372,metrics/mAP50-95(B),1.9146745060626398,1.0839646851223455,1.091371693293947,65.41061859172459,8.839141906790794e-05,68.84501408286717
179,0.2686636306518156,0.528213143288588,0.2686636306518156,0.6349397287355484,0.5432305988957408,0.2686636306518156,metrics/mAP50-95(B),1.9222463122370979,1.0860139695742659,1.0928501711026923,65.57808416568336,8.82660483821472e-05,68.94694238745647
180,0.2709887046422219,0.5262246681447517,0.2709887046422219,0.6451178011531085,0.5313729622484992,0.2709887046422219,metrics/mAP50-95(B),1.9134699667813084,1.0819091872924547,1.087123510166759,65.28499852869997,8.81400952972016e-05,68.41566484700078
181,0.2830058135682411,0.5436903680354,0.2830058135682411,0.6777917986144367,0.5388467745371867,0.2830058135682411,metrics/mAP50-95(B),1.9036587806928378,1.072745443365436,1.090852316879264,65.0346080484671,8.801356175542351e-05,67.87232582258142
182,0.2834434397606434,0.5422129113579409,0.2834434397606434,0.6627869441337171,0.5422056938366118,0.2834434397606434,metrics/mAP50-95(B),1.9042767273300736,1.0840212312428485,1.0835794239683785,65.10394042502833,8.788644970811666e-05,67.56713225323222
183,0.27423929925893376,0.5324287263597709,0.27423929925893376,0.6520865486769892,0.5350221610044963,0.27423929925893376,metrics/mAP50-95(B),1.9119503956974657,1.0749431961950324,1.088426890719028,65.16842002411055,8.775876111550608e-05,69.10716785762621
184,0.27990385728414874,0.5469930066256806,0.27990385728414874,0.6595394049868964,0.548040543313176,0.27990385728414874,metrics/mAP50-95(B),1.905370020879394,1.0773314298044245,1.0897255509344286,65.13245373125815,8.763049794670782e-05,68.38753308835237
185,0.27554752068979316,0.5338118676119336,0.27554752068979316,0.660161183843468,0.5312196062064619,0.27554752068979316,metrics/mAP50-95(B),1.8912953988546373,1.0644218815712008,1.0854951894010296,64.60433696634507,8.750166217969862e-05,68.4909623933875
186,0.2832572317130074,0.5477616630349691,0.2832572317130074,0.6622923510037019,0.5397771861756792,0.2832572317130074,metrics/mAP50-95(B),1.891733936031096,1.0680831879084867,1.0826344118903481,64.64683514202954,8.737225580128538e-05,67.8125985187033
187,0.27669854405493155,0.5347291349255944,0.27669854405493155,0.6498873253846722,0.537893349389824,0.27669854405493155,metrics/mAP50-95(B),1.8898840792956504,1.0681563232951232,1.0828514056871346,64.62221273965118,8.724228080707452e-05,68.23049293186354
188,0.2819049326584546,0.5367426375094421,0.2819049326584546,0.6570827085966878,0.5423450875276933,0.2819049326584546,metrics/mAP50-95(B),1.883797728248355,1.060094361411836,1.0836978132878161,64.41271697057893,8.711173920144127e-05,67.70694162949272
189,0.292728595654429,0.5570785222502114,0.292728595654429,0.6886487440360555,0.5541646238079311,0.292728595654429,metrics/mAP50-95(B),1.8732055352844355,1.0542175634281716,1.0738257241223084,63.98913004302147,8.698063299749865e-05,66.55275936126709
190,0.2796861490541228,0.5433288364885905,0.2796861490541228,0.6632991085872718,0.5455755658953447,0.2796861490541228,metrics/mAP50-95(B),1.881531397154963,1.0618236137710455,1.0806716276229142,64.35251721847018,8.684896421706652e-05,69.10193252563477
191,0.29365033193903023,0.566131351731734,0.29365033193903023,0.6780096751220025,0.5604159980650678,0.29365033193903023,metrics/mAP50-95(B),1.8782743515859124,1.0494055489937377,1.0757853449235957,64.02015860338118,8.671673489064035e-05,67.27109496904455
192,0.28474106544428174,0.5467118722964678,0.28474106544428174,0.6623738540581384,0.5527673460731876,0.28474106544428174,metrics/mAP50-95(B),1.866576049554049,1.0416498170229185,1.0757830826120782,63.70907277447317,8.658394705735995e-05,67.564502691186
193,0.29184020862316357,0.5616909939098742,0.29184020862316357,0.6646992243993783,0.5711677998189943,0.29184020862316357,metrics/mAP50-95(B),1.8602470717877313,1.0449008969600224,1.0721823417763414,63.605765537191246,8.645060276497796e-05,67.13562864220661
194,0.28558002455169407,0.5468622442646505,0.28558002455169407,0.6706044995535217,0.5451520846464933,0.28558002455169407,metrics/mAP50-95(B),1.8697713985957911,1.0447651891437975,1.0721998589119448,63.75181182312211,8.631670406982831e-05,67.579140754368
195,0.2905449621932891,0.5576472117858641,0.2905449621932891,0.6589222399498128,0.5641904343116225,0.2905449621932891,metrics/mAP50-95(B),1.8566307129750725,1.0454536404058483,1.072179192350111,63.5594112267281,8.618225303679456e-05,66.93445044807765
196,0.28775590543581164,0.5543436591452789,0.28775590543581164,0.6796234785521017,0.5476649756356031,0.28775590543581164,metrics/mAP50-95(B),1.8598590006355111,1.0442091359176968,1.0724615010726413,63.59549915309561,8.604725173927793e-05,67.97063636779785
197,0.2810866876226873,0.5478999079357705,0.2810866876226873,0.6743185330083126,0.5416679721518767,0.2810866876226873,metrics/mAP50-95(B),1.8545038153457019,1.0421673372436635,1.0689952847351816,63.414479516714714,8.591170225916544e-05,68.26428874471914
198,0.28645818866926676,0.5546092000960243,0.28645818866926676,0.6713494556887561,0.5521584503599621,0.28645818866926676,metrics/mAP50-95(B),1.8641371836189096,1.0462378615446413,1.07298157616816,63.70876057873375,8.577560668679775e-05,67.79261013528576
199,0.2921302163506413,0.5596190744688768,0.2921302163506413,0.6729433933970163,0.5557778690024375,0.2921302163506413,metrics/mAP50-95(B),1.848419429041697,1.0349445516566544,1.0728155718374928,63.25372156790065,8.563896712093695e-05,67.43277753747027
200,0.29401214468777664,0.567138786161581,0.29401214468777664,0.6775678261186524,0.5670316108927924,0.29401214468777664,metrics/mAP50-95(B),1.8452308896843714,1.0260917573614754,1.0727119733099069,63.07513151512021,8.550178566873418e-05,67.51821938390317
201,0.29184699040689316,0.554808337494363,0.29184699040689316,0.6583362543971245,0.5551244165063217,0.29184699040689316,metrics/mAP50-95(B),1.8556524799200285,1.0306168773507083,1.0682784136275039,63.238090569216396,8.536406444569714e-05,66.8390697064607
202,0.29215688820617325,0.5589249175104859,0.29215688820617325,0.6674344316451197,0.559671671329841,0.29215688820617325,metrics/mAP50-95(B),1.8474636214380047,1.0257905565990357,1.0667252007591554,63.008112866849906,8.522580557565743e-05,66.38703450741976
203,0.29435901271101633,0.5584865510698362,0.29435901271101633,0.6749886639739454,0.5571352622310636,0.29435901271101633,metrics/mAP50-95(B),1.8396440271202845,1.0253958429739025,1.0627309263987526,62.813818728780795,8.508701119073789e-05,66.7926324678504
204,0.3024926636406725,0.5793092557379363,0.3024926636406725,0.689288005956256,0.5801942937198805,0.3024926636406725,metrics/mAP50-95(B),1.8311324300266794,1.0132377332273461,1.0596239026006202,62.43529130068314,8.494768343131962e-05,65.61821667215098
205,0.3000910911163698,0.5738640196770279,0.3000910911163698,0.7006067894653891,0.5663393218198415,0.3000910911163698,metrics/mAP50-95(B),1.8334287549313177,1.0169523103871547,1.062943065244473,62.576042994808084,8.480782444600905e-05,65.68063055950662
206,0.29034291133274986,0.5587439338129055,0.29034291133274986,0.6694039467593939,0.5593734080588931,0.29034291133274986,metrics/mAP50-95(B),1.8281093220934352,1.0137345328065794,1.0596814810124713,62.387707650986464,8.46674363916047e-05,66.54480900142504
207,0.2877219588636593,0.5544592527233014,0.2877219588636593,0.6746554819080238,0.5520827007097181,0.2877219588636593,metrics/mAP50-95(B),1.8303148180343853,1.009573130272207,1.0598293661161233,62.36972806549904,8.452652143306408e-05,66.59188106371009
208,0.29729740941341753,0.5672916193312633,0.29729740941341753,0.6845694260868355,0.5674276233860323,0.29729740941341753,metrics/mAP50-95(B),1.829759606553268,1.004270433307084,1.0597225534876924,62.2622890493212,8.438508174347016e-05,65.76718819659689
209,0.30490264894815183,0.5801769418022332,0.30490264894815183,0.7054597656217546,0.5715856222880852,0.30490264894815183,metrics/mAP50-95(B),1.8256507421657848,1.0147711288837986,1.0573900704035453,62.33939289812693,8.424311950399791e-05,66.26221888168999
210,0.29363770376489656,0.5597151925770282,0.29363770376489656,0.662597314074725,0.5586139289244204,0.29363770376489656,metrics/mAP50-95(B),1.8208739494939408,1.0032378678558438,1.0570055138453793,62.065523012383814,8.41006369038807e-05,66.24415429986041
211,0.29379454308548747,0.5656275794586986,0.29379454308548747,0.6867461710964881,0.5624728809671687,0.29379454308548747,metrics/mAP50-95(B),1.8196791139397783,1.0138297367966942,1.0551794590580814,62.1880954172515,8.395763614037644e-05,66.74230589659318
212,0.3018256262184635,0.5810486527154689,0.3018256262184635,0.7058960266172826,0.5718965636914363,0.3018256262184635,metrics/mAP50-95(B),1.8240781655228384,1.017307016783218,1.0558821283353974,62.32585639080018,8.381411941873385e-05,65.60291561458422
213,0.299650397741158,0.5746766839361362,0.299650397741158,0.7012145580644632,0.5603912002897605,0.299650397741158,metrics/mAP50-95(B),1.8134395422306289,1.0049015972905486,1.0568562465249647,61.975205484887375,8.367008895215829e-05,66.58023814325747
214,0.2880447850940528,0.5500713193543597,0.2880447850940528,0.6525956285693204,0.5596846394949926,0.2880447850940528,metrics/mAP50-95(B),1.818757413322819,1.0054292003162035,1.054367819945191,62.0257240990126,8.352554696177776e-05,66.60333607715108
215,0.2978929397831169,0.5747837558515315,0.2978929397831169,0.691966943125554,0.5720254646279438,0.2978929397831169,metrics/mAP50-95(B),1.8117497431412908,0.9960065140198985,1.0557320398748766,61.768211581064804,8.338049567660851e-05,65.92885373157003
216,0.2953952729471654,0.561330940319816,0.2953952729471654,0.6734454963445354,0.5659517146459273,0.2953952729471654,metrics/mAP50-95(B),1.8164955258629445,0.9903921599996519,1.0526979086573278,61.72619719177712,8.323493733352083e-05,66.5867040468299
217,0.29906928736693156,0.5728107087979774,0.29906928736693156,0.6871797176969286,0.5693660494018284,0.29906928736693156,metrics/mAP50-95(B),1.8075379640221465,0.9988859246445326,1.0536657693341878,61.71889728808221,8.308887417720445e-05,66.57695563772451
218,0.3061211481547901,0.5756525686766129,0.3061211481547901,0.6965628740195576,0.5720907778147889,0.3061211481547901,metrics/mAP50-95(B),1.8145805560905515,0.988952170931526,1.058094869718167,61.73603070757251,8.294230846013388e-05,64.9502337248429
219,0.299449751915753,0.573528130490402,0.299449751915753,0.689519024863969,0.5706283037129191,0.299449751915753,metrics/mAP50-95(B),1.802114276745587,0.9863928088120052,1.0570328901222255,61.49501037597656,8.27952424425338e-05,66.04182953212572
220,0.3021350224998299,0.5743989368135004,0.3021350224998299,0.6874724222012131,0.5631957355887356,0.3021350224998299,metrics/mAP50-95(B),1.792072976558523,0.9785048402967734,1.0478294680916755,61.06971291653333,8.264767839234417e-05,65.61101808962614
221,0.31419730254483774,0.5969581067511768,0.31419730254483774,0.7015241820276802,0.5835449149879999,0.31419730254483774,metrics/mAP50-95(B),1.7996619190358543,0.9886133256109356,1.048853307734919,61.35626831387486,8.249961858518515e-05,65.04816008858059
222,0.2970698570628356,0.5681168040143408,0.2970698570628356,0.6792663196479177,0.5666966203864604,0.2970698570628356,metrics/mAP50-95(B),1.7907577647767645,0.983225530405471,1.048329661820681,61.12866127114,8.235106530432214e-05,65.56819856892461
223,0.3074453551154321,0.5769718696143465,0.3074453551154321,0.6860128138668311,0.5732820873119502,0.3074453551154321,metrics/mAP50-95(B),1.7972791910561507,0.9840015207733167,1.0506215755266088,61.27031558836559,8.220202084063049e-05,65.54941105220628
224,0.3127950532074539,0.5861271346726736,0.3127950532074539,0.692255137806084,0.5855872928888788,0.3127950532074539,metrics/mAP50-95(B),1.7929559121865093,0.987419198357552,1.048201451254775,61.23339452296333,8.205248749256021e-05,64.90778407221255
225,0.3037236673275707,0.5803991468677636,0.3037236673275707,0.6859674131406952,0.5727337190468025,0.3037236673275707,metrics/mAP50-95(B),1.788126317859346,0.9787517475002855,1.0490630614198542,61.024824964051156,8.190246756610053e-05,66.17343189405358
226,0.305217818468873,0.5801688033175273,0.305217818468873,0.6826661747292717,0.5820151709172761,0.305217818468873,metrics/mAP50-95(B),1.7776366060146718,0.9763861495509922,1.0450251770643528,60.76231866210472,8.175196337474427e-05,65.68935343700906
227,0.30684181767611773,0.5754316416848178,0.30684181767611773,0.6795255976414154,0.583571376792308,0.30684181767611773,metrics/mAP50-95(B),1.7783118457154594,0.9733029726807397,1.043842831640753,60.7000850045174,8.160097723945227e-05,65.0109006964642
228,0.31213841288491445,0.5893465224877136,0.31213841288491445,0.6795565127794408,0.5839028956584871,0.31213841288491445,metrics/mAP50-95(B),1.7751590485401216,0.9667433648489033,1.0411404126213057,60.4900207228333,8.14495114886175e-05,64.97903646386187
229,0.3036042732874211,0.5758591924561505,0.3036042732874211,0.6758840189688197,0.5715241631682199,0.3036042732874211,metrics/mAP50-95(B),1.7787616084550173,0.9716545564072733,1.0438765296499237,60.67791970189551,8.12975684580292e-05,64.86890064737071
230,0.28895455535054165,0.559141939176312,0.28895455535054165,0.6540908286585668,0.5665747735117153,0.28895455535054165,metrics/mAP50-95(B),1.7628974109855577,0.9599157794091278,1.0364253940863073,60.10377659688469,8.114515049083687e-05,66.42234692780868
231,0.3023629033390503,0.5628242062518946,0.3023629033390503,0.6674677178432883,0.5625996435483196,0.3023629033390503,metrics/mAP50-95(B),1.758286054287768,0.9597983705763469,1.0372052186188028,60.04592129656377,8.099225993751414e-05,65.90883827209473
232,0.31275706798603,0.5878107678711508,0.31275706798603,0.6932400588791051,0.5814633484067865,0.31275706798603,metrics/mAP50-95(B),1.7642672177619476,0.962828426025686,1.03772305896264,60.211004899918315,8.083889915582243e-05,64.42718291904616
233,0.31034913796607366,0.588172940486353,0.31034913796607366,0.7010410173578873,0.5933526008967955,0.31034913796607366,metrics/mAP50-95(B),1.7538977848404496,0.9520339807871254,1.0331041952645896,59.78922109073485,8.068507051077474e-05,63.60554980402407
234,0.3087225757727284,0.5798739368221838,0.3087225757727284,0.6756588429681609,0.5797852817807668,0.3087225757727284,metrics/mAP50-95(B),1.7693540061313167,0.9648549623681779,1.0392741492686381,60.342930722002635,8.053077637459907e-05,64.41260749153469
235,0.30925548861202484,0.5868935847900463,0.30925548861202484,0.6975279766101353,0.5849598470700689,0.30925548861202484,metrics/mAP50-95(B),1.7415577088733536,0.9435547081958766,1.0327208724640708,59.443493159802685,8.037601912670187e-05,64.97245158319888
236,0.30902588624572364,0.585641198835093,0.30902588624572364,0.6961148785692534,0.5818889316281943,0.30902588624572364,metrics/mAP50-95(B),1.7559598354112882,0.9617860318855215,1.034316483084742,59.99805169641127,8.022080115363134e-05,64.46498731530231
237,0.3202238712736623,0.5993322375272603,0.3202238712736623,0.7210243850669892,0.5899842004654056,0.3202238712736623,metrics/mAP50-95(B),1.7510683904427349,0.9477653538842757,1.0356261516995362,59.706424209777765,8.006512484904065e-05,63.76255431797193
238,0.3148155512301568,0.5984056488793278,0.3148155512301568,0.7022835413235985,0.5873819844590592,0.3148155512301568,metrics/mAP50-95(B),1.7460100102840619,0.9480389173964248,1.033583840211059,59.60552203928241,7.990899261365099e-05,64.21216278076172
239,0.31179611810883967,0.5889480872074235,0.31179611810883967,0.7095061334959887,0.5796113745199284,0.31179611810883967,metrics/mAP50-95(B),1.7442700819334782,0.9473719074590905,1.027249651815795,59.47795791792375,7.975240685521458e-05,64.4776738125345
240,0.31584589525892814,0.5970963587918027,0.31584589525892814,0.7095515514265262,0.5915797796196514,0.31584589525892814,metrics/mAP50-95(B),1.7506037270619799,0.9442370458543625,1.03099995637018,59.59242658084715,7.959536998847752e-05,64.53872927790103
241,0.31408778928481035,0.5969601891125992,0.31408778928481035,0.6965217358900248,0.5921111541037095,0.31408778928481035,metrics/mAP50-95(B),1.7470023191352186,0.9465930832706335,1.0358547307022785,59.636967266918916,7.943788443514253e-05,63.8053979790729
242,0.32234541987902693,0.607996423597306,0.32234541987902693,0.7204296829946403,0.5964368298563765,0.32234541987902693,metrics/mAP50-95(B),1.7428698856931997,0.940940234042306,1.0289491161525315,59.36759510685079,7.92799526238317e-05,63.91185471907906
243,0.3141904329047625,0.5927372299799055,0.3141904329047625,0.7016415040531053,0.5840076710802946,0.3141904329047625,metrics/mAP50-95(B),1.7361609144065215,0.9427318706247253,1.0324554130061243,59.357816174090104,7.912157699004892e-05,64.37326155952785
244,0.3242237574120196,0.6082538504912558,0.3242237574120196,0.720669056243282,0.5934146141674578,0.3242237574120196,metrics/mAP50-95(B),1.7523828075392296,0.9564995483912715,1.0327432041209812,59.82904781978029,7.89627599761424e-05,63.40122789300006
245,0.31878530815280903,0.5967538969755583,0.31878530815280903,0.7059449742453658,0.5850577673332968,0.31878530815280903,metrics/mAP50-95(B),1.7304621374594087,0.9329451540629242,1.0285373089617704,59.04780711732488,7.88035040312669e-05,63.41858194599981
246,0.3189808246172336,0.6010523292504615,0.3189808246172336,0.70319131683517,0.5930697562217012,0.3189808246172336,metrics/mAP50-95(B),1.7390130775185422,0.9313363941506185,1.0262115060178119,59.12068146109711,7.864381161134616e-05,64.24669469750445
247,0.32408091254021243,0.6081540383609242,0.32408091254021243,0.7188946786145705,0.595808255123916,0.32408091254021243,metrics/mAP50-95(B),1.7299182005510985,0.9412410056773033,1.024472145958841,59.099308667032126,7.848368517903482e-05,62.90172253484311
248,0.3166977015625372,0.596583252544623,0.3166977015625372,0.704364978440894,0.5852809408440542,0.3166977015625372,metrics/mAP50-95(B),1.7193727924883562,0.9270522626301715,1.0203170138070992,58.63541541936743,7.832312720368057e-05,64.12325970193614
249,0.3213403001941137,0.6076444804903351,0.3213403001941137,0.7125089029438622,0.5988858839742511,0.3213403001941137,metrics/mAP50-95(B),1.7332607460905967,0.9418151782279186,1.0238685228312419,59.15052101110294,7.816214016128598e-05,63.17033741163171
250,0.3211140145481516,0.6045718789389671,0.3211140145481516,0.7123867823178625,0.5949879351909568,0.3211140145481516,metrics/mAP50-95(B),1.7263472850476123,0.9268055590704457,1.0250429401220906,58.80819636004831,7.800072653447042e-05,63.771709740680194
251,0.32380831674467686,0.6071160556867771,0.32380831674467686,0.7204742530706798,0.5973396432894946,0.32380831674467686,metrics/mAP50-95(B),1.7196849214081675,0.9247762455220051,1.0232602456013795,58.64473978123722,7.783888881243166e-05,63.45345517863398
252,0.3257773526667272,0.6085725367927716,0.3257773526667272,0.7175192975028054,0.6014383391501247,0.3257773526667272,metrics/mAP50-95(B),1.7129721188493228,0.925008427290776,1.0192990887386069,58.47573174879101,7.767662949090762e-05,63.12432032046111
253,0.3224762205264738,0.6013689137822865,0.3224762205264738,0.7174771223288156,0.5888620594048843,0.3224762205264738,metrics/mAP50-95(B),1.7118866145935807,0.9210685683635745,1.0177604016586894,58.380687688663194,7.751395107213773e-05,62.62421561116758
254,0.32130751786089123,0.6052215522979602,0.32130751786089123,0.704301323255379,0.5991579931715912,0.32130751786089123,metrics/mAP50-95(B),1.7090698721754642,0.9221017217688108,1.0212986798166839,58.41232031070289,7.735085606482447e-05,63.14320198556651
255,0.32304367102412285,0.609383558901964,0.32304367102412285,0.7202072008562369,0.6015158835854549,0.32304367102412285,metrics/mAP50-95(B),1.708837110902647,0.9228852918714837,1.020356412932293,58.40428082581565,7.718734698409459e-05,63.221766082100245
256,0.3277272822680946,0.6156540194903545,0.3277272822680946,0.7162790276115426,0.6072521354295096,0.3277272822680946,metrics/mAP50-95(B),1.714849032843516,0.9225345454468202,1.016748393374935,58.43261210609028,7.702342635146041e-05,63.02557028480198
257,0.3168759444858804,0.5995247459251707,0.3168759444858804,0.7047146969198549,0.5846227202634445,0.3168759444858804,metrics/mAP50-95(B),1.7213940599622488,0.9237552400568709,1.0209026713667675,58.629373976812495,7.685909669478086e-05,64.06646558512811
258,0.3179238897296066,0.6051527190201511,0.3179238897296066,0.7072499381031441,0.5909587482515113,0.3179238897296066,metrics/mAP50-95(B),1.7039044531247087,0.9176609806692068,1.014637827223234,58.15265429422926,7.669436054822252e-05,63.91828784942627
259,0.33131495861920474,0.6162516554730483,0.33131495861920474,0.7324153552806482,0.6060069143805231,0.33131495861920474,metrics/mAP50-95(B),1.712218090258092,0.9171832504813258,1.0211541029333158,58.38209482107714,7.652922045222056e-05,62.012748510941215
260,0.3213363961852449,0.6067788169319208,0.3213363961852449,0.7236709641364888,0.5961901224722916,0.3213363961852449,metrics/mAP50-95(B),1.6946904275123529,0.9064808296468292,1.0150330747226852,57.82784267496257,7.636367895343955e-05,63.337742084005605
261,0.32203781579210367,0.6030653926427172,0.32203781579210367,0.7026728970571222,0.5973636403549251,0.32203781579210367,metrics/mAP50-95(B),1.69424672969165,0.8985776409848045,1.0096033474221224,57.60154257371875,7.61977386047342e-05,62.62490634088931
262,0.33195181814724967,0.6154235739039837,0.33195181814724967,0.7218317023112069,0.6115024205427976,0.33195181814724967,metrics/mAP50-95(B),1.7026990056037903,0.9060639322064045,1.0149205615632277,57.94555414463988,7.603140196510992e-05,62.42274536464525
263,0.32864830868962164,0.6173378728780213,0.32864830868962164,0.7081205378258467,0.6099361123054116,0.32864830868962164,metrics/mAP50-95(B),1.6721915392735271,0.8908236452836377,1.007793762236671,57.09957854958371,7.58646715996835e-05,62.765567530756414
264,0.33574415202135666,0.6219076072840274,0.33574415202135666,0.736979854764051,0.6049110597657464,0.33574415202135666,metrics/mAP50-95(B),1.6930369988912584,0.9061677551776528,1.013632182921552,57.77801797798182,7.569755007964345e-05,61.8120510764744
265,0.3251094957883759,0.6021825010590407,0.3251094957883759,0.6945595415713196,0.5995688735782552,0.3251094957883759,metrics/mAP50-95(B),1.6943321554975395,0.9083882471467313,1.0166528277594755,57.87940292607997,7.55300399822103e-05,63.12939045118249
266,0.33108771945573745,0.6125799102200077,0.33108771945573745,0.7046915355044376,0.6108488252278581,0.33108771945573745,metrics/mAP50-95(B),1.6970579821124852,0.898559997684953,1.0165535591810844,57.74772139437976,7.5362143890597e-05,61.21352779554284
267,0.34104153425015155,0.630642053490197,0.34104153425015155,0.7299730649214252,0.6241429016808739,0.34104153425015155,metrics/mAP50-95(B),1.6914805060774576,0.8986112777968399,1.0084170261672174,57.536693785156785,7.519386439396898e-05,61.40765961356785
268,0.3410852214268383,0.632155513134212,0.3410852214268383,0.7476133407325167,0.6141159634426532,0.3410852214268383,metrics/mAP50-95(B),1.6816822160421308,0.8949311059069868,1.0046932028450128,57.267899071247264,7.502520408740425e-05,61.72226278885551
269,0.3246391404047442,0.6089715874984328,0.3246391404047442,0.6975857672448588,0.606553804664742,0.3246391404047442,metrics/mAP50-95(B),1.692017555301816,0.899759719649994,1.0084895524099844,57.56006497515197,7.485616557185336e-05,63.1571194773135
270,0.3323611615188383,0.6225949351303389,0.3323611615188383,0.7417101654579851,0.6009669654740024,0.3323611615188383,metrics/mAP50-95(B),1.6765152042408675,0.8982555745017178,1.014063508260991,57.37645123231112,7.468675145409935e-05,62.09085058129352
271,0.3325960370674743,0.6208454598684412,0.3325960370674743,0.7391979908907625,0.6001439055606252,0.3325960370674743,metrics/mAP50-95(B),1.6865294179843582,0.8986470947933821,1.0067437681143,57.43798592254406,7.451696434671747e-05,62.12954043512759
272,0.34646014271039305,0.6378359650545832,0.34646014271039305,0.7471173881723406,0.6169283209274101,0.34646014271039305,metrics/mAP50-95(B),1.6794092391283457,0.8915004937248375,1.009414520752469,57.254339700696775,7.434680686803497e-05,61.41927235644797
273,0.3289205890229978,0.6105223504931986,0.3289205890229978,0.7084029860556439,0.5942288001745002,0.3289205890229978,metrics/mAP50-95(B),1.6744186354307469,0.8891800701488195,1.0020503450505995,57.00884269290038,7.417628164209067e-05,62.767274591197136
274,0.32783862885372,0.6153519789763362,0.32783862885372,0.721729439692952,0.5997960901680034,0.32783862885372,metrics/mAP50-95(B),1.6833835385877927,0.8937983181380393,1.0070030008693558,57.32482602942081,7.400539129859449e-05,62.35264016027036
275,0.3315175228423873,0.6207876669064368,0.3315175228423873,0.721916735912343,0.6014325467878395,0.3315175228423873,metrics/mAP50-95(B),1.6762767877417537,0.8896025548259461,1.0088573750778789,57.16578023072287,7.383413847288694e-05,62.5010718304178
276,0.33593218191915913,0.6194763234477006,0.33593218191915913,0.7276843437798144,0.603332117258003,0.33593218191915913,metrics/mAP50-95(B),1.668951289669378,0.8811573196068455,1.003893299282182,56.8367391875422,7.366252580589846e-05,61.923166988206944
277,0.3411572828035125,0.6263123978401167,0.3411572828035125,0.7292064755575547,0.6146569624988759,0.3411572828035125,metrics/mAP50-95(B),1.670877306320935,0.8878675150312281,1.007151831457373,57.02160401172701,7.349055594410861e-05,61.61764058652131
278,0.333657309328733,0.6239010135441273,0.333657309328733,0.7263564185621568,0.6030279434515259,0.333657309328733,metrics/mAP50-95(B),1.6590630527801056,0.8788883985063892,0.9997547062168725,56.577989139369684,7.331823153950546e-05,63.01487571052883
279,0.3434733326618225,0.6364612063056575,0.3434733326618225,0.7360648289183335,0.6080500583866325,0.3434733326618225,metrics/mAP50-95(B),1.6672375463477398,0.8798028637564689,0.9992600111950964,56.70550700180403,7.314555524954445e-05,61.841723367442256
280,0.3354475825277129,0.6265506069895689,0.3354475825277129,0.7240644798004746,0.6118380950178489,0.3354475825277129,metrics/mAP50-95(B),1.6545553379646434,0.872254150904382,0.998835858302912,56.367178843091594,7.297252973710763e-05,61.43782602393109
281,0.3353455724241234,0.6227698570000261,0.3353455724241234,0.7324031232439675,0.6132041622089822,0.3353455724241234,metrics/mAP50-95(B),1.6603371837016931,0.8738582388070314,0.9970582292020126,56.461300615915945,7.279915767046243e-05,61.88309990426768
282,0.3412382681826912,0.6308918608900295,0.3412382681826912,0.7394002025942786,0.6107265792063009,0.3412382681826912,metrics/mAP50-95(B),1.6538076876554,0.8834497576321484,1.0013394145825176,56.58813785024662,7.262544172322057e-05,61.13234099512515
283,0.3427172388828815,0.6354232489383941,0.3427172388828815,0.7426785618179501,0.6211422932812551,0.3427172388828815,metrics/mAP50-95(B),1.6620424690137383,0.8818435007249256,0.9971954423442662,56.61719012910433,7.245138457429685e-05,61.108545129195505
284,0.34117053436541095,0.6335382237925653,0.34117053436541095,0.7408569092940024,0.60697192613058,0.34117053436541095,metrics/mAP50-95(B),1.6451272850728218,0.872021510043347,0.9986727302701028,56.2237397654626,7.227698890786785e-05,61.52372534378715
285,0.3412139371726793,0.6342566732613353,0.3412139371726793,0.7370476677342189,0.6134621232969398,0.3412139371726793,metrics/mAP50-95(B),1.6509185538037132,0.8705049149017687,0.9998026589010898,56.31075787310252,7.210225741333049e-05,61.14754066467285
286,0.3402497406947125,0.6339687611178401,0.3402497406947125,0.7315678665652068,0.620981786531024,0.3402497406947125,metrics/mAP50-95(B),1.6544491727973538,0.8816185944277951,0.9988814471462171,56.536248925728,7.192719278526055e-05,60.78321867403777
287,0.3356262525780999,0.6260992933201747,0.3356262525780999,0.7329828192438738,0.6163260339648152,0.3356262525780999,metrics/mAP50-95(B),1.6408321447954832,0.8688994504048234,0.995705919281347,56.044405696956254,7.175179772337116e-05,61.24899809464164
288,0.3453977768383259,0.6332044831743503,0.3453977768383259,0.7389587058657122,0.6175587313471901,0.3453977768383259,metrics/mAP50-95(B),1.6494641496414966,0.8685351246185885,0.9954144387234778,56.19663920137329,7.157607493247115e-05,61.395816355166225
289,0.3407491478833332,0.6393113753804174,0.3407491478833332,0.7425905418987138,0.6253527849111263,0.3407491478833332,metrics/mAP50-95(B),1.6386005533950538,0.8719795295885371,0.9962615763998084,56.069297599168486,7.140002712242334e-05,61.03398648966914
290,0.33910584674406163,0.6271404957571843,0.33910584674406163,0.7334681250413816,0.6206682735612391,0.33910584674406163,metrics/mAP50-95(B),1.6394133798558683,0.8645650840962597,0.999729226238725,56.039808200515864,7.122365700810274e-05,61.70723638949187
291,0.34236639337595154,0.6264307413699767,0.34236639337595154,0.7320951616254326,0.6106435024019108,0.34236639337595154,metrics/mAP50-95(B),1.6439267189578115,0.8678393101354201,1.0003801117546556,56.15983417015949,7.10469673093547e-05,60.61199373162311
292,0.34068846402019354,0.6301005227310621,0.34068846402019354,0.7359473264535215,0.615571575021831,0.34068846402019354,metrics/mAP50-95(B),1.6421827133765268,0.8694482740815099,0.9970396731776006,56.1072287939107,7.086996075095293e-05,61.02269059056821
293,0.3546733378392243,0.642703696720086,0.3546733378392243,0.7543396975468645,0.6200717292483656,0.3546733378392243,metrics/mAP50-95(B),1.6444085784410833,0.8606471350434822,0.996765775859941,56.001183527506555,7.069264006255754e-05,60.22065606324569
294,0.3434264790983964,0.6338612290663387,0.3434264790983964,0.7273750701329416,0.6182295235860811,0.3434264790983964,metrics/mAP50-95(B),1.635939217900762,0.8705685623274505,0.9930999061273514,55.96781412621751,7.051500797867291e-05,62.12644127555515
295,0.343442882447574,0.635086111881022,0.343442882447574,0.7346311990102498,0.626400989225674,0.343442882447574,metrics/mAP50-95(B),1.6379140199465736,0.8553439273439031,0.9909916085271305,55.722382228273084,7.033706723860551e-05,61.113622574184255
296,0.34126709392213583,0.637821356610086,0.34126709392213583,0.7275742658088128,0.6210721829376843,0.34126709392213583,metrics/mAP50-95(B),1.6319157163995432,0.8583019748898862,0.9914250563639201,55.67710754993568,7.015882058642168e-05,61.839157344983974
297,0.3506682625598621,0.6443533012231706,0.3506682625598621,0.741457930260589,0.6283092941471135,0.3506682625598621,metrics/mAP50-95(B),1.6376316836642075,0.8554760555339613,0.9884651327341177,55.67997635203854,6.998027077090528e-05,60.44417144111965
298,0.33997509024729916,0.636055309059824,0.33997509024729916,0.7362438590565578,0.622086151810281,0.33997509024729916,metrics/mAP50-95(B),1.6277707756670636,0.8612275019596811,0.9910210112968993,55.64901941397198,6.980142054551535e-05,61.48247430220894
299,0.3501712084477036,0.6421158341025927,0.3501712084477036,0.7422100673398478,0.6280711473293369,0.3501712084477036,metrics/mAP50-95(B),1.635920479942434,0.8574361694873094,0.9909479129275423,55.705306283000255,6.962227266834362e-05,60.93996480858844
300,0.3537113150790987,0.6405349683886029,0.3537113150790987,0.7317635436541726,0.6300948732496189,0.3537113150790987,metrics/mAP50-95(B),1.6220302727386242,0.8522995502049167,0.9906429890197912,55.40623398409545,6.944282990207197e-05,60.09928440425707
301,0.34710671490492745,0.6417129383749914,0.34710671490492745,0.7469911518666402,0.6174350712794311,0.34710671490492745,metrics/mAP50-95(B),1.6192529665604802,0.8473947630258787,0.986974173959755,55.229669088365725,6.926309501392983e-05,60.22592364601467
302,0.3451556882948367,0.6344015830417581,0.3451556882948367,0.7380385991305317,0.6083282239067677,0.3451556882948367,metrics/mAP50-95(B),1.6181196789445118,0.8490809227219065,0.9849008731259644,55.20191827231171,6.908307077565154e-05,60.8992024463156
303,0.3535871388938416,0.644681784293208,0.3535871388938416,0.7345961151699477,0.6314178818071224,0.3535871388938416,metrics/mAP50-95(B),1.6197843469086235,0.8539504509910762,0.9846138423115762,55.306956179919396,6.890275996343353e-05,60.50976798016092
304,0.34689377307568336,0.6397843989171924,0.34689377307568336,0.7311767618008368,0.6342551417585119,0.34689377307568336,metrics/mAP50-95(B),1.617379179437652,0.8422507651174601,0.9879218413369606,55.124520729256304,6.87221653578916e-05,60.44957486857539
305,0.3442105619353906,0.632645594017076,0.3442105619353906,0.7293193342535463,0.6159857015948127,0.3442105619353906,metrics/mAP50-95(B),1.6200604479081497,0.8464183878872621,0.9871907144492429,55.23681440530193,6.854128974401793e-05,60.559102630615236
306,0.34903246924397424,0.6463564706673859,0.34903246924397424,0.7476695326642275,0.6270802564226233,0.34903246924397424,metrics/mAP50-95(B),1.6200690165470835,0.8496908674518311,0.9870941882045084,55.258721167544635,6.83601359111383e-05,61.03899524522864
307,0.35143940050167627,0.6505130220937816,0.35143940050167627,0.7405835595283454,0.6258654510574373,0.35143940050167627,metrics/mAP50-95(B),1.6148825948864969,0.8473543653766358,0.9891618806117234,55.18777133646292,6.817870665286888e-05,60.69121243020763
308,0.3512510506363862,0.648815891231521,0.3512510506363862,0.7434931149066498,0.6308191838428855,0.3512510506363862,metrics/mAP50-95(B),1.6043121700978462,0.8406845876538767,0.9857063009408724,54.862866284153064,6.799700476707327e-05,60.47550708107326
309,0.3549875865080128,0.6501306575179644,0.3549875865080128,0.7475103141407174,0.6262916863667067,0.3549875865080128,metrics/mAP50-95(B),1.615727964248366,0.8481374464872229,0.9882206412412088,55.200155420417744,6.781503305581933e-05,60.718396808790125
310,0.3565618321878085,0.6620147081210811,0.3565618321878085,0.7611422349698742,0.6300508801741302,0.3565618321878085,metrics/mAP50-95(B),1.609140463067765,0.8416003675861213,0.9831278441776496,54.90791510079653,6.763279432533594e-05,60.30880245540453
311,0.35775816221799533,0.655171995955871,0.35775816221799533,0.748872730697478,0.6344958030353471,0.35775816221799533,metrics/mAP50-95(B),1.5996143524103363,0.8354156439150953,0.9781412455611816,54.571284249408684,6.74502913859698e-05,60.3396225804868
312,0.34505028747879124,0.6310784971895235,0.34505028747879124,0.7226605640006416,0.6271444747945157,0.34505028747879124,metrics/mAP50-95(B),1.611641144999501,0.8409303295443337,0.9837426992383103,54.94974126784596,6.726752705214198e-05,60.71347368489141
313,0.3485776148701406,0.6457004169531928,0.3485776148701406,0.74222527343233,0.6292123949239473,0.3485776148701406,metrics/mAP50-95(B),1.6045841588968799,0.8318738421931001,0.9810796387842984,54.65744890901489,6.708450414230459e-05,60.53575798532237
314,0.3554234072062823,0.648038107620334,0.3554234072062823,0.7483486499065255,0.6287543395147467,0.3554234072062823,metrics/mAP50-95(B),1.611341220341956,0.8442261852445884,0.9815951468120354,54.949724507305845,6.690122547889731e-05,59.9745532201684
315,0.35177063100834444,0.6594880107605453,0.35177063100834444,0.7434427680392472,0.6385322978213818,0.35177063100834444,metrics/mAP50-95(B),1.6101719736402922,0.8394838716497598,0.9865393645760797,54.94850491489423,6.671769388830386e-05,60.635936654132344
316,0.358041867127039,0.6541176752942396,0.358041867127039,0.742331524163856,0.6354811951701232,0.358041867127039,metrics/mAP50-95(B),1.5907269469914285,0.8304163437568245,0.9778200345054967,54.354305708291356,6.653391220080844e-05,59.63841956594716
317,0.3564250265239409,0.66074686091131,0.3564250265239409,0.7493239275536444,0.6467634310140064,0.3564250265239409,metrics/mAP50-95(B),1.605730447930364,0.8384207781879567,0.9797015034775437,54.74813631446697,6.634988325055197e-05,59.812446403503415
318,0.3553380920066503,0.6506145133110425,0.3553380920066503,0.7374130175728778,0.6328172619885714,0.3553380920066503,metrics/mAP50-95(B),1.600943536898822,0.8317622215433235,0.9780806928320566,54.54472400785922,6.616560987548856e-05,59.580401105466095
319,0.36234202551086,0.6594128312607345,0.36234202551086,0.7472538820840069,0.6377113118373487,0.36234202551086,metrics/mAP50-95(B),1.598589682332042,0.8291591902790568,0.9821121094661035,54.52631725531758,6.598109491734158e-05,59.256110742817754
320,0.3562870710121411,0.6497066301190461,0.3562870710121411,0.7280143842195406,0.6360664737865155,0.3562870710121411,metrics/mAP50-95(B),1.6025645220032696,0.8318080868949806,0.9821254314617086,54.632317704228825,6.579634122155995e-05,59.684486339403236
321,0.3489063703261462,0.6458260151092411,0.3489063703261462,0.7319976805966112,0.6294440237480478,0.3489063703261462,metrics/mAP50-95(B),1.6003615082675264,0.8300631327093493,0.9769270277075315,54.48220463693467,6.561135163727421e-05,60.26546783447266
322,0.35261891968002224,0.6454017496196174,0.35261891968002224,0.7333943822008434,0.6258514179900162,0.35261891968002224,metrics/mAP50-95(B),1.589545203269243,0.8243264719405117,0.9791084268620907,54.26039739003488,6.542612901725259e-05,59.636026150247325
323,0.3563419027247372,0.6580435201402505,0.3563419027247372,0.7508604087014045,0.639829598041594,0.3563419027247372,metrics/mAP50-95(B),1.5830309132973266,0.8212772898676611,0.977239602134688,54.07615273287408,6.524067621785702e-05,60.27164760257887
324,0.351195079320378,0.6441641070145913,0.351195079320378,0.7312857862743649,0.6317371801746571,0.351195079320378,metrics/mAP50-95(B),1.5918153651798044,0.8271315772829815,0.9786611040779912,54.33898436152168,6.505499609899909e-05,60.74811955327573
325,0.363652506315055,0.6622141912347358,0.363652506315055,0.7577554686618755,0.6432239736785997,0.363652506315055,metrics/mAP50-95(B),1.5892814213862987,0.8248590149367259,0.9783713411348857,54.25016719564357,6.486909152409594e-05,59.101706571164335
326,0.35482592240724176,0.6538442552875482,0.35482592240724176,0.7391088182049117,0.6399066677774947,0.35482592240724176,metrics/mAP50-95(B),1.5782671195080131,0.8238249841017188,0.9710734292881049,53.943255822817136,6.468296536002606e-05,60.119342994689944
327,0.35615643552685616,0.6514326428822875,0.35615643552685616,0.7458526710560158,0.6247471753416437,0.35615643552685616,metrics/mAP50-95(B),1.5787089831046475,0.8210264833373878,0.9752181763217389,53.9714418055577,6.449662047708517e-05,59.96002297608749
328,0.3508142102045333,0.6452338498736506,0.3508142102045333,0.7224198647072968,0.634279414428438,0.3508142102045333,metrics/mAP50-95(B),1.577156587086431,0.821575873355699,0.9731111896337054,53.922268273656215,6.43100597489419e-05,60.79501012719196
329,0.3599256234977059,0.661422186077349,0.3599256234977059,0.7509347010911446,0.6470204257099156,0.3599256234977059,metrics/mAP50-95(B),1.5789736796621407,0.816044709284667,0.9781068482211788,53.943945407347435,6.412328605259343e-05,59.662357844477114
330,0.3655392392959387,0.6665773893214145,0.3655392392959387,0.764576925168329,0.6454772502488041,0.3655392392959387,metrics/mAP50-95(B),1.5844762647034947,0.8194511107686042,0.9803768889724623,54.117990560334015,6.393630226832125e-05,59.21883729022482
331,0.3621694819277896,0.6662770954079466,0.3621694819277896,0.7574349047407104,0.6504471246260044,0.3621694819277896,metrics/mAP50-95(B),1.5784957746903014,0.8143583890720958,0.9708404422066333,53.79079862821323,6.374911127964655e-05,59.25956399337105
332,0.3602790445672408,0.6639097121793699,0.3602790445672408,0.759099199631247,0.6423080251194307,0.3602790445672408,metrics/mAP50-95(B),1.5664087190752851,0.8067880547488658,0.9689657708940745,53.44232852274355,6.3561715973286e-05,59.03334785958995
333,0.3656469751253717,0.6717939184929126,0.3656469751253717,0.7727642748224636,0.6432600366693467,0.3656469751253717,metrics/mAP50-95(B),1.5620889209348996,0.805519830602076,0.9696483649110326,53.37323350188776,6.337411923910705e-05,59.13945091910984
334,0.36386630666442504,0.6639744955539486,0.36386630666442504,0.7657233613799538,0.6331675227072784,0.36386630666442504,metrics/mAP50-95(B),1.5767201019477428,0.8196114464180551,0.9767171163335361,53.94238221970353,6.318632397008337e-05,59.38871544547703
335,0.3573674233250016,0.6564653012942377,0.3573674233250016,0.7519118899457395,0.6295142085099892,0.3573674233250016,metrics/mAP50-95(B),1.5627260945875485,0.8054882950975175,0.9676646594782822,53.34866513134739,6.299833306225037e-05,59.52277339437734
336,0.3633206295998491,0.6658785197600651,0.3633206295998491,0.7558394146337185,0.6500616597735459,0.3633206295998491,metrics/mAP50-95(B),1.570628467471935,0.8089110388815598,0.9696418462948815,53.55267462111611,6.281014941466035e-05,59.559852164724596
337,0.3630832078721132,0.6662644085531633,0.3630832078721132,0.7517840805728037,0.6436262687609612,0.3630832078721132,metrics/mAP50-95(B),1.5595942437323775,0.8111596615129885,0.9651558381650545,53.34244235755313,6.2621775929338e-05,59.72921130138895
338,0.3651051423379054,0.6730279403222595,0.3651051423379054,0.768883089845887,0.6524202131373187,0.3651051423379054,metrics/mAP50-95(B),1.5650267182415678,0.8038175172023191,0.9695263902129628,53.38275971823456,6.243321551123546e-05,59.091783689415976
339,0.35857408603052054,0.6609638359413194,0.35857408603052054,0.7535088299077084,0.6439705584679948,0.35857408603052054,metrics/mAP50-95(B),1.5590413137376633,0.805595925453575,0.9674466107377829,53.291844653979254,6.224447106818765e-05,60.20385958215465
340,0.35649478825111003,0.6576193288652917,0.35649478825111003,0.7436435925850166,0.6494201541736139,0.35649478825111003,metrics/mAP50-95(B),1.564135688146822,0.8040269747165193,0.9683625697439604,53.35965972326314,6.205554551086737e-05,58.91136281386666
341,0.3632031815622843,0.6652675803283895,0.3632031815622843,0.7624159215337755,0.6413180694870549,0.3632031815622843,metrics/mAP50-95(B),1.5591488501367807,0.8040928082091727,0.9646792269455048,53.206014631098725,6.186644175274043e-05,59.290892700527024
342,0.35608805104817814,0.6531644237993244,0.35608805104817814,0.743346042897719,0.6366979320031819,0.35608805104817814,metrics/mAP50-95(B),1.5612856981668504,0.8018275127546088,0.9688192903020519,53.285947982721524,6.16771627100207e-05,59.32776999266251
343,0.357978675128728,0.664534822353813,0.357978675128728,0.7557024835306088,0.6545182894280321,0.357978675128728,metrics/mAP50-95(B),1.5476987720055824,0.8041541015113843,0.9687046090155157,53.10747866906153,6.148771130162516e-05,59.40865912230119
344,0.35873598868423906,0.6548469809623171,0.35873598868423906,0.7471566805259195,0.6331126139576929,0.35873598868423906,metrics/mAP50-95(B),1.5633617233944044,0.7994271354300895,0.9683418857622302,53.268582367975036,6.129809044912892e-05,60.07061812359354
345,0.3610606802609524,0.6605596354587718,0.3610606802609524,0.7660305025760464,0.6350556903986659,0.3610606802609524,metrics/mAP50-95(B),1.5533805499940039,0.8020182824576824,0.9662905273676698,53.10620217442902,6.110830307672006e-05,59.37352105430935
346,0.3650772798394215,0.6673362220343896,0.3650772798394215,0.7535188552718868,0.647842041316645,0.3650772798394215,metrics/mAP50-95(B),1.5572594200121797,0.7964081403473341,0.9695039802965187,53.12947004727995,6.09183521111547e-05,58.82614172230596
