epoch,stage,lr_pg0,lr_pg1,lr_pg2,train_box_loss,train_cls_loss,train_dfl_loss,kd_loss,reach_match_loss,reach_rank_loss,rank_d_neg_cap,normalize_reach,capR_effectively_enabled,reach_delta,reach_input_mode,use_fg_mask_for_reach,kd_weight_mode,kd_target_branch,kd_reach_margin,kd_reach_tau,kd_reach_use_capped_gap,kd_reach_detach_weight,kd_reach_min_weight,kd_reach_conf_power,kd_reach_active_threshold,shuffle_teacher_pairs,d_pos_mean,d_pos_median,d_pos_q10,d_pos_q25,d_pos_q75,d_neg_mean,d_neg_median,d_neg_q10,d_neg_q25,d_neg_q75,d_neg_eff_mean,d_neg_eff_median,d_neg_eff_q10,d_neg_eff_q25,d_neg_eff_q75,gap_raw_mean,gap_raw_median,gap_raw_q25,gap_raw_q75,gap_capped_mean,gap_capped_median,gap_capped_q25,gap_capped_q75,reachable_margin_mean,reachable_margin_median,reachable_margin_q25,reachable_margin_q75,cap_saturation_ratio,rank_active_ratio,cap_blocked_active_ratio,zero_loss_feasible_ratio,fg_gap_capped_mean,fg_gap_capped_median,fg_cap_saturation_ratio,fg_rank_active_ratio,fg_zero_loss_feasible_ratio,bg_gap_capped_mean,bg_gap_capped_median,bg_cap_saturation_ratio,bg_rank_active_ratio,bg_zero_loss_feasible_ratio,P3_gap_capped_mean,P4_gap_capped_mean,P5_gap_capped_mean,P3_cap_saturation_ratio,P4_cap_saturation_ratio,P5_cap_saturation_ratio,P3_rank_active_ratio,P4_rank_active_ratio,P5_rank_active_ratio,kd_reach_weight_mean,kd_reach_weight_std,kd_reach_weight_min,kd_reach_weight_max,kd_reach_weight_q25,kd_reach_weight_q50,kd_reach_weight_q75,kd_reach_active_ratio,kd_reach_conf_mean,kd_reach_reachable_margin_mean,kd_reach_reachable_margin_q25,kd_reach_reachable_margin_q75,P3_kd_active_ratio,P4_kd_active_ratio,P5_kd_active_ratio,cmdistill_pcc_levels,cmdistill_slrd_tokens,cmdistill_ibcld_candidate_ratio,cmdistill_ibcld_fg_count,cmdistill_ibcld_teacher_conf_added_count,cmdistill_ibcld_cls_loss,cmdistill_ibcld_box_loss,cmdistill_pcc_loss,cmdistill_relation_loss,cmdistill_ibcld_loss,cmdistill_total_loss,bn_running_var_max,bn_running_var_mean,bn_running_var_p95,bn_running_mean_abs_max,bn_num_layers,bn_stats_mode,bn_stats_frozen_this_epoch,nonfinite_metrics_or_cmdistill,nonfinite_bn_stats,nan_or_inf_detected,grad_norm_total,grad_norm_backbone,grad_norm_neck,grad_norm_head,base_alpha_kd,effective_alpha_kd,kd_multiplier,kd_warmup_active,ladd_kd_decay_mode,ladd_kd_decay_start_epoch,ladd_kd_decay_end_epoch,ladd_kd_final_mult,ladd_kd_stop_after_epoch,b_loss_warmup_mode,b_loss_warmup_start_epoch,b_loss_warmup_end_epoch,b_loss_warmup_final_mult,b_loss_warmup_scope,b_loss_warmup_multiplier,b_loss_warmup_active,ladd_b_a2_core,ladd_b_frozen_reach_probe,ladd_b_detach_reach_probe,ladd_b_keep_reach_probe_grad,ladd_b_det_only,ladd_a2_det_only,effective_alpha_s_rec,effective_lambda_reach,effective_lambda_match_inner,effective_lambda_rank_inner
1,b,0.009956521739130433,0.0033188405797101453,0.009956521739130433,2.84715,3.50576,1.61993,0.3257,1.54028,0.61937,2.0,1,1,0.2,raw,1,none,z,0.0,0.2,1,1,0.0,1.0,0.5,0,1.9328983070193857,1.9908863627392313,1.5708282443924226,1.7807889588501142,2.1072789446167324,2.105213573186294,2.09366978355076,1.8664289940958438,1.9737907803576926,2.2355024579642477,1.957401440281799,1.9948771400728087,1.8578586806421695,1.9413372844889545,2.0,0.17231526026178312,0.10345303511274034,-0.09220140610916028,0.4129406791234362,0.024503132328391075,-0.017805672123812247,-0.16245567612889883,0.204087053347325,-0.17549685943277848,-0.21780566985624425,-0.36245566550372305,0.004087055377338243,0.670206838414289,0.8027390189792799,0.4862287438434103,0.21176543304885642,0.4346853128218033,0.46603958733206574,0.8117185232641045,0.4443921282346669,0.5669722809821102,0.021916106689129092,-0.019441866010859392,0.669373035646867,0.8051871625841528,0.20934546412765115,-0.05811972244055537,0.0755236605890905,0.05610545883663808,0.8107478929602582,0.5887918223505435,0.6110807999320652,0.8705389935037364,0.7593853494395381,0.7782927139945652,nan,nan,nan,nan,nan,nan,nan,nan,nan,nan,nan,nan,nan,nan,nan,0.0,0.0,0.0,0.0,0.0,0.0,0.0,0.0,0.0,0.0,0.0,6.770888328552246,0.07620326429605484,0.17317749559879303,7.12952184677124,81,normal,0,0,0,0,nan,nan,nan,nan,1.0,0.03333333333333333,1.0,0,none,-1,-1,1.0,-1,linear,0,30,1.0,core,0.03333333333333333,1,1,0,0,0,0,0,0.0,1.0,1.0,1.0
2,b,0.01995644556995291,0.006652148523317638,0.01995644556995291,2.82148,2.42276,1.47566,0.34588,0.42175,0.23483,2.0,1,1,0.2,raw,1,none,z,0.0,0.2,1,1,0.0,1.0,0.5,0,1.349399148899576,1.4557387252216754,0.4630855763843958,0.7976231798745583,1.8899237218974294,2.259169335987257,2.2475823098334713,1.9231094139209692,2.047359506461931,2.47378868089206,1.9716813146204188,2.0,1.9035740408344546,1.9644989557888197,2.0,0.909770189549612,0.7900903142016867,0.17649690487246583,1.6521244423976842,0.6222821660879729,0.5413799464702607,0.06328352184399315,1.201865132390589,0.4222821561295701,0.3413799438787543,-0.1367164697336114,1.0018651095853335,0.8268064858256907,0.31719603607620017,0.16521436166072237,0.6854109390922215,1.578021813389184,1.6400761815084928,0.9979397097359533,0.005105881459093181,0.9948941159939421,0.6166045458204504,0.534701354780059,0.8259777151156162,0.3190980780631672,0.6835317033788432,0.9555871826151143,0.5032547172644865,0.40800459838431813,0.9484861290973166,0.8784951914911685,0.653438136888587,0.06609696097995924,0.40086669921875,0.4846244480298913,nan,nan,nan,nan,nan,nan,nan,nan,nan,nan,nan,nan,nan,nan,nan,0.0,0.0,0.0,0.0,0.0,0.0,0.0,0.0,0.0,0.0,0.0,10.69251823425293,0.09981657564640045,0.23605725169181824,7.589221000671387,81,normal,0,0,0,0,nan,nan,nan,nan,1.0,0.06666666666666667,1.0,0,none,-1,-1,1.0,-1,linear,0,30,1.0,core,0.06666666666666667,1,1,0,0,0,0,0,0.0,1.0,1.0,1.0
3,b,0.029956064393936686,0.009985354797978897,0.029956064393936686,2.93805,2.3895,1.54748,0.08429,0.12777,0.17442,2.0,1,1,0.2,raw,1,none,z,0.0,0.2,1,1,0.0,1.0,0.5,0,0.805784791621609,0.6391808377227921,0.12515662699613883,0.2568627964651239,1.343907640464064,2.3313930919204933,2.3646489993385646,2.0027535015258238,2.150484443401945,2.5070049500119858,1.9850056630977686,2.0,1.9454034364741781,1.9999446551005045,2.0,1.5256083002988843,1.7431461812793345,0.8312925200963366,2.2156365755675496,1.1792208779549254,1.360555768444918,0.6429937836484633,1.7431160836979962,0.9792208478934523,1.160555740283883,0.44299377179232197,1.5431160360142804,0.8998545107634172,0.14997381680253624,0.06757365793421649,0.8530263486115829,1.872131015425143,1.9084946105445642,0.9992538442646248,0.0014482571095552133,0.9985517380030259,1.1754992929921635,1.3550077409847923,0.8994051592073579,0.1505785699776148,0.8524465054705523,1.566684011272762,1.2052184542883997,0.765760168303614,0.9774972003439198,0.9322820248811141,0.7897843070652174,0.0008008873980978261,0.09585863196331522,0.35326193104619563,nan,nan,nan,nan,nan,nan,nan,nan,nan,nan,nan,nan,nan,nan,nan,0.0,0.0,0.0,0.0,0.0,0.0,0.0,0.0,0.0,0.0,0.0,12.14079761505127,0.20612217485904694,0.5783137679100037,7.772643566131592,81,normal,0,0,0,0,nan,nan,nan,nan,1.0,0.1,1.0,0,none,-1,-1,1.0,-1,linear,0,30,1.0,core,0.1,1,1,0,0,0,0,0,0.0,1.0,1.0,1.0
4,b,0.029998969486428155,0.009999656495476053,0.029998969486428155,2.94628,2.37025,1.55491,0.04965,0.06875,0.16421,2.0,1,1,0.2,raw,1,none,z,0.0,0.2,1,1,0.0,1.0,0.5,0,0.4745487741154173,0.22299773392901903,0.06553048248726713,0.1034062540334096,0.7051194359858831,2.356039666092914,2.3783456926760467,2.0935425364452858,2.2465479871501093,2.480453237934389,1.9906760155290797,2.0,1.973057126307833,2.0,2.0,1.8814908965774204,2.1554354292758995,1.5751346185155537,2.349794063706329,1.5161272441995317,1.7769167155459307,1.291633557582247,1.896585866506549,1.3161272028218145,1.5769166678622148,1.0916335275423699,1.696585818822833,0.9381867118503736,0.07077059538468071,0.023854573567708332,0.9318717624830163,1.9313357951525887,1.9471392537280372,0.9993062836184857,0.0008017848658963143,0.9991982100997802,1.5141236217125602,1.7751495477082073,0.9379619134509045,0.07095891460190035,0.9317011784816134,1.7192996279053065,1.6224213962969574,1.2066607083963312,0.9946072122325068,0.9653811247452445,0.8545717985733695,0.0009977257770040762,0.010957402768342391,0.20035665760869564,nan,nan,nan,nan,nan,nan,nan,nan,nan,nan,nan,nan,nan,nan,nan,0.0,0.0,0.0,0.0,0.0,0.0,0.0,0.0,0.0,0.0,0.0,30.277490615844727,0.4970635771751404,1.5665936470031738,12.144458770751953,81,normal,0,0,0,0,nan,nan,nan,nan,1.0,0.13333333333333333,1.0,0,none,-1,-1,1.0,-1,linear,0,30,1.0,core,0.13333333333333333,1,1,0,0,0,0,0,0.0,1.0,1.0,1.0
5,b,0.029998167992352658,0.00999938933078422,0.029998167992352658,2.82077,2.20768,1.50556,0.06179,0.03937,0.15887,2.0,1,1,0.2,raw,1,none,z,0.0,0.2,1,1,0.0,1.0,0.5,0,0.3170954988270566,0.1107984324896951,0.04493534354800088,0.06656687464126372,0.364895198094672,2.364600674656854,2.380382280073304,2.147260821383932,2.280048500282177,2.4641713629598203,1.9940650518389715,2.0,1.9939428975616675,2.0,2.0,2.047505171402641,2.2579310406809268,1.9295336476270704,2.3748186771420463,1.6769695515217988,1.8892007183337558,1.6346209936383842,1.9334328314532405,1.4769695069478905,1.68920067065004,1.4346209501010785,1.7334327837695247,0.9578693998032722,0.044556106346240944,0.013378419737884964,0.9569494938504869,1.960718840752205,1.968840293640638,0.9999782291642071,0.0,0.9999999941700567,1.6757020713626474,1.8884277132974154,0.9577443762101989,0.04464450995975062,0.9568710537924283,1.79411570041076,1.7637891406598298,1.4730038134948067,0.9991137297257133,0.9793157162873641,0.8951787533967391,0.0008486540421195652,0.004039731233016305,0.12877993376358696,nan,nan,nan,nan,nan,nan,nan,nan,nan,nan,nan,nan,nan,nan,nan,0.0,0.0,0.0,0.0,0.0,0.0,0.0,0.0,0.0,0.0,0.0,35.183658599853516,0.7793846130371094,2.7612977027893066,14.166473388671875,81,normal,0,0,0,0,nan,nan,nan,nan,1.0,0.16666666666666666,1.0,0,none,-1,-1,1.0,-1,linear,0,30,1.0,core,0.16666666666666666,1,1,0,0,0,0,0,0.0,1.0,1.0,1.0
6,b,0.02999713752115866,0.00999904584038622,0.02999713752115866,2.74266,2.09827,1.46574,0.07952,0.02996,0.15736,2.0,1,1,0.2,raw,1,none,z,0.0,0.2,1,1,0.0,1.0,0.5,0,0.2694771466047867,0.08688600626251107,0.036574284088345704,0.05481611298130609,0.19572631367954654,2.3594070237615834,2.3842799086501634,2.133345997506294,2.283818670632183,2.4542196377463963,1.9927029269329015,2.0,1.9744249596112016,2.0,2.0,2.0899298742197563,2.2907245304273522,2.109918737757033,2.3796608244163404,1.723225782746854,1.913113072125808,1.8040917907935985,1.945183525223663,1.5232257404189178,1.7131130244420922,1.6040917431098827,1.745183477539947,0.9491023630335711,0.044189342554064766,0.00733001266700634,0.9578067060829937,1.9704538606954907,1.9755710267021271,0.9996750356551416,0.0,0.9999999953601175,1.722253265933714,1.9124617398649022,0.9490197280178899,0.044233405045805196,0.957769942542781,1.8233789946721948,1.798121044428452,1.5481773091399151,0.9988791424295177,0.9843643851902174,0.8640635614809783,0.0008040054984714674,0.004248312245244565,0.12751570991847827,nan,nan,nan,nan,nan,nan,nan,nan,nan,nan,nan,nan,nan,nan,nan,0.0,0.0,0.0,0.0,0.0,0.0,0.0,0.0,0.0,0.0,0.0,51.84451675415039,1.0733616352081299,3.8393876552581787,16.764678955078125,81,normal,0,0,0,0,nan,nan,nan,nan,1.0,0.2,1.0,0,none,-1,-1,1.0,-1,linear,0,30,1.0,core,0.2,1,1,0,0,0,0,0,0.0,1.0,1.0,1.0
7,b,0.02999587808873731,0.009998626029579103,0.02999587808873731,2.69716,2.01979,1.44649,0.11556,0.02869,0.15721,2.0,1,1,0.2,raw,1,none,z,0.0,0.2,1,1,0.0,1.0,0.5,0,0.2230024729517923,0.07950369577409457,0.03326765563620754,0.050151018889037134,0.16285639939208826,2.3665390011193095,2.3837015424949537,2.1649670111960257,2.2976215417834296,2.450713930959287,1.994771737292193,2.0,1.990002111421115,2.0,2.0,2.143536526396655,2.2920988563178244,2.1568016515261883,2.3791893295619797,1.7717692594597305,1.9204957167307535,1.8371394178141718,1.9498486278713614,1.5717692152313565,1.7204956690470377,1.637139370130456,1.7498485801876456,0.9625106148097826,0.03179257157920064,0.00718872512596241,0.969649583014889,1.9719134522674608,1.976761214446724,0.999959741572322,0.0,0.9999999957225996,1.7709573937499006,1.919923530281454,0.9624587900396706,0.03181976641598326,0.969627221684525,1.8412503346152929,1.8262730681377908,1.647784375626108,0.9986521845278533,0.9895791758661685,0.8993004840353261,0.0006421296492866848,0.003553307574728261,0.09118227751358696,nan,nan,nan,nan,nan,nan,nan,nan,nan,nan,nan,nan,nan,nan,nan,0.0,0.0,0.0,0.0,0.0,0.0,0.0,0.0,0.0,0.0,0.0,65.5217056274414,1.3297137022018433,4.718838691711426,16.332141876220703,81,normal,0,0,0,0,nan,nan,nan,nan,1.0,0.23333333333333334,1.0,0,none,-1,-1,1.0,-1,linear,0,30,1.0,core,0.23333333333333334,1,1,0,0,0,0,0,0.0,1.0,1.0,1.0
8,b,0.0299943897145106,0.009998129904836867,0.0299943897145106,2.63979,1.96083,1.42096,0.13684,0.02593,0.15683,2.0,1,1,0.2,raw,1,none,z,0.0,0.2,1,1,0.0,1.0,0.5,0,0.19059334358443383,0.07682167957604363,0.03273482910518541,0.049163615202279826,0.14182199790155975,2.3646839984949084,2.3797155988389167,2.1856738546620242,2.2868117971696718,2.446865494700446,1.996323607797208,2.0,2.0,2.0,2.0,2.1740906511527904,2.2930498361587524,2.163725065148395,2.3775771839031274,1.8057302659836367,1.9231773573419322,1.8581698576609293,1.950836225696232,1.605730218127154,1.7231773096582164,1.6581698099772135,1.7508361780125161,0.9691823544709579,0.02241796963456748,0.005197961779608243,0.978557376585145,1.974270423605027,1.9781562990143589,0.9999586066841024,0.0,0.9999999941098655,1.804966550287993,1.9226538157117539,0.9691316805024078,0.022443234662141945,0.9785358035909957,1.8452298729316048,1.8415567734967107,1.730404151522595,0.9987301370371943,0.9914670197860055,0.9173499065896739,0.0005414216414741848,0.002321989639945652,0.0643904976222826,nan,nan,nan,nan,nan,nan,nan,nan,nan,nan,nan,nan,nan,nan,nan,0.0,0.0,0.0,0.0,0.0,0.0,0.0,0.0,0.0,0.0,0.0,80.48098754882812,1.5873541831970215,5.764064788818359,17.12887191772461,81,normal,0,0,0,0,nan,nan,nan,nan,1.0,0.26666666666666666,1.0,0,none,-1,-1,1.0,-1,linear,0,30,1.0,core,0.26666666666666666,1,1,0,0,0,0,0,0.0,1.0,1.0,1.0
9,b,0.029992672421431114,0.009997557473810372,0.029992672421431114,2.61734,1.92768,1.40986,0.16804,0.02277,0.15629,2.0,1,1,0.2,raw,1,none,z,0.0,0.2,1,1,0.0,1.0,0.5,0,0.16757343534542166,0.07263797209361919,0.03165437959175071,0.0471221370424694,0.12128984359754384,2.353770781254423,2.3691192226133486,2.179566282984139,2.2773333017376887,2.437022742326709,1.9964712859927745,2.0,1.999961973791537,2.0,2.0,2.186197342388872,2.2870429495106572,2.168932933047198,2.3697037793587947,1.8288978531740714,1.9273596127827963,1.8786983270576034,1.9528772556263467,1.6288978025533152,1.7273595650990805,1.6786982793738876,1.752877207942631,0.9685464610224185,0.016800479612488678,0.002836365630661232,0.9842633454695991,1.977295321382517,1.9808513595133412,0.999971113382206,0.0,0.9999999938310061,1.828145326393238,1.9268538115681082,0.9684873024622599,0.016825799441081157,0.9842419873113217,1.8560989167379296,1.848414691116499,1.7821799516677856,0.9986965013586957,0.9923453952955164,0.9145974864130435,0.00044602103855298915,0.002133576766304348,0.0478218410326087,nan,nan,nan,nan,nan,nan,nan,nan,nan,nan,nan,nan,nan,nan,nan,0.0,0.0,0.0,0.0,0.0,0.0,0.0,0.0,0.0,0.0,0.0,99.07034301757812,1.8638657331466675,6.6391119956970215,19.747272491455078,81,normal,0,0,0,0,nan,nan,nan,nan,1.0,0.3,1.0,0,none,-1,-1,1.0,-1,linear,0,30,1.0,core,0.3,1,1,0,0,0,0,0,0.0,1.0,1.0,1.0
10,b,0.02999072623598163,0.00999690874532721,0.02999072623598163,2.57766,1.87807,1.3791,0.19862,0.02237,0.15623,2.0,1,1,0.2,raw,1,none,z,0.0,0.2,1,1,0.0,1.0,0.5,0,0.16404427305079888,0.07230534590839786,0.031144659041013295,0.046599417351999496,0.11789181429109928,2.3426696172658947,2.357437551194343,2.1801492727321126,2.2681688695714093,2.424458485409833,1.9962755132412564,2.0,1.9999176911685779,2.0,2.0,2.178625343847966,2.2761249673539314,2.1604989767074585,2.3578835473544357,1.832231242933135,1.9276925399683524,1.882096605197243,1.953400200864543,1.6322311950766522,1.7276924922846366,1.6820965575135272,1.7534001531808272,0.9679624032283175,0.017772530818331068,0.002399721007416214,0.9832820284193841,1.9776935088061869,1.9814090982101196,0.9999784389958111,0.0,0.9999999936664642,1.8314720440601957,1.9271739038868227,0.967902438018633,0.01779976796629405,0.9832589989123137,1.8564025484997293,1.8499929858290631,1.790298194470613,0.9990513677182404,0.9923082434612772,0.9125275985054347,0.0004515938136888587,0.0021919582201086955,0.05067404042119565,nan,nan,nan,nan,nan,nan,nan,nan,nan,nan,nan,nan,nan,nan,nan,0.0,0.0,0.0,0.0,0.0,0.0,0.0,0.0,0.0,0.0,0.0,100.65084075927734,2.0955810546875,7.260639190673828,22.99449920654297,81,normal,0,0,0,0,nan,nan,nan,nan,1.0,0.3333333333333333,1.0,0,none,-1,-1,1.0,-1,linear,0,30,1.0,core,0.3333333333333333,1,1,0,0,0,0,0,0.0,1.0,1.0,1.0
11,b,0.02998855118817473,0.009996183729391579,0.02998855118817473,2.5568,1.83706,1.36908,0.2171,0.02133,0.15607,2.0,1,1,0.2,raw,1,none,z,0.0,0.2,1,1,0.0,1.0,0.5,0,0.14763568759612414,0.06645727065485477,0.028787170385544743,0.042854239696232296,0.10833627599547954,2.3309232870737713,2.3474033867103468,2.1792788021806357,2.25608315675155,2.410921070886695,1.9964683936989827,2.0,1.9999929861745973,2.0,2.0,2.1832875984302467,2.272464909415314,2.1561077287231667,2.3485632523246434,1.8488327095474022,1.9335404795149098,1.8916480230248494,1.9571453089299409,1.6488326635913573,1.733540431831194,1.6916479753411335,1.757145261246225,0.9690246139747509,0.014658145628113678,0.0017000723576200182,0.9863731494848279,1.9787873935140123,1.982010650320137,0.9999838053655764,0.0,0.9999999937074275,1.8481056175370147,1.9330676474433015,0.9689538198968638,0.014689526798943205,0.9863462523273799,1.8673939559770667,1.8571355684943822,1.821968604170758,0.9982975171959918,0.9946097995923913,0.9141665251358696,0.00055694580078125,0.002120573624320652,0.04129691745923913,nan,nan,nan,nan,nan,nan,nan,nan,nan,nan,nan,nan,nan,nan,nan,0.0,0.0,0.0,0.0,0.0,0.0,0.0,0.0,0.0,0.0,0.0,110.71005249023438,2.3225114345550537,7.979564189910889,20.127721786499023,81,normal,0,0,0,0,nan,nan,nan,nan,1.0,0.36666666666666664,1.0,0,none,-1,-1,1.0,-1,linear,0,30,1.0,core,0.36666666666666664,1,1,0,0,0,0,0,0.0,1.0,1.0,1.0
12,b,0.02998614731155236,0.009995382437184121,0.02998614731155236,2.52109,1.81022,1.35749,0.2509,0.02039,0.15593,2.0,1,1,0.2,raw,1,none,z,0.0,0.2,1,1,0.0,1.0,0.5,0,0.138852490203968,0.06451138617450615,0.028396343258018663,0.042055275521968305,0.10164869624001069,2.3259155791738757,2.3436948465264362,2.168404755903327,2.2489134208015775,2.4093730211257935,1.9963991588440495,2.0,1.99986780449964,2.0,2.0,2.1870630855145663,2.2724723339080812,2.155596273532812,2.348853492391282,1.8575466734775599,1.9354862881743389,1.898328933854034,1.957944449134495,1.6575466244117074,1.735486240490623,1.698328886170318,1.7579444014507792,0.9679929208064425,0.01293624656787817,0.0011558201002038043,0.9879463748655457,1.9796065266581548,1.9826980739400006,0.9998550897923069,0.0,0.9999999949897544,1.8568267960479294,1.935042669116587,0.9679075046725895,0.012969449194587061,0.9879168612369592,1.8787296367728192,1.8634050089380017,1.8305053747218587,0.9983688354492187,0.9957859205163043,0.9098240064538043,0.0003722481105638587,0.0012188455332880436,0.03721764605978261,nan,nan,nan,nan,nan,nan,nan,nan,nan,nan,nan,nan,nan,nan,nan,0.0,0.0,0.0,0.0,0.0,0.0,0.0,0.0,0.0,0.0,0.0,130.77767944335938,2.5324771404266357,8.54936408996582,22.417255401611328,81,normal,0,0,0,0,nan,nan,nan,nan,1.0,0.4,1.0,0,none,-1,-1,1.0,-1,linear,0,30,1.0,core,0.4,1,1,0,0,0,0,0,0.0,1.0,1.0,1.0
13,b,0.029983514643185254,0.009994504881061753,0.029983514643185254,2.49908,1.78271,1.34607,0.26757,0.02027,0.15591,2.0,1,1,0.2,raw,1,none,z,0.0,0.2,1,1,0.0,1.0,0.5,0,0.13667833559970924,0.06516514650480214,0.028986332997664104,0.04265715679395488,0.1049965628888458,2.3326024076213008,2.346282636946526,2.172062426719113,2.252060934080594,2.424883640676305,1.9964518840762153,2.0,1.9999853154887324,2.0,2.0,2.1959240674972533,2.2741403579711914,2.159133865867836,2.3620503771132317,1.8597735475802768,1.9348328852999037,1.894993471408236,1.9573425211768218,1.6597735009331633,1.734832837616188,1.69499342372452,1.757342473493106,0.9694576982138814,0.011199000261831975,0.0008455359417459239,0.9895900560461957,1.9797259000764378,1.982711698697961,0.9999843281248342,0.0,0.9999999936076178,1.8590163327645564,1.934380221021348,0.9693571861239447,0.011234554415486986,0.9895579512568488,1.8764495149902676,1.862634311551633,1.8402368161989295,0.9984859300696332,0.99652099609375,0.9133661684782609,0.0002611906632133152,0.0011803668478260869,0.03215544327445652,nan,nan,nan,nan,nan,nan,nan,nan,nan,nan,nan,nan,nan,nan,nan,0.0,0.0,0.0,0.0,0.0,0.0,0.0,0.0,0.0,0.0,0.0,126.52960205078125,2.7340431213378906,9.2290678024292,21.19035530090332,81,normal,0,0,0,0,nan,nan,nan,nan,1.0,0.43333333333333335,1.0,0,none,-1,-1,1.0,-1,linear,0,30,1.0,core,0.43333333333333335,1,1,0,0,0,0,0,0.0,1.0,1.0,1.0
14,b,0.029980653223672417,0.009993551074557473,0.029980653223672417,2.48284,1.74917,1.33207,0.29957,0.01946,0.15579,2.0,1,1,0.2,raw,1,none,z,0.0,0.2,1,1,0.0,1.0,0.5,0,0.1271926510701145,0.06149696989340937,0.02819576532813738,0.04111519825953334,0.09641994482979341,2.3220969044643898,2.3343264545219533,2.1681956985722417,2.2452172811480535,2.4067136678142824,1.9970369940218717,2.0,2.0,2.0,2.0,2.1949042620866197,2.2662925239922345,2.1592833069787507,2.3464773689491163,1.8698443416236104,1.9385007295055665,1.9035701870918273,1.9588841552319733,1.6698442977407704,1.7385006818218507,1.7035701394081115,1.7588841075482575,0.971420951511549,0.010878609919893568,0.00047647227411684785,0.9896983049917912,1.9805402912955352,1.9833541821742404,0.9999915702619414,0.0,0.9999999941259191,1.8691205962844517,1.9380992004836815,0.9713099122047424,0.010919200573883153,0.9896608518517536,1.8839269327080768,1.8705565473307735,1.8550495448319808,0.9987376337466033,0.995210597826087,0.9203146229619565,0.0003859146781589674,0.0012578549592391305,0.03099206012228261,nan,nan,nan,nan,nan,nan,nan,nan,nan,nan,nan,nan,nan,nan,nan,0.0,0.0,0.0,0.0,0.0,0.0,0.0,0.0,0.0,0.0,0.0,131.7781524658203,2.9584097862243652,9.873839378356934,21.36418914794922,81,normal,0,0,0,0,nan,nan,nan,nan,1.0,0.4666666666666667,1.0,0,none,-1,-1,1.0,-1,linear,0,30,1.0,core,0.4666666666666667,1,1,0,0,0,0,0,0.0,1.0,1.0,1.0
15,b,0.02997756309714049,0.009992521032380164,0.02997756309714049,2.47717,1.73821,1.32594,0.32498,0.01948,0.1558,2.0,1,1,0.2,raw,1,none,z,0.0,0.2,1,1,0.0,1.0,0.5,0,0.1249755782601626,0.06309356737006253,0.028429513260598997,0.041688622979205135,0.09617692845860037,2.3156903564066127,2.32788668093474,2.1719788810481195,2.239210685785266,2.39498660184335,1.9973460482514422,2.0,2.0,2.0,2.0,2.19071477772533,2.258343621613323,2.1524958769480387,2.3338381756906923,1.8723704707795294,1.9369045160818792,1.90381526204123,1.9583106946254123,1.672370421713677,1.7369044683981634,1.7038152143575143,1.7583106469416965,0.9745866195015286,0.011085554482280345,0.00038817032523777174,0.9894188258958899,1.9805176372113436,1.9833828618561011,0.9999811158663985,0.0,0.9999999936940014,1.8716698221538377,1.9364858684332475,0.9744976206966068,0.011120905246539421,0.9893860298654308,1.8824121672174206,1.870938045563905,1.863761199557263,0.9991056359332541,0.9944051991338315,0.9302490234375,0.0002668961234714674,0.0009181810461956521,0.032071586277173915,nan,nan,nan,nan,nan,nan,nan,nan,nan,nan,nan,nan,nan,nan,nan,0.0,0.0,0.0,0.0,0.0,0.0,0.0,0.0,0.0,0.0,0.0,141.35560607910156,3.102733850479126,10.307082176208496,22.00892448425293,81,normal,0,0,0,0,nan,nan,nan,nan,1.0,0.5,1.0,0,none,-1,-1,1.0,-1,linear,0,30,1.0,core,0.5,1,1,0,0,0,0,0,0.0,1.0,1.0,1.0
16,b,0.029974244311243032,0.009991414770414344,0.029974244311243032,2.45145,1.70149,1.31368,0.35961,0.0193,0.15577,2.0,1,1,0.2,raw,1,none,z,0.0,0.2,1,1,0.0,1.0,0.5,0,0.12110414427259694,0.06280321246772276,0.02842365032522956,0.041856504076091317,0.09539083337910689,2.3130250101504117,2.3249906505363573,2.17309279649154,2.239532798960589,2.3870370754297228,1.997523506136908,2.0,2.0,2.0,2.0,2.191920859226282,2.2560335573942765,2.1528352049813755,2.3257114137428396,1.876419368688611,1.9371940184330594,1.9045991386192431,1.9581425488858983,1.676419320486594,1.7371939707493436,1.7045990909355273,1.7581425012021825,0.9756280650263247,0.01030762161033741,0.00036988189254981885,0.9902297089065331,1.9806984089422917,1.9834908371386322,0.9999877319819686,0.0,0.9999999940395355,1.8756975989410842,1.936782751739889,0.9755285087702931,0.010347543364978395,0.9901927346768586,1.8854934739029925,1.8702777354613593,1.873486896701481,0.9996909100076427,0.9953637164572011,0.9318295686141305,0.00016326904296875,0.000910750679347826,0.029848845108695652,nan,nan,nan,nan,nan,nan,nan,nan,nan,nan,nan,nan,nan,nan,nan,0.0,0.0,0.0,0.0,0.0,0.0,0.0,0.0,0.0,0.0,0.0,141.1571044921875,3.255048990249634,10.3585205078125,24.482959747314453,81,normal,0,0,0,0,nan,nan,nan,nan,1.0,0.5333333333333333,1.0,0,none,-1,-1,1.0,-1,linear,0,30,1.0,core,0.5333333333333333,1,1,0,0,0,0,0,0.0,1.0,1.0,1.0
17,b,0.02997069691715983,0.009990232305719944,0.02997069691715983,2.41981,1.6915,1.29917,0.36879,0.01871,0.15568,2.0,1,1,0.2,raw,1,none,z,0.0,0.2,1,1,0.0,1.0,0.5,0,0.1177498851997265,0.05776100609336804,0.026128938485118745,0.038300520069732676,0.09014557219292645,2.3116589366525844,2.3224843598794247,2.1732432500175807,2.2383080973141434,2.3853684985119363,1.9977052026900692,2.0,2.0,2.0,2.0,2.193909050070721,2.2577309352764185,2.1565134691155476,2.3275914548099905,1.8799553186997124,1.9422372135563173,1.909838756962099,1.9616990277732629,1.6799552741258041,1.7422371658726015,1.709838709278383,1.761698980089547,0.9765264096467391,0.010858707151551178,0.00031700687132019925,0.9896677874136662,1.9812960107371491,1.9839256143708361,0.999984935769495,0.0,0.9999999948094649,1.8792679289112921,1.941849092124165,0.976429752940717,0.01090046279892651,0.9896290244399637,1.8899529949478482,1.8758229012074679,1.874090059943821,0.9997003969938859,0.9946811841881793,0.9351976477581522,0.00014257016389266304,0.0009701936141304348,0.03146335767663044,nan,nan,nan,nan,nan,nan,nan,nan,nan,nan,nan,nan,nan,nan,nan,0.0,0.0,0.0,0.0,0.0,0.0,0.0,0.0,0.0,0.0,0.0,156.68194580078125,3.4669299125671387,11.19998550415039,29.312318801879883,81,normal,0,0,0,0,nan,nan,nan,nan,1.0,0.5666666666666667,1.0,0,none,-1,-1,1.0,-1,linear,0,30,1.0,core,0.5666666666666667,1,1,0,0,0,0,0,0.0,1.0,1.0,1.0
18,b,0.0299669209695961,0.009988973656532034,0.0299669209695961,2.41243,1.65764,1.30382,0.41098,0.0186,0.15566,2.0,1,1,0.2,raw,1,none,z,0.0,0.2,1,1,0.0,1.0,0.5,0,0.1180542041534099,0.06161292503432681,0.02838146767825347,0.0414911529169067,0.09301727736078581,2.302336534209873,2.312805802234705,2.165099582810333,2.228908067164214,2.3758719637774037,1.9974550091702006,2.0,2.0,2.0,2.0,2.18428233222685,2.2450343854185464,2.1460286821144217,2.315272371665291,1.8794008059778076,1.9383848026178885,1.9069610535234645,1.9585080055222994,1.6794007605400638,1.7383847549341727,1.7069610058397486,1.7585079578385836,0.9746250318444294,0.010442252781080163,0.0002226677493772645,0.9901003409123075,1.981404479517453,1.9840325295061305,0.9999841729799906,0.0,0.9999999948169874,1.878678760494011,1.9379850586255392,0.9745162618333015,0.010484305330259224,0.9900614052579023,1.8912015013072803,1.868580745095792,1.8784201715303503,0.9995618737262228,0.9946342136548914,0.9296790081521739,0.00016247293223505436,0.0009269382642663043,0.03023734714673913,nan,nan,nan,nan,nan,nan,nan,nan,nan,nan,nan,nan,nan,nan,nan,0.0,0.0,0.0,0.0,0.0,0.0,0.0,0.0,0.0,0.0,0.0,167.9615478515625,3.6385042667388916,11.725892066955566,27.93037986755371,81,normal,0,0,0,0,nan,nan,nan,nan,1.0,0.6,1.0,0,none,-1,-1,1.0,-1,linear,0,30,1.0,core,0.6,1,1,0,0,0,0,0,0.0,1.0,1.0,1.0
19,b,0.02996291652678161,0.009987638842260537,0.02996291652678161,2.3971,1.644,1.28386,0.40964,0.0183,0.15562,2.0,1,1,0.2,raw,1,none,z,0.0,0.2,1,1,0.0,1.0,0.5,0,0.11287725327023561,0.059294168141238605,0.026974938495761203,0.03951366091285414,0.09114993442342603,2.297713761744292,2.306994636853536,2.165865786179252,2.22651540507441,2.3675206778705986,1.9977334984834643,2.0,2.0,2.0,2.0,2.184836500969486,2.241680075120235,2.1455063249753867,2.309241267218106,1.8848562416823014,1.9407034697739973,1.9088347295056218,1.9604858291321907,1.6848561974539273,1.7407034220902815,1.708834681821906,1.760485781448475,0.9786054085994113,0.009463921146116395,0.00013516191123188405,0.9909849747367527,1.9817138828975196,1.9842745589933133,0.9999206443310475,0.0,0.9999999946364471,1.8841677363368048,1.9402976678765338,0.9785165608793065,0.009499233945825835,0.9909518578778143,1.8937166628630264,1.8702928667483123,1.8905591954355654,0.9995894722316576,0.9946772036345108,0.9415495499320652,0.00010196851647418479,0.00045139478600543477,0.027838400135869565,nan,nan,nan,nan,nan,nan,nan,nan,nan,nan,nan,nan,nan,nan,nan,0.0,0.0,0.0,0.0,0.0,0.0,0.0,0.0,0.0,0.0,0.0,175.82496643066406,3.7566730976104736,11.892417907714844,27.453914642333984,81,normal,0,0,0,0,nan,nan,nan,nan,1.0,0.6333333333333333,1.0,0,none,-1,-1,1.0,-1,linear,0,30,1.0,core,0.6333333333333333,1,1,0,0,0,0,0,0.0,1.0,1.0,1.0
20,b,0.02995868365046983,0.009986227883489945,0.02995868365046983,2.3897,1.62104,1.27977,0.44304,0.01776,0.15554,2.0,1,1,0.2,raw,1,none,z,0.0,0.2,1,1,0.0,1.0,0.5,0,0.10334193190370781,0.05444421919975497,0.024258120948671486,0.035614596083684336,0.08485103626111253,2.2870001893112626,2.2921930537707564,2.1621067133502683,2.2243827754172725,2.35309241094451,1.9980346266774163,2.0,2.0,2.0,2.0,2.183658258465753,2.231227119072624,2.148876952779466,2.2980612184690394,1.89469269565914,1.9455508000608803,1.9151358633801556,1.9643839668536531,1.6946926495303278,1.7455507523771645,1.7151358156964398,1.7643839191699373,0.9816403596297555,0.008156773663949275,0.00012587395267210145,0.992216646498528,1.982244130493938,1.9847378022428872,0.9996880381867506,0.0,0.9999999943850697,1.894081789859827,1.9451677621274754,0.9815720968488334,0.008182988359117915,0.9921922307947407,1.8987404647080794,1.8803420072016508,1.9049956150676892,0.9996513034986413,0.9944046683933424,0.9508651069972827,0.00010349439538043478,0.0005291482676630434,0.02383767832880435,nan,nan,nan,nan,nan,nan,nan,nan,nan,nan,nan,nan,nan,nan,nan,0.0,0.0,0.0,0.0,0.0,0.0,0.0,0.0,0.0,0.0,0.0,173.7535858154297,3.9695780277252197,12.820195198059082,28.322126388549805,81,normal,0,0,0,0,nan,nan,nan,nan,1.0,0.6666666666666666,1.0,0,none,-1,-1,1.0,-1,linear,0,30,1.0,core,0.6666666666666666,1,1,0,0,0,0,0,0.0,1.0,1.0,1.0
21,b,0.029954222405936946,0.009984740801978984,0.029954222405936946,2.37662,1.61306,1.27836,0.45643,0.01817,0.1556,2.0,1,1,0.2,raw,1,none,z,0.0,0.2,1,1,0.0,1.0,0.5,0,0.1025982565421989,0.05641440246836282,0.02558945119112057,0.037424024615556585,0.08638564656772044,2.283722273854242,2.287719506111698,2.16189637840658,2.2282510826553126,2.3494544240011686,1.9982395336247873,2.0,2.0,2.0,2.0,2.1811240230781443,2.224519568249799,2.1510116079579227,2.291911834910296,1.8956412742103355,1.943580920972686,1.913602336074995,1.9625748985055564,1.6956412284270577,1.7435808732889702,1.7136022883912791,1.7625748508218406,0.9824191107266191,0.007497793004132699,0.00013184478317481883,0.9928747204766757,1.9818312382352525,1.984371078359908,0.9999792606934257,0.0,0.9999999952489051,1.8949925044308538,1.9431955382443857,0.9823339982309203,0.007530561798249318,0.9928440879220548,1.895929223558177,1.879716246024422,1.9112783530484074,0.9995034259298573,0.9946883491847827,0.9530655570652173,0.0001478775687839674,0.0004789932914402174,0.021866508152173912,nan,nan,nan,nan,nan,nan,nan,nan,nan,nan,nan,nan,nan,nan,nan,0.0,0.0,0.0,0.0,0.0,0.0,0.0,0.0,0.0,0.0,0.0,189.00830078125,4.110314846038818,13.248395919799805,32.473052978515625,81,normal,0,0,0,0,nan,nan,nan,nan,1.0,0.7,1.0,0,none,-1,-1,1.0,-1,linear,0,30,1.0,core,0.7,1,1,0,0,0,0,0,0.0,1.0,1.0,1.0
22,b,0.029949532861980873,0.009983177620660292,0.029949532861980873,2.35989,1.59397,1.26663,0.50355,0.01785,0.15556,2.0,1,1,0.2,raw,1,none,z,0.0,0.2,1,1,0.0,1.0,0.5,0,0.09995549375164337,0.05507513748370516,0.025412495785871136,0.03670083954786895,0.08339074766904493,2.282084057642066,2.285652662014616,2.1633974901144057,2.2269476092380027,2.3461248166319253,1.9981798305027727,2.0,2.0,2.0,2.0,2.182128563825635,2.224246831216674,2.1526566135710565,2.289688772049503,1.8982243401416834,1.9449226971985638,1.9165993033975794,1.9632985424304354,1.6982242905575295,1.744922649514848,1.7165992557138636,1.7632984947467196,0.9830633633378624,0.007684281943500906,9.621882784193841e-05,0.992720385565274,1.9821459844492484,1.9845821563748345,0.9999672538992287,0.0,0.9999999941259191,1.897606591210849,1.9445531205854554,0.9829898366029711,0.00771342628974009,0.9926933227241903,1.8982009986172552,1.8846006906550863,1.9118713311527087,0.9994862432065217,0.9951723845108695,0.9545314622961957,0.00014316724694293478,0.00032879373301630436,0.02258088485054348,nan,nan,nan,nan,nan,nan,nan,nan,nan,nan,nan,nan,nan,nan,nan,0.0,0.0,0.0,0.0,0.0,0.0,0.0,0.0,0.0,0.0,0.0,197.90916442871094,4.226571559906006,13.831183433532715,31.084409713745117,81,normal,0,0,0,0,nan,nan,nan,nan,1.0,0.7333333333333333,1.0,0,none,-1,-1,1.0,-1,linear,0,30,1.0,core,0.7333333333333333,1,1,0,0,0,0,0,0.0,1.0,1.0,1.0
23,b,0.029944615090920175,0.009981538363640059,0.029944615090920175,2.34677,1.58531,1.26476,0.50392,0.01771,0.15553,2.0,1,1,0.2,raw,1,none,z,0.0,0.2,1,1,0.0,1.0,0.5,0,0.09506174829127131,0.053683637515506775,0.02531287749759782,0.036543362308040506,0.0795649056128847,2.2762850481530896,2.2782298219376718,2.1584713925486025,2.218038115294083,2.340718285933785,1.9983385835868726,2.0,2.0,2.0,2.0,2.1812233071396316,2.2182373658470484,2.147956745866416,2.2845926789269932,1.9032768356627312,1.9463144692821779,1.9204279754472815,1.9634562504464301,1.7032767864241116,1.746314421598462,1.7204279277635657,1.7634562027627143,0.9848597208658855,0.007199671648550725,6.222932235054348e-05,0.9931181092193161,1.9822895024133764,1.9846919650616852,0.999989910920461,0.0,0.9999999934348507,1.9026959718137548,1.9459832557733507,0.9847955254540928,0.007226624084490839,0.9930925448735555,1.8988926016766092,1.892175963650579,1.9187619416610053,0.9995259824006454,0.9965347953464674,0.9585183848505435,0.000164794921875,6.342348845108696e-05,0.021370796535326086,nan,nan,nan,nan,nan,nan,nan,nan,nan,nan,nan,nan,nan,nan,nan,0.0,0.0,0.0,0.0,0.0,0.0,0.0,0.0,0.0,0.0,0.0,202.62400817871094,4.3502397537231445,13.999442100524902,32.48429870605469,81,normal,0,0,0,0,nan,nan,nan,nan,1.0,0.7666666666666667,1.0,0,none,-1,-1,1.0,-1,linear,0,30,1.0,core,0.7666666666666667,1,1,0,0,0,0,0,0.0,1.0,1.0,1.0
24,b,0.02993946916859297,0.009979823056197656,0.02993946916859297,2.32978,1.55483,1.25615,0.54874,0.0178,0.15555,2.0,1,1,0.2,raw,1,none,z,0.0,0.2,1,1,0.0,1.0,0.5,0,0.09053985069951286,0.05135702924791089,0.023904223352197416,0.03462454682482623,0.07678050767559477,2.268634589513143,2.269998644400334,2.152898669242859,2.20853883287181,2.332303537493167,1.9985426422478496,2.0,2.0,2.0,2.0,2.178094742263573,2.21220457346543,2.14089733828669,2.2777789882991626,1.9080027896424998,1.9486372417297917,1.9232033309729204,1.9653740222903266,1.7080027423043183,1.7486371940460759,1.7232032832892046,1.7653739746066108,0.9864836761916893,0.006581845490828804,5.448935688405797e-05,0.993627885459126,1.9822047072908153,1.9846925467684648,0.999994611221811,0.0,0.999999995076138,1.9074782186660213,1.9483110747475556,0.9864398089871891,0.006597978405200895,0.9936125903889753,1.9050060557282489,1.89214289188385,1.9268594213154004,0.9995646601137907,0.9960499639096467,0.9638364045516304,0.00015431279721467392,0.00010137143342391304,0.019489852241847825,nan,nan,nan,nan,nan,nan,nan,nan,nan,nan,nan,nan,nan,nan,nan,0.0,0.0,0.0,0.0,0.0,0.0,0.0,0.0,0.0,0.0,0.0,211.01951599121094,4.531550407409668,14.590921401977539,31.550649642944336,81,normal,0,0,0,0,nan,nan,nan,nan,1.0,0.8,1.0,0,none,-1,-1,1.0,-1,linear,0,30,1.0,core,0.8,1,1,0,0,0,0,0,0.0,1.0,1.0,1.0
25,b,0.029934095174355736,0.009978031724785246,0.029934095174355736,2.30301,1.53731,1.24434,0.56452,0.01729,0.15547,2.0,1,1,0.2,raw,1,none,z,0.0,0.2,1,1,0.0,1.0,0.5,0,0.08945947002241576,0.051472940938665356,0.023623612230458883,0.034435762595419056,0.07798810980242232,2.2672082672948424,2.2688970033673272,2.154908461847167,2.2088293766629867,2.329171043202497,1.9985123508218405,2.0,2.0,2.0,2.0,2.1777488089989925,2.210532954464788,2.1415188685707425,2.2745402774949004,1.9090528804322948,1.9485204516977503,1.9219938426777936,1.965562901980635,1.7090528322302776,1.7485204040140345,1.7219937949940778,1.7655628542969193,0.9880240620046422,0.006052763565726902,6.596661996150363e-05,0.9942227349765059,1.982709256462429,1.9850698467613994,0.9998571631701096,0.0,0.9999999941259191,1.908508775199669,1.948183950997781,0.9879736074502917,0.006073246259918538,0.994203533988068,1.9037905164386915,1.8924796596817348,1.930888465176458,0.9995872165845788,0.9950832201086957,0.9694017493206522,0.0001465507175611413,0.0001448921535326087,0.017866847826086957,nan,nan,nan,nan,nan,nan,nan,nan,nan,nan,nan,nan,nan,nan,nan,0.0,0.0,0.0,0.0,0.0,0.0,0.0,0.0,0.0,0.0,0.0,205.8289794921875,4.582083702087402,15.407946586608887,32.1876106262207,81,normal,0,0,0,0,nan,nan,nan,nan,1.0,0.8333333333333334,1.0,0,none,-1,-1,1.0,-1,linear,0,30,1.0,core,0.8333333333333334,1,1,0,0,0,0,0,0.0,1.0,1.0,1.0
26,b,0.029928493191082123,0.009976164397027375,0.029928493191082123,2.30884,1.52609,1.24345,0.59494,0.0176,0.15552,2.0,1,1,0.2,raw,1,none,z,0.0,0.2,1,1,0.0,1.0,0.5,0,0.09095889728894269,0.05113355767123563,0.02429020331615322,0.03484860692444035,0.07673229527494371,2.26765115433845,2.269920329425646,2.1582292795181273,2.211533412380495,2.3280761590902355,1.998538877480272,2.0,2.0,2.0,2.0,2.176692262594251,2.211191739552263,2.1441601203835527,2.2740137314450912,1.9075799826262654,1.9488621963970902,1.9232524650684302,1.9651506505150727,1.7075799330421115,1.7488621487133744,1.7232524173847144,1.7651506028313568,0.9887941885685575,0.006203803463258605,5.2145253057065215e-05,0.9940751227779665,1.982421582426838,1.9848013560899975,0.9999904269230903,0.0,0.9999999955015363,1.9070263043693874,1.9485342310822529,0.988747359358746,0.006223707885449888,0.9940564064875893,1.9052804288656815,1.8905531131702922,1.9269064058428225,0.9995310244352921,0.9954658840013587,0.9713856572690217,0.0001421721085258152,0.00012896993885869564,0.018340268342391303,nan,nan,nan,nan,nan,nan,nan,nan,nan,nan,nan,nan,nan,nan,nan,0.0,0.0,0.0,0.0,0.0,0.0,0.0,0.0,0.0,0.0,0.0,208.03831481933594,4.704008102416992,15.764997482299805,31.400632858276367,81,normal,0,0,0,0,nan,nan,nan,nan,1.0,0.8666666666666667,1.0,0,none,-1,-1,1.0,-1,linear,0,30,1.0,core,0.8666666666666667,1,1,0,0,0,0,0,0.0,1.0,1.0,1.0
27,b,0.029922663305161638,0.009974221101720547,0.029922663305161638,2.30271,1.52057,1.23797,0.59939,0.01745,0.15549,2.0,1,1,0.2,raw,1,none,z,0.0,0.2,1,1,0.0,1.0,0.5,0,0.09020450537403425,0.05232314504539608,0.024745367059380362,0.03555868939343465,0.07806086992689719,2.265338985816292,2.2679638472156247,2.157106077498284,2.2089282388272493,2.325390630874081,1.9986664115518764,2.0,2.0,2.0,2.0,2.1751344812089117,2.2086750320766284,2.14138968301856,2.2698502716810807,1.908461907117263,1.947672186208808,1.9219233906787374,1.9644405033277428,1.7084618618522864,1.7476721385250922,1.7219233429950216,1.764440455644027,0.9896192688872849,0.006197036522022192,3.642206606657609e-05,0.9940264273380888,1.9825627011380798,1.9849198063502984,0.9999976231674671,0.0,0.999999994722956,1.9079162853351537,1.947339321737704,0.9895762736382692,0.006216770221826796,0.9940076620682426,1.903921545588452,1.8921866463578265,1.929277529405511,0.9994733064070992,0.9959215247112772,0.9734629755434783,0.0001879484757133152,5.9708305027173914e-05,0.01834345278532609,nan,nan,nan,nan,nan,nan,nan,nan,nan,nan,nan,nan,nan,nan,nan,0.0,0.0,0.0,0.0,0.0,0.0,0.0,0.0,0.0,0.0,0.0,212.3785858154297,4.84342622756958,16.64189338684082,30.096881866455078,81,normal,0,0,0,0,nan,nan,nan,nan,1.0,0.9,1.0,0,none,-1,-1,1.0,-1,linear,0,30,1.0,core,0.9,1,1,0,0,0,0,0,0.0,1.0,1.0,1.0
28,b,0.02991660560649833,0.009972201868832778,0.02991660560649833,2.28513,1.49844,1.23291,0.62851,0.01713,0.15545,2.0,1,1,0.2,raw,1,none,z,0.0,0.2,1,1,0.0,1.0,0.5,0,0.0866865988118925,0.0505168431587821,0.023662136502874395,0.03414119809930908,0.07511446149091816,2.2583696044009667,2.2593617732974067,2.1521541215371394,2.2009229521820513,2.3191471815109255,1.9986941444701043,2.0,2.0,2.0,2.0,2.171683012229809,2.201758012564286,2.136765568152718,2.2650124795194984,1.912007551089577,1.9494710416033647,1.9248551805814107,1.965856739576312,1.7120075044424639,1.7494709939196489,1.7248551328976949,1.7658566918925962,0.9897853243178215,0.006291021816972373,6.103515625e-05,0.9939954674762228,1.9828742745993795,1.9851414777230525,0.9999868594217991,0.0,0.9999999944714533,1.9114654466725778,1.9491513402565666,0.9897326892700749,0.006318060644438104,0.9939702055592468,1.903548969393191,1.9006668790527013,1.9318068048228387,0.9994903564453125,0.9953199303668478,0.9745456861413043,0.00026344631029211955,0.00021946119225543478,0.018390157948369564,nan,nan,nan,nan,nan,nan,nan,nan,nan,nan,nan,nan,nan,nan,nan,0.0,0.0,0.0,0.0,0.0,0.0,0.0,0.0,0.0,0.0,0.0,212.20376586914062,4.975632667541504,17.121604919433594,36.63008117675781,81,normal,0,0,0,0,nan,nan,nan,nan,1.0,0.9333333333333333,1.0,0,none,-1,-1,1.0,-1,linear,0,30,1.0,core,0.9333333333333333,1,1,0,0,0,0,0,0.0,1.0,1.0,1.0
29,b,0.029910320188509417,0.00997010672950314,0.029910320188509417,2.26245,1.48143,1.22343,0.6506,0.0173,0.15547,2.0,1,1,0.2,raw,1,none,z,0.0,0.2,1,1,0.0,1.0,0.5,0,0.08423276341155819,0.049968974483266905,0.02262679462252983,0.03301259288547453,0.07542575930440934,2.2602696425672892,2.2613917599553646,2.1577623940896298,2.2039155690566354,2.3180912162946616,1.9988149622212286,2.0,2.0,2.0,2.0,2.176036887237991,2.2048284444256105,2.139566037620323,2.2640280346939528,1.91458220395489,1.9500148659167083,1.924528742009315,1.9669845548228941,1.7145821554073388,1.7500148182329924,1.724528694325599,1.7669845071391783,0.9901801288991735,0.005089292664458786,4.3277464051177536e-05,0.995164091690727,1.982721539125041,1.9850854058743215,0.9999080417983245,0.0,0.9999999955880452,1.914055519345878,1.9496819815773896,0.990128565352896,0.005109173308781043,0.9951456608115763,1.904993544972461,1.898768080835757,1.9399849860564522,0.9994784811268682,0.9935653023097826,0.9774966032608695,0.00020174772843070652,0.00016293733016304349,0.014903192934782608,nan,nan,nan,nan,nan,nan,nan,nan,nan,nan,nan,nan,nan,nan,nan,0.0,0.0,0.0,0.0,0.0,0.0,0.0,0.0,0.0,0.0,0.0,213.65003967285156,5.069471836090088,16.7772216796875,33.03413772583008,81,normal,0,0,0,0,nan,nan,nan,nan,1.0,0.9666666666666667,1.0,0,none,-1,-1,1.0,-1,linear,0,30,1.0,core,0.9666666666666667,1,1,0,0,0,0,0,0.0,1.0,1.0,1.0
30,b,0.02990380714812381,0.00996793571604127,0.02990380714812381,2.26333,1.47175,1.22462,0.67734,0.01694,0.15542,2.0,1,1,0.2,raw,1,none,z,0.0,0.2,1,1,0.0,1.0,0.5,0,0.08163447615461072,0.04844021887520153,0.022671067943757287,0.032583059880783805,0.07290461272460179,2.257955533179684,2.2592723901721015,2.1567717621291895,2.200897153218587,2.314575621701669,1.9987753066463747,2.0,2.0,2.0,2.0,2.176321060070093,2.204469399175782,2.139118358363276,2.2613900702932606,1.9171408292176066,1.9515381533166636,1.9270316403845082,1.967413191864456,1.7171407803245213,1.7515381056329478,1.7270315927007924,1.7674131441807401,0.9900241796521173,0.005101300668025362,5.665654721467391e-05,0.9951520615729733,1.9830614981443986,1.985277625443279,0.9999908538832181,0.0,0.9999999934348507,1.9166312428488248,1.9512216602546582,0.9899704519389332,0.005121617907713263,0.9951329904190008,1.9053228139877318,1.904323324949845,1.941776348715243,0.9996430106784986,0.9932227093240489,0.9772068189538043,0.0002513056216032609,5.599312160326087e-05,0.014996603260869565,nan,nan,nan,nan,nan,nan,nan,nan,nan,nan,nan,nan,nan,nan,nan,0.0,0.0,0.0,0.0,0.0,0.0,0.0,0.0,0.0,0.0,0.0,214.33641052246094,5.152369976043701,17.406110763549805,31.810930252075195,81,normal,0,0,0,0,nan,nan,nan,nan,1.0,1.0,1.0,0,none,-1,-1,1.0,-1,linear,0,30,1.0,core,1.0,0,1,0,0,0,0,0,0.0,1.0,1.0,1.0
31,b,0.029897066585780653,0.009965688861926884,0.029897066585780653,2.26775,1.47356,1.21329,0.63637,0.01686,0.15541,2.0,1,1,0.2,raw,1,none,z,0.0,0.2,1,1,0.0,1.0,0.5,0,0.07919243636770525,0.04830050132131083,0.02270061439795308,0.032608353094943546,0.07198568555539933,2.254716988922893,2.253597022485042,2.15346781378207,2.1970316078351892,2.31143721981325,1.9988198136937791,2.0,2.0,2.0,2.0,2.1755245488622914,2.1995068232218427,2.1358535327773165,2.2586351384287293,1.9196273812349292,1.9516737853271373,1.9279504029647163,1.967386051364567,1.7196273337239805,1.7516737376434215,1.7279503552810005,1.767386003680851,0.9905308599057405,0.004893958050271739,6.167646767436595e-05,0.9953280462734941,1.9831412828486898,1.9853274880975917,0.9999860516492871,0.0,0.9999999944714533,1.9191420111103334,1.9513631250547325,0.9904804101024849,0.004912379034383617,0.9953108716702116,1.9077097700989765,1.906114039213761,1.94505833439205,0.9996286806852921,0.9928899350373641,0.9790739639945653,0.0002903150475543478,0.00013162364130434783,0.014259935461956521,nan,nan,nan,nan,nan,nan,nan,nan,nan,nan,nan,nan,nan,nan,nan,0.0,0.0,0.0,0.0,0.0,0.0,0.0,0.0,0.0,0.0,0.0,235.90261840820312,5.252439498901367,17.873361587524414,31.3885440826416,81,normal,0,0,0,0,nan,nan,nan,nan,1.0,1.0,1.0,0,none,-1,-1,1.0,-1,linear,0,30,1.0,core,1.0,0,1,0,0,0,0,0,0.0,1.0,1.0,1.0
32,b,0.029890098605427757,0.009963366201809253,0.029890098605427757,2.23977,1.45083,1.2128,0.65274,0.01695,0.15542,2.0,1,1,0.2,raw,1,none,z,0.0,0.2,1,1,0.0,1.0,0.5,0,0.08168113122599713,0.05036930367392758,0.023639112859930627,0.03410131666784856,0.07482873641183951,2.2520742171052572,2.250328875279081,2.1490754355554995,2.1925395664961442,2.3108523887136707,1.9988675936408664,2.0,2.0,2.0,2.0,2.170393088589544,2.1934453701627428,2.1290960738624354,2.2556671083837316,1.917186462706414,1.949593023977418,1.9250776368638745,1.96588917279589,1.7171864141588626,1.7495929762937021,1.7250775891801586,1.7658891251121742,0.9896689152372056,0.004738163602524909,4.150832908740942e-05,0.9955077682716259,1.9830474594364995,1.9852870611176974,0.9999999954216722,0.0,0.9999999954216722,1.9166794455569722,1.9492691838223002,0.9896111862383027,0.004753877002851526,0.9954932284527931,1.9073539003081943,1.899556847758915,1.944648640052132,0.9995243238366168,0.990263034986413,0.979219386888587,0.00027008056640625,8.040718410326087e-05,0.013864003057065217,nan,nan,nan,nan,nan,nan,nan,nan,nan,nan,nan,nan,nan,nan,nan,0.0,0.0,0.0,0.0,0.0,0.0,0.0,0.0,0.0,0.0,0.0,227.27427673339844,5.3509039878845215,18.450902938842773,33.92268753051758,81,normal,0,0,0,0,nan,nan,nan,nan,1.0,1.0,1.0,0,none,-1,-1,1.0,-1,linear,0,30,1.0,core,1.0,0,1,0,0,0,0,0,0.0,1.0,1.0,1.0
33,b,0.029882903314519996,0.009960967771506665,0.029882903314519996,2.23049,1.4439,1.20608,0.63767,0.01665,0.15538,2.0,1,1,0.2,raw,1,none,z,0.0,0.2,1,1,0.0,1.0,0.5,0,0.07681244849294856,0.04779921577318801,0.022100825822048323,0.03199231406130518,0.0719709264047012,2.2499735673268635,2.250530759147976,2.141880390955054,2.1903122228124867,2.310002314526102,1.9989955309508503,2.0,2.0,2.0,2.0,2.173161116199217,2.195640540122986,2.1295320103133935,2.2571842725726143,1.9221830870794214,1.9521534416986548,1.9279071009677389,1.9679977202761,1.7221830412961434,1.752153394014939,1.727907053284023,1.7679976725923843,0.9895862524060236,0.0041512973066689315,4.0557419044384056e-05,0.9960460718127264,1.983350806650908,1.985554153677346,0.9999999945578368,0.0,0.9999999945578368,1.9217036582421565,1.951836592045383,0.9895238957543304,0.004164218737587098,0.9960341696290003,1.914588161136793,1.900981324651967,1.950979775449504,0.9996223781419837,0.98798828125,0.9811480978260869,0.00021926216457201087,0.00012100883152173914,0.012113620923913044,nan,nan,nan,nan,nan,nan,nan,nan,nan,nan,nan,nan,nan,nan,nan,0.0,0.0,0.0,0.0,0.0,0.0,0.0,0.0,0.0,0.0,0.0,219.06455993652344,5.4543538093566895,19.146617889404297,33.589168548583984,81,normal,0,0,0,0,nan,nan,nan,nan,1.0,1.0,1.0,0,none,-1,-1,1.0,-1,linear,0,30,1.0,core,1.0,0,1,0,0,0,0,0,0.0,1.0,1.0,1.0
34,b,0.029875480824017656,0.009958493608005886,0.029875480824017656,2.23479,1.44023,1.21055,0.60778,0.01663,0.15537,2.0,1,1,0.2,raw,1,none,z,0.0,0.2,1,1,0.0,1.0,0.5,0,0.07643145868635697,0.04929651688544782,0.02306836932375386,0.03322260473961132,0.0737467416514899,2.2457066072933918,2.246971010125202,2.1356995226680366,2.1838382409966512,2.3062759299209152,1.9990796799245087,2.0,2.0,2.0,2.0,2.169275154583696,2.1906931268996086,2.1208151356033658,2.2526311452837957,1.9226482211679652,1.9506414430728858,1.9260855724846107,1.96676341312519,1.7226481741753177,1.75064139538917,1.7260855248008948,1.7667633654414743,0.9892024606898211,0.0036755105723505436,7.147305253623189e-05,0.9965035037717958,1.983370792347452,1.9856280618819637,0.9999969047912652,0.0,0.999999994903371,1.9221682742022086,1.9503227382466413,0.9891308000122292,0.0036883201360794465,0.9964915985646455,1.910994975981505,1.8999221698097561,1.9570275177126346,0.9996609231700068,0.9848462975543478,0.9831001613451087,0.0002575418223505435,7.881496263586957e-05,0.010690174932065217,nan,nan,nan,nan,nan,nan,nan,nan,nan,nan,nan,nan,nan,nan,nan,0.0,0.0,0.0,0.0,0.0,0.0,0.0,0.0,0.0,0.0,0.0,225.1138458251953,5.592782020568848,19.58101463317871,31.747522354125977,81,normal,0,0,0,0,nan,nan,nan,nan,1.0,1.0,1.0,0,none,-1,-1,1.0,-1,linear,0,30,1.0,core,1.0,0,1,0,0,0,0,0,0.0,1.0,1.0,1.0
35,b,0.029867831248384727,0.009955943749461576,0.029867831248384727,2.21551,1.40797,1.20219,0.6009,0.01649,0.15535,2.0,1,1,0.2,raw,1,none,z,0.0,0.2,1,1,0.0,1.0,0.5,0,0.07368096134800842,0.048370406664047474,0.02258577987628034,0.03249070198347698,0.07269738178271665,2.244547490106113,2.245637409237848,2.135034277473671,2.1823382622953775,2.3030111623846965,1.9992664945298346,2.0,2.0,2.0,2.0,2.1708665256914883,2.189121908035831,2.1202242334683734,2.2492691744928774,1.9255855380624964,1.9515699015147445,1.9271550658820331,1.9674949502599413,1.7255854905515478,1.7515698538310287,1.7271550181983173,1.7674949025762254,0.9910425379656363,0.0031685207201086955,5.831511124320652e-05,0.9969935762709465,1.983529091054617,1.9857336674318757,0.9995010933557222,0.0,0.9999999946286512,1.9251289818597876,1.951250538273134,0.9909866114457448,0.0031748728716922705,0.9969879325749218,1.9090257535810056,1.904057781074358,1.9636730795321258,0.9996450009553329,0.9864772630774457,0.9870053498641305,0.0001860245414402174,8.571458899456522e-05,0.009233823029891305,nan,nan,nan,nan,nan,nan,nan,nan,nan,nan,nan,nan,nan,nan,nan,0.0,0.0,0.0,0.0,0.0,0.0,0.0,0.0,0.0,0.0,0.0,225.06280517578125,5.6943359375,20.25824546813965,37.42424011230469,81,normal,0,0,0,0,nan,nan,nan,nan,1.0,1.0,1.0,0,none,-1,-1,1.0,-1,linear,0,30,1.0,core,1.0,0,1,0,0,0,0,0,0.0,1.0,1.0,1.0
36,b,0.02985995470558712,0.009953318235195708,0.02985995470558712,2.2111,1.41006,1.19898,0.60645,0.01618,0.15531,2.0,1,1,0.2,raw,1,none,z,0.0,0.2,1,1,0.0,1.0,0.5,0,0.07042497749021952,0.04630518373316221,0.021908303836349608,0.031260520506581034,0.06998174587227539,2.2587429139925086,2.254140947867131,2.146445565983869,2.198573913090471,2.3172184432762255,1.9993275906728663,2.0,2.0,2.0,2.0,2.1883179363997085,2.202182837154554,2.138996854381285,2.2651183591372726,1.9289026212001192,1.9536269768424657,1.929882112102232,1.968722569424173,1.7289025736891706,1.7536269291587498,1.7298820644185162,1.7687225217404572,0.991666843580163,0.0026533265044723733,9.387472401494566e-05,0.997499438299649,1.9838457759036574,1.985926713534566,0.9999835584745851,0.0,0.9999999951484592,1.9284707278445148,1.9533244428427323,0.9916173503882643,0.00265775580860002,0.9974956400152566,1.9125503089116966,1.9062035716098287,1.9679539830788322,0.9996688179347826,0.9876746136209239,0.9876570991847826,0.00020931078040081522,7.085385529891304e-05,0.007679814877717391,nan,nan,nan,nan,nan,nan,nan,nan,nan,nan,nan,nan,nan,nan,nan,0.0,0.0,0.0,0.0,0.0,0.0,0.0,0.0,0.0,0.0,0.0,224.6754913330078,5.732019901275635,20.635089874267578,38.50406265258789,81,normal,0,0,0,0,nan,nan,nan,nan,1.0,1.0,1.0,0,none,-1,-1,1.0,-1,linear,0,30,1.0,core,1.0,0,1,0,0,0,0,0,0.0,1.0,1.0,1.0
37,b,0.029851851317090877,0.00995061710569696,0.029851851317090877,2.19206,1.39152,1.18631,0.59932,0.01614,0.1553,2.0,1,1,0.2,raw,1,none,z,0.0,0.2,1,1,0.0,1.0,0.5,0,0.07257111197526472,0.04584590344178571,0.021388011339033678,0.03064320098880368,0.07037412321643796,2.2577720082324486,2.25361147514288,2.1426298165666884,2.1953552073326663,2.316522114864294,1.9991457320641781,2.0,2.0,2.0,2.0,2.1852009009623874,2.2016531792239866,2.1364682486091833,2.264182716867198,1.9265746199566385,1.9540878691535064,1.9294499252153479,1.969342601472053,1.7265745745188947,1.7540878214697906,1.729449877531632,1.7693425537883372,0.9900835562443387,0.003222943734431612,6.86424365942029e-05,0.9969414310178895,1.9838561239449874,1.9859863113665925,0.99999110309974,0.0,0.9999999946442203,1.926117435745571,1.9537696441014607,0.9900199327779853,0.003230796568593929,0.9969342996244845,1.9148433109988336,1.9031810667203821,1.9616994821507,0.9996327275815218,0.9856708029042119,0.9849471382472826,0.0001603499702785326,7.297681725543478e-05,0.00943550441576087,nan,nan,nan,nan,nan,nan,nan,nan,nan,nan,nan,nan,nan,nan,nan,0.0,0.0,0.0,0.0,0.0,0.0,0.0,0.0,0.0,0.0,0.0,233.48728942871094,5.779962062835693,20.93336296081543,37.61262130737305,81,normal,0,0,0,0,nan,nan,nan,nan,1.0,1.0,1.0,0,none,-1,-1,1.0,-1,linear,0,30,1.0,core,1.0,0,1,0,0,0,0,0,0.0,1.0,1.0,1.0
38,b,0.029843521207860275,0.009947840402620091,0.029843521207860275,2.1926,1.38693,1.18968,0.59012,0.01638,0.15534,2.0,1,1,0.2,raw,1,none,z,0.0,0.2,1,1,0.0,1.0,0.5,0,0.07223815669346115,0.047407368149277686,0.022357185488942995,0.032068427082149485,0.0714332273167531,2.2492102394933284,2.2471825226493505,2.1348099114238352,2.187054771616839,2.3061088092085242,1.9991996483526369,2.0,2.0,2.0,2.0,2.1769720834234487,2.1941236831139825,2.126381546690844,2.253108855606853,1.9269614912461543,1.9524692936220032,1.9282410936079164,1.9679099297177964,1.7269614433896714,1.7524692459382873,1.7282410459242006,1.7679098820340806,0.9877739063207654,0.0028700897659080615,2.74658203125e-05,0.9972545679064765,1.983622083802154,1.9856957055520321,0.9999968922656516,0.0,0.9999999956808229,1.92648468380389,1.9521507741748423,0.9876769573792167,0.0028794454575857514,0.9972457996313123,1.9144516260727593,1.8985130693601526,1.9679197783055513,0.9996302065641983,0.9771638289741847,0.9865276834239131,0.00012001369310461956,3.662109375e-05,0.008453634510869565,nan,nan,nan,nan,nan,nan,nan,nan,nan,nan,nan,nan,nan,nan,nan,0.0,0.0,0.0,0.0,0.0,0.0,0.0,0.0,0.0,0.0,0.0,230.7930450439453,5.854803085327148,21.006942749023438,38.85948944091797,81,normal,0,0,0,0,nan,nan,nan,nan,1.0,1.0,1.0,0,none,-1,-1,1.0,-1,linear,0,30,1.0,core,1.0,0,1,0,0,0,0,0,0.0,1.0,1.0,1.0
39,b,0.029834964506355893,0.009944988168785298,0.029834964506355893,2.18929,1.37545,1.18525,0.61739,0.01593,0.15527,2.0,1,1,0.2,raw,1,none,z,0.0,0.2,1,1,0.0,1.0,0.5,0,0.07070008493905915,0.04670267407309966,0.0221490884909408,0.03180053046237225,0.06926150190124315,2.248739797827126,2.2469660613847817,2.135613744846289,2.1866340668305106,2.3070208798284115,1.999231443370598,2.0,2.0,2.0,2.0,2.1780397145644477,2.1948548990747203,2.128096446438112,2.2543637410454127,1.928531359071317,1.9531800548235576,1.9304076464279838,1.9681752709374911,1.728531315188477,1.7531800071398418,1.730407598744268,1.7681752232537753,0.9867518549380095,0.0028009608171988224,5.820454030797101e-05,0.9973658464956975,1.984067203514818,1.9860894889071368,0.999874822039535,0.0,0.9999999942123026,1.9280689961668374,1.9528781082319178,0.9866472823032434,0.002811180135683136,0.9973565799602564,1.9126752034477565,1.9053461867830028,1.9675726869831915,0.9995428334111752,0.9759088930876358,0.9848038383152173,0.00017375116762907608,9.287958559782609e-05,0.008136251698369566,nan,nan,nan,nan,nan,nan,nan,nan,nan,nan,nan,nan,nan,nan,nan,0.0,0.0,0.0,0.0,0.0,0.0,0.0,0.0,0.0,0.0,0.0,221.96539306640625,5.947149753570557,22.007396697998047,40.986244201660156,81,normal,0,0,0,0,nan,nan,nan,nan,1.0,1.0,1.0,0,none,-1,-1,1.0,-1,linear,0,30,1.0,core,1.0,0,1,0,0,0,0,0,0.0,1.0,1.0,1.0
40,b,0.02982618134453266,0.009942060448177553,0.02982618134453266,2.17703,1.36961,1.1769,0.5687,0.01606,0.15529,2.0,1,1,0.2,raw,1,none,z,0.0,0.2,1,1,0.0,1.0,0.5,0,0.07154072251008904,0.047715149000219566,0.02220749422090391,0.03195185455842875,0.0722733097039568,2.2528932035833167,2.250386519708495,2.1470136905062027,2.193679423608642,2.311366018696108,1.9993614801462145,2.0,2.0,2.0,2.0,2.181352478524913,2.196773123395616,2.1326232787491617,2.257524332101794,1.9278207588886869,1.952093195569688,1.927322224430416,1.9680020988851354,1.7278207094773002,1.7520931478859723,1.7273221767467002,1.7680020512014196,0.9866197226704031,0.0025496551955955615,0.0001374175583106884,0.997581128106601,1.9839443094488503,1.9859968332276827,0.9999877031298651,0.0,0.9999999943850697,1.9273431644923444,1.9517629022183625,0.9865006885666778,0.0025586556889892025,0.9975728544636049,1.914540576416513,1.8989430961401566,1.969978604109391,0.9995240584663723,0.9699722953464673,0.9903628141983696,0.00014721414317255436,6.289274796195652e-05,0.007438858695652174,nan,nan,nan,nan,nan,nan,nan,nan,nan,nan,nan,nan,nan,nan,nan,0.0,0.0,0.0,0.0,0.0,0.0,0.0,0.0,0.0,0.0,0.0,221.8695831298828,5.989033222198486,22.344263076782227,38.38792037963867,81,normal,0,0,0,0,nan,nan,nan,nan,1.0,1.0,1.0,0,none,-1,-1,1.0,-1,linear,0,30,1.0,core,1.0,0,1,0,0,0,0,0,0.0,1.0,1.0,1.0
41,b,0.029817171857837794,0.009939057285945931,0.029817171857837794,2.16966,1.35745,1.17482,0.59392,0.0156,0.15522,2.0,1,1,0.2,raw,1,none,z,0.0,0.2,1,1,0.0,1.0,0.5,0,0.07010175235893415,0.0467970145915203,0.021293716493612697,0.030891370394712556,0.07158029690803284,2.2524175253467282,2.251197680874147,2.1474868397781814,2.1949858233548594,2.3092919380768486,1.9993914832239565,2.0,2.0,2.0,2.0,2.182315767675206,2.198849326285763,2.1335313973219496,2.2573205370833906,1.9292897276256396,1.9530253050983817,1.9279642777166506,1.9690765277199123,1.7292896827061972,1.7530252574146659,1.7279642300329348,1.7690764800361964,0.9864300935164741,0.0022937498230865038,0.00010103972061820652,0.9978189661882926,1.9843960914058962,1.9863299639328666,0.9999999942123026,0.0,0.9999999942123026,1.928821521392767,1.9526868528214054,0.9863037758115409,0.0023012079204857835,0.9978122533231542,1.913397645432016,1.9039622617804486,1.970509275664454,0.9995339435079823,0.967771579908288,0.9919847571331522,0.00015411376953125,0.00010774031929347826,0.006619395380434783,nan,nan,nan,nan,nan,nan,nan,nan,nan,nan,nan,nan,nan,nan,nan,0.0,0.0,0.0,0.0,0.0,0.0,0.0,0.0,0.0,0.0,0.0,234.56387329101562,6.108234882354736,22.736862182617188,37.024635314941406,81,normal,0,0,0,0,nan,nan,nan,nan,1.0,1.0,1.0,0,none,-1,-1,1.0,-1,linear,0,30,1.0,core,1.0,0,1,0,0,0,0,0,0.0,1.0,1.0,1.0
42,b,0.02980793618520873,0.00993597872840291,0.02980793618520873,2.15971,1.35427,1.16976,0.58719,0.01572,0.15524,2.0,1,1,0.2,raw,1,none,z,0.0,0.2,1,1,0.0,1.0,0.5,0,0.06783213228311227,0.04698294334019116,0.02126965231795296,0.030987626787669875,0.07128554910549598,2.2470717564873075,2.244826132318248,2.143729451428289,2.1898064029389532,2.301575841765473,1.999411464428556,2.0,2.0,2.0,2.0,2.17923961929653,2.192635382776675,2.1277231957601463,2.2498164750527643,1.9315793338029281,1.9527568514796272,1.9280988458274066,1.9689608917720076,1.7315792864647463,1.7527568037959114,1.7280987981436908,1.7689608440882918,0.9837307695029438,0.0017964902131453804,0.00015196869338768117,0.998295261548913,1.9842793480209682,1.9862777426622915,0.9999843331350796,0.0,0.999999994903371,1.9311227197232455,1.952421028026636,0.983567809626676,0.0018022163846699581,0.9982901916987654,1.913191344945327,1.905904085221498,1.9756425712419592,0.9995342752207881,0.9574377972146739,0.9942202360733695,0.00013487442680027174,8.199940557065217e-05,0.005172596807065217,nan,nan,nan,nan,nan,nan,nan,nan,nan,nan,nan,nan,nan,nan,nan,0.0,0.0,0.0,0.0,0.0,0.0,0.0,0.0,0.0,0.0,0.0,249.2845916748047,6.219240665435791,23.84376335144043,34.1435432434082,81,normal,0,0,0,0,nan,nan,nan,nan,1.0,1.0,1.0,0,none,-1,-1,1.0,-1,linear,0,30,1.0,core,1.0,0,1,0,0,0,0,0,0.0,1.0,1.0,1.0
43,b,0.029798474469070958,0.009932824823023653,0.029798474469070958,2.14425,1.33304,1.16452,0.58084,0.0157,0.15524,2.0,1,1,0.2,raw,1,none,z,0.0,0.2,1,1,0.0,1.0,0.5,0,0.06620232404304155,0.044991395270462024,0.020925654729691576,0.029954558755296446,0.06865493351259552,2.245332328132961,2.243731094788814,2.1412096510762755,2.1899932916613594,2.298507540813391,1.9993849142738012,2.0,2.0,2.0,2.0,2.1791300058364866,2.1928957450217097,2.130765486281851,2.247767362732818,1.9331825881764508,1.9547517911247585,1.9306720051212587,1.970000093743421,1.733182540492735,1.7547517434410427,1.7306719574375429,1.7700000460597052,0.9830055789671083,0.0018388388813405797,0.00013699738875679347,0.998229029558707,1.9842992483705715,1.9862158424612404,0.9999999949897544,0.0,0.9999999949897544,1.9327385028203328,1.9544339185175688,0.9828383795593096,0.00184632870800999,0.9982220213482346,1.9136445579321488,1.9085268305695575,1.9773763760276464,0.9996130238408628,0.956166408372962,0.9932373046875,9.314495584239131e-05,5.7585343070652174e-05,0.005365786345108696,nan,nan,nan,nan,nan,nan,nan,nan,nan,nan,nan,nan,nan,nan,nan,0.0,0.0,0.0,0.0,0.0,0.0,0.0,0.0,0.0,0.0,0.0,247.78408813476562,6.245415210723877,23.597190856933594,35.4371337890625,81,normal,0,0,0,0,nan,nan,nan,nan,1.0,1.0,1.0,0,none,-1,-1,1.0,-1,linear,0,30,1.0,core,1.0,0,1,0,0,0,0,0,0.0,1.0,1.0,1.0
