               epoch,      train/box_loss,      train/obj_loss,      train/cls_loss,   metrics/precision,      metrics/recall,     metrics/mAP_0.5,metrics/mAP_0.5:0.95,        val/box_loss,        val/obj_loss,        val/cls_loss,               x/lr0,               x/lr1,               x/lr2
                   0,            0.099778,           0.0073801,            0.015052,             0.75537,            0.067981,            0.060609,             0.01713,            0.080069,           0.0057537,           0.0053382,           0.0098763,           0.0098763,           0.0098763
                   1,            0.077841,           0.0074253,           0.0060776,             0.58132,             0.23834,             0.17851,            0.057014,            0.073997,           0.0051436,           0.0037894,           0.0097525,           0.0097525,           0.0097525
                   2,            0.077563,           0.0070795,           0.0058841,             0.51916,             0.14152,            0.085829,            0.025897,            0.080233,           0.0054778,            0.020991,           0.0096288,           0.0096288,           0.0096288
                   3,            0.077661,           0.0071471,           0.0060867,             0.27127,             0.14111,             0.07544,            0.019062,            0.077793,           0.0052045,           0.0064083,            0.009505,            0.009505,            0.009505
                   4,            0.075103,           0.0070177,           0.0052413,              0.5515,             0.18598,             0.14326,            0.043243,            0.070048,           0.0052092,           0.0035414,           0.0093813,           0.0093813,           0.0093813
                   5,            0.074227,           0.0069093,            0.004464,             0.37489,             0.23007,             0.15669,            0.050185,            0.067196,           0.0051692,           0.0023057,           0.0092575,           0.0092575,           0.0092575
                   6,            0.072106,           0.0070515,           0.0045992,             0.42752,              0.2249,             0.19236,            0.067484,            0.066848,           0.0053089,           0.0036342,           0.0091337,           0.0091337,           0.0091337
                   7,            0.070835,            0.006934,           0.0041708,             0.33821,              0.2526,             0.21574,             0.07171,            0.066795,           0.0049453,           0.0017719,             0.00901,             0.00901,             0.00901
                   8,            0.069926,           0.0068982,           0.0038804,             0.44267,             0.27959,             0.22704,             0.08087,            0.064891,            0.005132,           0.0034657,           0.0088863,           0.0088863,           0.0088863
                   9,            0.069322,            0.006913,             0.00407,             0.44895,             0.26999,             0.24569,            0.093352,            0.064856,           0.0049156,           0.0023884,           0.0087625,           0.0087625,           0.0087625
                  10,             0.06908,           0.0067194,           0.0039245,             0.41508,             0.29999,             0.25369,            0.095462,            0.062224,           0.0048316,           0.0014959,           0.0086388,           0.0086388,           0.0086388
                  11,            0.068168,           0.0067337,           0.0033814,             0.49103,             0.28536,             0.25589,            0.093776,            0.064798,           0.0049567,           0.0034385,            0.008515,            0.008515,            0.008515
                  12,            0.067997,           0.0066535,           0.0032996,             0.42719,             0.30685,             0.23389,            0.084667,            0.062691,           0.0049423,           0.0021108,           0.0083913,           0.0083913,           0.0083913
                  13,            0.067009,           0.0067639,           0.0031321,              0.5318,             0.31031,             0.29311,             0.11281,            0.060998,           0.0048393,           0.0023981,           0.0082675,           0.0082675,           0.0082675
                  14,            0.066493,           0.0067147,           0.0033266,             0.47872,             0.33896,             0.30839,             0.12428,            0.060215,            0.004647,           0.0015252,           0.0081437,           0.0081437,           0.0081437
                  15,            0.066465,            0.006629,           0.0032289,             0.50095,             0.34743,              0.3158,             0.12707,            0.059781,            0.004762,           0.0017262,             0.00802,             0.00802,             0.00802
                  16,            0.065574,           0.0067606,           0.0032556,             0.43909,             0.34499,             0.27707,             0.10588,            0.060527,           0.0047235,           0.0015534,           0.0078963,           0.0078963,           0.0078963
                  17,            0.065031,           0.0066292,           0.0028139,              0.5454,             0.35293,              0.3408,             0.13423,            0.058909,           0.0045949,           0.0012034,           0.0077725,           0.0077725,           0.0077725
                  18,            0.064902,           0.0066468,           0.0029763,             0.46968,             0.34666,             0.30896,             0.12571,            0.058415,           0.0047262,           0.0014682,           0.0076488,           0.0076488,           0.0076488
                  19,            0.064432,           0.0067019,           0.0027789,             0.50454,             0.34953,             0.33274,             0.14165,            0.057826,             0.00459,           0.0011757,            0.007525,            0.007525,            0.007525
                  20,            0.064483,           0.0067484,           0.0029264,             0.50638,             0.36489,             0.35715,             0.15509,            0.056457,           0.0045337,           0.0011749,           0.0074013,           0.0074013,           0.0074013
                  21,            0.063873,           0.0065472,           0.0027444,              0.5508,             0.35876,             0.36017,             0.15478,            0.056293,           0.0045239,           0.0011385,           0.0072775,           0.0072775,           0.0072775
                  22,            0.063733,           0.0066081,           0.0026415,             0.58207,             0.36905,             0.36597,             0.15522,            0.056304,           0.0045579,           0.0011845,           0.0071538,           0.0071538,           0.0071538
                  23,            0.063558,           0.0066763,           0.0027456,             0.50285,             0.37864,             0.35611,             0.15892,            0.055944,           0.0045558,           0.0012286,             0.00703,             0.00703,             0.00703
                  24,            0.063571,           0.0065243,           0.0026623,             0.53856,             0.37853,             0.34682,             0.14631,            0.056837,           0.0045283,           0.0013124,           0.0069063,           0.0069063,           0.0069063
                  25,            0.062251,           0.0065356,           0.0028265,             0.56964,              0.3859,             0.38557,             0.17131,            0.054343,           0.0044472,           0.0013579,           0.0067825,           0.0067825,           0.0067825
                  26,            0.062417,           0.0064531,           0.0028687,             0.55011,             0.39693,             0.38941,             0.17517,            0.054494,           0.0044196,           0.0010201,           0.0066587,           0.0066587,           0.0066587
                  27,            0.061371,           0.0065094,           0.0021151,             0.55882,             0.40291,             0.38918,             0.17589,            0.054242,            0.004426,           0.0010551,            0.006535,            0.006535,            0.006535
                  28,            0.062222,            0.006521,           0.0025715,             0.56772,             0.40694,             0.39419,             0.17631,            0.053997,           0.0044401,            0.001057,           0.0064112,           0.0064112,           0.0064112
                  29,            0.061107,           0.0064889,           0.0023876,             0.59289,             0.41051,             0.40952,             0.18425,            0.052863,           0.0043925,          0.00096075,           0.0062875,           0.0062875,           0.0062875
                  30,            0.060771,           0.0064593,           0.0023688,             0.56332,             0.42098,              0.4124,              0.1879,            0.052557,           0.0043482,          0.00081141,           0.0061637,           0.0061637,           0.0061637
                  31,             0.06085,           0.0064625,           0.0023911,              0.5594,             0.42698,             0.41526,             0.19299,            0.052928,           0.0043417,           0.0010072,             0.00604,             0.00604,             0.00604
                  32,            0.060355,           0.0064762,           0.0023134,             0.57598,             0.42526,             0.42179,             0.19517,            0.051733,           0.0043036,          0.00087076,           0.0059163,           0.0059163,           0.0059163
                  33,            0.059999,           0.0064927,           0.0024302,             0.59657,             0.42907,             0.42981,             0.19952,            0.052132,           0.0043096,          0.00089115,           0.0057925,           0.0057925,           0.0057925
                  34,            0.059688,           0.0064375,           0.0022421,             0.59078,             0.43343,             0.43123,             0.19762,            0.051823,           0.0042992,          0.00085449,           0.0056688,           0.0056688,           0.0056688
                  35,            0.059744,           0.0063464,           0.0021413,             0.59398,             0.44769,             0.44347,             0.20334,            0.051238,           0.0042511,          0.00081101,            0.005545,            0.005545,            0.005545
                  36,            0.059118,           0.0063509,           0.0023757,             0.60514,             0.44655,             0.45198,             0.21208,            0.050515,           0.0042256,          0.00072073,           0.0054212,           0.0054212,           0.0054212
                  37,            0.059095,           0.0064268,           0.0023312,             0.60421,             0.45122,             0.46076,             0.21834,            0.049656,           0.0042116,          0.00073794,           0.0052975,           0.0052975,           0.0052975
                  38,            0.058623,            0.006435,           0.0021353,             0.59811,             0.45311,             0.45758,             0.21582,            0.049789,           0.0042106,          0.00078218,           0.0051737,           0.0051737,           0.0051737
                  39,            0.058622,           0.0063577,           0.0022697,             0.60148,             0.45578,             0.46265,             0.21794,            0.049315,           0.0041995,          0.00080093,             0.00505,             0.00505,             0.00505
                  40,            0.058688,            0.006368,           0.0021241,             0.58975,              0.4588,             0.46713,             0.22603,            0.049087,           0.0041945,          0.00075246,           0.0049263,           0.0049263,           0.0049263
                  41,            0.057962,            0.006285,           0.0019873,             0.60478,             0.47267,             0.47676,              0.2281,            0.048888,           0.0041562,          0.00070299,           0.0048025,           0.0048025,           0.0048025
                  42,            0.058052,            0.006284,           0.0020075,             0.60163,             0.48088,              0.4825,             0.23799,            0.048464,           0.0041291,          0.00069396,           0.0046788,           0.0046788,           0.0046788
                  43,             0.05714,           0.0062174,           0.0019707,             0.62758,             0.47565,             0.48142,             0.23568,            0.048414,           0.0041099,          0.00067833,            0.004555,            0.004555,            0.004555
                  44,            0.056965,           0.0062458,           0.0020086,             0.61886,             0.47706,             0.48436,             0.23479,            0.048092,           0.0041105,          0.00068515,           0.0044313,           0.0044313,           0.0044313
                  45,            0.057109,           0.0062444,           0.0020684,             0.61713,             0.48361,             0.48314,             0.23233,            0.048222,           0.0041016,          0.00069731,           0.0043075,           0.0043075,           0.0043075
                  46,            0.057022,            0.006249,           0.0019107,             0.62194,             0.48298,             0.48755,             0.23516,            0.047775,           0.0040843,          0.00068797,           0.0041837,           0.0041837,           0.0041837
                  47,            0.056473,           0.0062561,           0.0020496,             0.62031,             0.48275,              0.4905,             0.23856,             0.04736,           0.0040789,          0.00064593,             0.00406,             0.00406,             0.00406
                  48,            0.056094,           0.0062302,           0.0018654,             0.61693,             0.49002,             0.49355,             0.24191,            0.047076,           0.0040487,          0.00060377,           0.0039362,           0.0039362,           0.0039362
                  49,            0.056278,           0.0061877,           0.0020451,             0.61093,             0.49245,             0.49478,             0.24266,            0.046974,           0.0040322,          0.00059282,           0.0038125,           0.0038125,           0.0038125
                  50,            0.055553,           0.0061042,           0.0019466,             0.62532,             0.48952,             0.49376,             0.24321,            0.046637,           0.0040186,          0.00059052,           0.0036888,           0.0036888,           0.0036888
                  51,            0.055741,           0.0061722,           0.0019271,             0.62076,             0.50292,             0.50246,             0.24882,            0.046495,           0.0039957,          0.00057465,            0.003565,            0.003565,            0.003565
                  52,             0.05514,           0.0061747,           0.0018493,              0.6234,             0.50766,             0.50892,             0.25376,            0.046359,            0.003973,          0.00057801,           0.0034413,           0.0034413,           0.0034413
                  53,            0.054529,           0.0060521,            0.001863,             0.62657,             0.51184,             0.51396,             0.25783,            0.046067,           0.0039531,          0.00057269,           0.0033175,           0.0033175,           0.0033175
                  54,            0.054565,           0.0060145,           0.0017788,             0.63254,             0.51336,             0.51673,             0.26073,            0.045846,           0.0039424,          0.00057305,           0.0031938,           0.0031938,           0.0031938
                  55,            0.054199,           0.0060661,           0.0017619,             0.62642,             0.51629,             0.51912,               0.261,            0.045605,           0.0039288,          0.00056246,             0.00307,             0.00307,             0.00307
                  56,            0.054059,           0.0060592,           0.0017806,             0.63226,             0.51823,             0.51955,              0.2629,            0.045362,           0.0039198,          0.00052827,           0.0029462,           0.0029462,           0.0029462
                  57,            0.053409,           0.0060092,           0.0017469,             0.64355,             0.51852,             0.52451,             0.26768,            0.045107,           0.0039013,          0.00051103,           0.0028225,           0.0028225,           0.0028225
                  58,            0.053426,           0.0060095,           0.0016657,             0.65914,             0.51894,             0.52916,             0.27026,            0.044839,           0.0038861,          0.00050392,           0.0026987,           0.0026987,           0.0026987
                  59,            0.052951,           0.0058889,            0.001611,             0.66125,              0.5223,             0.53335,             0.27269,            0.044671,           0.0038692,          0.00049868,            0.002575,            0.002575,            0.002575
                  60,            0.052839,           0.0060655,           0.0016078,             0.65622,               0.528,             0.53662,             0.27529,            0.044505,           0.0038558,          0.00049697,           0.0024513,           0.0024513,           0.0024513
                  61,            0.052343,           0.0058958,            0.001567,             0.66268,             0.53053,             0.53968,             0.27995,            0.044318,           0.0038422,          0.00048948,           0.0023275,           0.0023275,           0.0023275
                  62,            0.052172,           0.0058672,           0.0015393,             0.66624,              0.5293,             0.54203,             0.28145,            0.044145,           0.0038306,          0.00047344,           0.0022038,           0.0022038,           0.0022038
                  63,            0.051264,           0.0058584,           0.0015025,             0.66872,             0.52912,             0.54379,              0.2844,            0.044015,           0.0038198,          0.00045579,             0.00208,             0.00208,             0.00208
                  64,            0.050553,           0.0059506,           0.0013659,             0.66527,             0.53352,             0.54598,             0.28599,            0.043906,           0.0038121,          0.00044124,           0.0019563,           0.0019563,           0.0019563
                  65,            0.050816,           0.0057305,           0.0015003,              0.6667,             0.53586,             0.54753,             0.28831,            0.043779,           0.0038017,          0.00042611,           0.0018325,           0.0018325,           0.0018325
                  66,            0.050814,           0.0058572,           0.0014427,             0.65364,             0.54187,              0.5501,             0.28973,            0.043659,           0.0037907,          0.00041703,           0.0017087,           0.0017087,           0.0017087
                  67,            0.050364,            0.005788,           0.0013979,             0.65714,             0.54191,             0.55296,             0.29113,            0.043538,           0.0037799,          0.00040508,            0.001585,            0.001585,            0.001585
                  68,            0.049684,           0.0058267,           0.0013806,             0.65967,             0.54451,             0.55494,              0.2936,            0.043419,           0.0037702,          0.00038873,           0.0014612,           0.0014612,           0.0014612
                  69,            0.049616,            0.005691,           0.0013941,             0.66183,             0.54766,             0.55752,             0.29609,            0.043328,           0.0037632,          0.00037888,           0.0013375,           0.0013375,           0.0013375
                  70,            0.049322,           0.0057143,           0.0013466,             0.66125,             0.54887,             0.55873,             0.29828,            0.043226,            0.003755,           0.0003698,           0.0012138,           0.0012138,           0.0012138
                  71,            0.048759,           0.0056176,           0.0011555,             0.66236,             0.55011,             0.55976,             0.29996,            0.043122,           0.0037466,          0.00035948,             0.00109,             0.00109,             0.00109
                  72,            0.048152,           0.0056526,           0.0013941,             0.65707,               0.552,              0.5618,             0.30111,            0.043031,           0.0037394,          0.00035119,          0.00096625,          0.00096625,          0.00096625
                  73,              0.0481,           0.0055858,           0.0011213,             0.65949,             0.55102,             0.56294,             0.30225,             0.04296,           0.0037315,          0.00034253,           0.0008425,           0.0008425,           0.0008425
                  74,            0.047726,           0.0055646,           0.0011997,             0.65976,             0.55115,             0.56259,             0.30339,            0.042886,           0.0037249,          0.00033785,          0.00071875,          0.00071875,          0.00071875
                  75,             0.04757,           0.0055054,           0.0010754,             0.65995,             0.55337,             0.56405,             0.30469,             0.04281,           0.0037185,          0.00033292,            0.000595,            0.000595,            0.000595
                  76,            0.047236,           0.0055654,           0.0011679,             0.66234,              0.5546,             0.56553,             0.30561,            0.042738,            0.003712,          0.00032788,          0.00047125,          0.00047125,          0.00047125
                  77,            0.046966,           0.0056346,           0.0012125,             0.66369,             0.55441,             0.56694,             0.30685,            0.042669,           0.0037064,          0.00032293,           0.0003475,           0.0003475,           0.0003475
                  78,            0.046847,           0.0055184,           0.0011577,             0.66494,             0.55396,             0.56665,              0.3077,            0.042612,           0.0037005,          0.00031705,          0.00022375,          0.00022375,          0.00022375
                  79,            0.046749,           0.0055165,           0.0012213,             0.67001,             0.55445,             0.56807,             0.30862,            0.042555,           0.0036954,          0.00031324,              0.0001,              0.0001,              0.0001
