run_id,method,source_server,validity,protocol_id,mosaic,epochs_planned,schedule_class,role,claim_usable,model_size,seed,phase,rows,best_ap,best_epoch,last_ap,last_epoch,best_ap50,last_ap50,canonical_path,results_path,diagnostics_path,git_commit
cclkd_ablation_yolo11n_atkd_s0_400ep,cclkd,ladd90,diagnostic,cclkd_paper_mosaic400,1,400,paper_400,diagnostic,partial,n,0,,400,0.386013,400,0.386013,400,0.623006,0.623006,cclkd_reproduction/diagnostics/20260607_protocol_gap/server_artifacts/server90/runs_public/ogsod/hbb/cclkd_reproduction_ablation/yolo11n/cclkd_ablation_yolo11n_atkd_s0_400ep,cclkd_reproduction/diagnostics/20260607_protocol_gap/server_artifacts/server90/runs_public/ogsod/hbb/cclkd_reproduction_ablation/yolo11n/cclkd_ablation_yolo11n_atkd_s0_400ep/results.csv,,
cclkd_ablation_yolo11n_ccl_only_s0_400ep,cclkd,ladd90,diagnostic,cclkd_paper_mosaic400,1,400,paper_400,diagnostic,partial,n,0,,368,0.378313,368,0.378313,368,0.61513,0.61513,cclkd_reproduction/diagnostics/20260607_protocol_gap/server_artifacts/server90/runs_public/ogsod/hbb/cclkd_reproduction_ablation/yolo11n/cclkd_ablation_yolo11n_ccl_only_s0_400ep,cclkd_reproduction/diagnostics/20260607_protocol_gap/server_artifacts/server90/runs_public/ogsod/hbb/cclkd_reproduction_ablation/yolo11n/cclkd_ablation_yolo11n_ccl_only_s0_400ep/results.csv,,
cclkd_ablation_yolo11n_full_ccl05_s0_400ep,cclkd,ladd90,diagnostic,cclkd_paper_mosaic400,1,400,paper_400,diagnostic,partial,n,0,,375,0.370606,375,0.370606,375,0.607869,0.607869,cclkd_reproduction/diagnostics/20260607_protocol_gap/server_artifacts/server90/runs_public/ogsod/hbb/cclkd_reproduction_ablation/yolo11n/cclkd_ablation_yolo11n_full_ccl05_s0_400ep,cclkd_reproduction/diagnostics/20260607_protocol_gap/server_artifacts/server90/runs_public/ogsod/hbb/cclkd_reproduction_ablation/yolo11n/cclkd_ablation_yolo11n_full_ccl05_s0_400ep/results.csv,,
cclkd_ablation_yolo11n_full_s0_400ep,cclkd,ladd90,diagnostic,cclkd_paper_mosaic400,1,400,paper_400,diagnostic,partial,n,0,,400,0.38148,400,0.38148,400,0.618381,0.618381,cclkd_reproduction/diagnostics/20260607_protocol_gap/server_artifacts/server90/runs_public/ogsod/hbb/cclkd_reproduction_ablation/yolo11n/cclkd_ablation_yolo11n_full_s0_400ep,cclkd_reproduction/diagnostics/20260607_protocol_gap/server_artifacts/server90/runs_public/ogsod/hbb/cclkd_reproduction_ablation/yolo11n/cclkd_ablation_yolo11n_full_s0_400ep/results.csv,,
cclkd_ablation_yolo11n_lld_fld_rld_s0_400ep,cclkd,ladd90,diagnostic,cclkd_paper_mosaic400,1,400,paper_400,diagnostic,partial,n,0,,371,0.37409,371,0.37409,371,0.615038,0.615038,cclkd_reproduction/diagnostics/20260607_protocol_gap/server_artifacts/server90/runs_public/ogsod/hbb/cclkd_reproduction_ablation/yolo11n/cclkd_ablation_yolo11n_lld_fld_rld_s0_400ep,cclkd_reproduction/diagnostics/20260607_protocol_gap/server_artifacts/server90/runs_public/ogsod/hbb/cclkd_reproduction_ablation/yolo11n/cclkd_ablation_yolo11n_lld_fld_rld_s0_400ep/results.csv,,
cclkd_ablation_yolo11n_lld_fld_s0_400ep,cclkd,ladd90,diagnostic,cclkd_paper_mosaic400,1,400,paper_400,diagnostic,partial,n,0,,400,0.38555,400,0.38555,400,0.627449,0.627449,cclkd_reproduction/diagnostics/20260607_protocol_gap/server_artifacts/server90/runs_public/ogsod/hbb/cclkd_reproduction_ablation/yolo11n/cclkd_ablation_yolo11n_lld_fld_s0_400ep,cclkd_reproduction/diagnostics/20260607_protocol_gap/server_artifacts/server90/runs_public/ogsod/hbb/cclkd_reproduction_ablation/yolo11n/cclkd_ablation_yolo11n_lld_fld_s0_400ep/results.csv,,
cclkd_ablation_yolo11n_lld_s0_400ep,cclkd,ladd90,diagnostic,cclkd_paper_mosaic400,1,400,paper_400,diagnostic,partial,n,0,,400,0.387224,400,0.387224,400,0.623705,0.623705,cclkd_reproduction/diagnostics/20260607_protocol_gap/server_artifacts/server90/runs_public/ogsod/hbb/cclkd_reproduction_ablation/yolo11n/cclkd_ablation_yolo11n_lld_s0_400ep,cclkd_reproduction/diagnostics/20260607_protocol_gap/server_artifacts/server90/runs_public/ogsod/hbb/cclkd_reproduction_ablation/yolo11n/cclkd_ablation_yolo11n_lld_s0_400ep/results.csv,,
cclkd_paper_repro_yolo11n_s0_400ep_online,cclkd,dual4090_old,invalid_or_diagnostic,cclkd_paper_mosaic400,1,400,paper_400,archive_or_invalid,no,n,0,,400,0.385318,400,0.385318,400,0.624522,0.624522,cclkd_reproduction/diagnostics/20260607_protocol_gap/server_artifacts/dual4090/runs_public/ogsod/hbb/cclkd_reproduction/cclkd_paper_repro_yolo11n_s0_400ep_online,cclkd_reproduction/diagnostics/20260607_protocol_gap/server_artifacts/dual4090/runs_public/ogsod/hbb/cclkd_reproduction/cclkd_paper_repro_yolo11n_s0_400ep_online/results.csv,,
sar_yolo11n_hbb_cclkd_paper_400ep_mosaic1_mixup01_b32_s0,cclkd,dual4090_old,invalid_or_diagnostic,cclkd_paper_mosaic400,1,400,paper_400,archive_or_invalid,no,n,0,,400,0.35668,400,0.35668,400,0.59738,0.59738,cclkd_reproduction/diagnostics/20260607_protocol_gap/server_artifacts/dual4090/runs_public/ogsod/hbb/cclkd_reproduction_baselines/sar/sar_yolo11n_hbb_cclkd_paper_400ep_mosaic1_mixup01_b32_s0,cclkd_reproduction/diagnostics/20260607_protocol_gap/server_artifacts/dual4090/runs_public/ogsod/hbb/cclkd_reproduction_baselines/sar/sar_yolo11n_hbb_cclkd_paper_400ep_mosaic1_mixup01_b32_s0/results.csv,,
cclkd_paper_repro_yolo11n_s123_400ep_online,cclkd,dual4090_old,invalid_or_diagnostic,cclkd_paper_mosaic400,1,400,paper_400,archive_or_invalid,no,n,123,,67,0.255457,67,0.255457,67,0.477077,0.477077,cclkd_reproduction/diagnostics/20260607_protocol_gap/server_artifacts/dual4090/runs_public/ogsod/hbb/cclkd_reproduction/cclkd_paper_repro_yolo11n_s123_400ep_online,cclkd_reproduction/diagnostics/20260607_protocol_gap/server_artifacts/dual4090/runs_public/ogsod/hbb/cclkd_reproduction/cclkd_paper_repro_yolo11n_s123_400ep_online/results.csv,,
sar_yolo11n_hbb_cclkd_paper_400ep_mosaic1_mixup01_b32_s123,cclkd,dual4090_old,invalid_or_diagnostic,cclkd_paper_mosaic400,1,400,paper_400,archive_or_invalid,no,n,123,,400,0.36479,400,0.36479,400,0.60415,0.60415,cclkd_reproduction/diagnostics/20260607_protocol_gap/server_artifacts/dual4090/runs_public/ogsod/hbb/cclkd_reproduction_baselines/sar/sar_yolo11n_hbb_cclkd_paper_400ep_mosaic1_mixup01_b32_s123,cclkd_reproduction/diagnostics/20260607_protocol_gap/server_artifacts/dual4090/runs_public/ogsod/hbb/cclkd_reproduction_baselines/sar/sar_yolo11n_hbb_cclkd_paper_400ep_mosaic1_mixup01_b32_s123/results.csv,,
cclkd_ablation_yolo11n_atkd_s42_400ep,cclkd,dual4090_old,invalid_or_diagnostic,cclkd_paper_mosaic400,1,400,paper_400,archive_or_invalid,no,n,42,,400,0.383754,400,0.383754,400,0.622425,0.622425,cclkd_reproduction/diagnostics/20260607_protocol_gap/server_artifacts/dual4090/runs_public/ogsod/hbb/cclkd_reproduction_ablation/yolo11n/cclkd_ablation_yolo11n_atkd_s42_400ep,cclkd_reproduction/diagnostics/20260607_protocol_gap/server_artifacts/dual4090/runs_public/ogsod/hbb/cclkd_reproduction_ablation/yolo11n/cclkd_ablation_yolo11n_atkd_s42_400ep/results.csv,,
cclkd_ablation_yolo11n_ccl_only_s42_400ep,cclkd,dual4090_old,invalid_or_diagnostic,cclkd_paper_mosaic400,1,400,paper_400,archive_or_invalid,no,n,42,,400,0.390381,400,0.390381,400,0.625166,0.625166,cclkd_reproduction/diagnostics/20260607_protocol_gap/server_artifacts/dual4090/runs_public/ogsod/hbb/cclkd_reproduction_ablation/yolo11n/cclkd_ablation_yolo11n_ccl_only_s42_400ep,cclkd_reproduction/diagnostics/20260607_protocol_gap/server_artifacts/dual4090/runs_public/ogsod/hbb/cclkd_reproduction_ablation/yolo11n/cclkd_ablation_yolo11n_ccl_only_s42_400ep/results.csv,,
cclkd_ablation_yolo11n_lld_fld_rld_s42_400ep,cclkd,dual4090_old,invalid_or_diagnostic,cclkd_paper_mosaic400,1,400,paper_400,archive_or_invalid,no,n,42,,400,0.389484,400,0.389484,400,0.635028,0.635028,cclkd_reproduction/diagnostics/20260607_protocol_gap/server_artifacts/dual4090/runs_public/ogsod/hbb/cclkd_reproduction_ablation/yolo11n/cclkd_ablation_yolo11n_lld_fld_rld_s42_400ep,cclkd_reproduction/diagnostics/20260607_protocol_gap/server_artifacts/dual4090/runs_public/ogsod/hbb/cclkd_reproduction_ablation/yolo11n/cclkd_ablation_yolo11n_lld_fld_rld_s42_400ep/results.csv,,
cclkd_paper_repro_yolo11n_s42_400ep_online,cclkd,dual4090_old,invalid_or_diagnostic,cclkd_paper_mosaic400,1,400,paper_400,archive_or_invalid,no,n,42,,120,0.282536,120,0.282536,120,0.510775,0.510775,cclkd_reproduction/diagnostics/20260607_protocol_gap/server_artifacts/dual4090/runs_public/ogsod/hbb/cclkd_reproduction/cclkd_paper_repro_yolo11n_s42_400ep_online,cclkd_reproduction/diagnostics/20260607_protocol_gap/server_artifacts/dual4090/runs_public/ogsod/hbb/cclkd_reproduction/cclkd_paper_repro_yolo11n_s42_400ep_online/results.csv,,
cclkd_paper_repro_yolo11n_s42_400ep_online_fixed20260606,cclkd,dual4090_old,invalid_or_diagnostic,cclkd_paper_mosaic400,1,400,paper_400,archive_or_invalid,no,n,42,,400,0.384704,400,0.384704,400,0.624845,0.624845,cclkd_reproduction/diagnostics/20260607_protocol_gap/server_artifacts/dual4090/runs_public/ogsod/hbb/cclkd_reproduction_fixed20260606/cclkd_paper_repro_yolo11n_s42_400ep_online_fixed20260606,cclkd_reproduction/diagnostics/20260607_protocol_gap/server_artifacts/dual4090/runs_public/ogsod/hbb/cclkd_reproduction_fixed20260606/cclkd_paper_repro_yolo11n_s42_400ep_online_fixed20260606/results.csv,,
sar_yolo11n_hbb_cclkd_paper_400ep_mosaic1_mixup01_b32_s42,cclkd,dual4090_old,invalid_or_diagnostic,cclkd_paper_mosaic400,1,400,paper_400,archive_or_invalid,no,n,42,,400,0.36953,400,0.36953,400,0.60933,0.60933,cclkd_reproduction/diagnostics/20260607_protocol_gap/server_artifacts/dual4090/runs_public/ogsod/hbb/cclkd_reproduction_baselines/sar/sar_yolo11n_hbb_cclkd_paper_400ep_mosaic1_mixup01_b32_s42,cclkd_reproduction/diagnostics/20260607_protocol_gap/server_artifacts/dual4090/runs_public/ogsod/hbb/cclkd_reproduction_baselines/sar/sar_yolo11n_hbb_cclkd_paper_400ep_mosaic1_mixup01_b32_s42/results.csv,,
cclkd_paper_repro_yolo11s_s0_400ep_online,cclkd,dual4090_old,invalid_or_diagnostic,cclkd_paper_mosaic400,1,400,paper_400,archive_or_invalid,no,s,0,,400,0.484594,400,0.484594,400,0.754318,0.754318,cclkd_reproduction/diagnostics/20260607_protocol_gap/server_artifacts/dual4090/runs_public/ogsod/hbb/cclkd_reproduction/cclkd_paper_repro_yolo11s_s0_400ep_online,cclkd_reproduction/diagnostics/20260607_protocol_gap/server_artifacts/dual4090/runs_public/ogsod/hbb/cclkd_reproduction/cclkd_paper_repro_yolo11s_s0_400ep_online/results.csv,,
cclkd_paper_repro_yolo11s_s0_400ep_online_fixed20260606,cclkd,dual4090_old,invalid_or_diagnostic,cclkd_paper_mosaic400,1,400,paper_400,archive_or_invalid,no,s,0,,238,0.366177,138,0.365162,238,0.615327,0.58873,cclkd_reproduction/diagnostics/20260607_protocol_gap/server_artifacts/dual4090/runs_public/ogsod/hbb/cclkd_reproduction_fixed20260606/cclkd_paper_repro_yolo11s_s0_400ep_online_fixed20260606,cclkd_reproduction/diagnostics/20260607_protocol_gap/server_artifacts/dual4090/runs_public/ogsod/hbb/cclkd_reproduction_fixed20260606/cclkd_paper_repro_yolo11s_s0_400ep_online_fixed20260606/results.csv,,
sar_yolo11s_hbb_cclkd_paper_400ep_mosaic1_mixup01_b32_s0,cclkd,dual4090_old,invalid_or_diagnostic,cclkd_paper_mosaic400,1,400,paper_400,archive_or_invalid,no,s,0,,110,0.09684,10,0,110,0.23442,0,cclkd_reproduction/diagnostics/20260607_protocol_gap/server_artifacts/dual4090/runs_public/ogsod/hbb/cclkd_reproduction_baselines/sar/sar_yolo11s_hbb_cclkd_paper_400ep_mosaic1_mixup01_b32_s0,cclkd_reproduction/diagnostics/20260607_protocol_gap/server_artifacts/dual4090/runs_public/ogsod/hbb/cclkd_reproduction_baselines/sar/sar_yolo11s_hbb_cclkd_paper_400ep_mosaic1_mixup01_b32_s0/results.csv,,
cclkd_paper_repro_yolo11s_s123_400ep_online,cclkd,dual4090_old,invalid_or_diagnostic,cclkd_paper_mosaic400,1,400,paper_400,archive_or_invalid,no,s,123,,60,0.316734,60,0.316734,60,0.562417,0.562417,cclkd_reproduction/diagnostics/20260607_protocol_gap/server_artifacts/dual4090/runs_public/ogsod/hbb/cclkd_reproduction/cclkd_paper_repro_yolo11s_s123_400ep_online,cclkd_reproduction/diagnostics/20260607_protocol_gap/server_artifacts/dual4090/runs_public/ogsod/hbb/cclkd_reproduction/cclkd_paper_repro_yolo11s_s123_400ep_online/results.csv,,
sar_yolo11s_hbb_cclkd_paper_400ep_mosaic1_mixup01_b32_s123,cclkd,dual4090_old,invalid_or_diagnostic,cclkd_paper_mosaic400,1,400,paper_400,archive_or_invalid,no,s,123,,400,0.45434,400,0.45434,400,0.72274,0.72274,cclkd_reproduction/diagnostics/20260607_protocol_gap/server_artifacts/dual4090/runs_public/ogsod/hbb/cclkd_reproduction_baselines/sar/sar_yolo11s_hbb_cclkd_paper_400ep_mosaic1_mixup01_b32_s123,cclkd_reproduction/diagnostics/20260607_protocol_gap/server_artifacts/dual4090/runs_public/ogsod/hbb/cclkd_reproduction_baselines/sar/sar_yolo11s_hbb_cclkd_paper_400ep_mosaic1_mixup01_b32_s123/results.csv,,
cclkd_paper_repro_yolo11s_s42_400ep_online,cclkd,dual4090_old,invalid_or_diagnostic,cclkd_paper_mosaic400,1,400,paper_400,archive_or_invalid,no,s,42,,95,0.352254,95,0.352254,95,0.603088,0.603088,cclkd_reproduction/diagnostics/20260607_protocol_gap/server_artifacts/dual4090/runs_public/ogsod/hbb/cclkd_reproduction/cclkd_paper_repro_yolo11s_s42_400ep_online,cclkd_reproduction/diagnostics/20260607_protocol_gap/server_artifacts/dual4090/runs_public/ogsod/hbb/cclkd_reproduction/cclkd_paper_repro_yolo11s_s42_400ep_online/results.csv,,
sar_yolo11s_hbb_cclkd_paper_400ep_mosaic1_mixup01_b32_s42,cclkd,dual4090_old,invalid_or_diagnostic,cclkd_paper_mosaic400,1,400,paper_400,archive_or_invalid,no,s,42,,400,0.46111,400,0.46111,400,0.72982,0.72982,cclkd_reproduction/diagnostics/20260607_protocol_gap/server_artifacts/dual4090/runs_public/ogsod/hbb/cclkd_reproduction_baselines/sar/sar_yolo11s_hbb_cclkd_paper_400ep_mosaic1_mixup01_b32_s42,cclkd_reproduction/diagnostics/20260607_protocol_gap/server_artifacts/dual4090/runs_public/ogsod/hbb/cclkd_reproduction_baselines/sar/sar_yolo11s_hbb_cclkd_paper_400ep_mosaic1_mixup01_b32_s42/results.csv,,
cclkd_n_400,cclkd,ladd4090,diagnostic,formal_nomosaic_compressed,0,400,compressed,diagnostic,partial,n,0,,400,0.527932,400,0.527932,400,0.795515,0.795413,docs/experiments/ladd_h1_diag_20260610_artifacts/cclkd_n_400,docs/experiments/ladd_h1_diag_20260610_artifacts/cclkd_n_400/results.csv,,
online_cclkd_hbb_ogsod11n_from_yolo_formal_nomosaic_yolo11n_cclkd_online_from_yolo_s0_laddproto400_auto_sepclip_lld_fld_e400_b64_s0_gpu0,cclkd,ladd4090,diagnostic,formal_nomosaic_compressed,0,400,compressed,diagnostic,partial,n,0,,47,0.304455,47,0.304455,47,0.544969,0.544969,ladd/results/ladd4090_shutdown_sync_20260614/evidence_raw/ladd4090/repo_root_snapshot/runs_public/ogsod/hbb/formal_nomosaic_20260528/comparisons/online_cclkd/yolo11n/cclkd_auto_sepclip/online_cclkd_hbb_ogsod11n_from_yolo_formal_nomosaic_yolo11n_cclkd_online_from_yolo_s0_laddproto400_auto_sepclip_lld_fld_e400_b64_s0_gpu0,ladd/results/ladd4090_shutdown_sync_20260614/evidence_raw/ladd4090/repo_root_snapshot/runs_public/ogsod/hbb/formal_nomosaic_20260528/comparisons/online_cclkd/yolo11n/cclkd_auto_sepclip/online_cclkd_hbb_ogsod11n_from_yolo_formal_nomosaic_yolo11n_cclkd_online_from_yolo_s0_laddproto400_auto_sepclip_lld_fld_e400_b64_s0_gpu0/results.csv,,
online_cclkd_hbb_ogsod11n_from_yolo_formal_nomosaic_yolo11n_cclkd_online_from_yolo_s0_laddproto400_auto_sepclip_lld_fld_rld_e400_b64_s0_gpu0,cclkd,ladd4090,diagnostic,formal_nomosaic_compressed,0,400,compressed,diagnostic,partial,n,0,,46,0.30071,46,0.30071,46,0.545977,0.545977,ladd/results/ladd4090_shutdown_sync_20260614/evidence_raw/ladd4090/repo_root_snapshot/runs_public/ogsod/hbb/formal_nomosaic_20260528/comparisons/online_cclkd/yolo11n/cclkd_auto_sepclip/online_cclkd_hbb_ogsod11n_from_yolo_formal_nomosaic_yolo11n_cclkd_online_from_yolo_s0_laddproto400_auto_sepclip_lld_fld_rld_e400_b64_s0_gpu0,ladd/results/ladd4090_shutdown_sync_20260614/evidence_raw/ladd4090/repo_root_snapshot/runs_public/ogsod/hbb/formal_nomosaic_20260528/comparisons/online_cclkd/yolo11n/cclkd_auto_sepclip/online_cclkd_hbb_ogsod11n_from_yolo_formal_nomosaic_yolo11n_cclkd_online_from_yolo_s0_laddproto400_auto_sepclip_lld_fld_rld_e400_b64_s0_gpu0/results.csv,,
online_cclkd_hbb_ogsod11n_from_yolo_formal_nomosaic_yolo11n_cclkd_online_from_yolo_s0_laddproto400_auto_sepclip_patmpos_cclanchor_atkd_e400_b64_s0_gpu1,cclkd,ladd4090,diagnostic,formal_nomosaic_compressed,0,400,compressed,diagnostic,partial,n,0,,31,0.237237,31,0.237237,31,0.470842,0.470842,ladd/results/ladd4090_shutdown_sync_20260614/evidence_raw/ladd4090/repo_root_snapshot/runs_public/ogsod/hbb/formal_nomosaic_20260528/comparisons/online_cclkd/yolo11n/cclkd_auto_sepclip_patmpos_cclanchor/online_cclkd_hbb_ogsod11n_from_yolo_formal_nomosaic_yolo11n_cclkd_online_from_yolo_s0_laddproto400_auto_sepclip_patmpos_cclanchor_atkd_e400_b64_s0_gpu1,ladd/results/ladd4090_shutdown_sync_20260614/evidence_raw/ladd4090/repo_root_snapshot/runs_public/ogsod/hbb/formal_nomosaic_20260528/comparisons/online_cclkd/yolo11n/cclkd_auto_sepclip_patmpos_cclanchor/online_cclkd_hbb_ogsod11n_from_yolo_formal_nomosaic_yolo11n_cclkd_online_from_yolo_s0_laddproto400_auto_sepclip_patmpos_cclanchor_atkd_e400_b64_s0_gpu1/results.csv,,
online_cclkd_hbb_ogsod11n_from_yolo_formal_nomosaic_yolo11n_cclkd_online_from_yolo_s0_laddproto400_auto_sepclip_patmpos_cclanchor_ccl_only_e400_b64_s0_gpu1,cclkd,ladd4090,diagnostic,formal_nomosaic_compressed,0,400,compressed,diagnostic,partial,n,0,,31,0.233789,31,0.233789,31,0.463785,0.463785,ladd/results/ladd4090_shutdown_sync_20260614/evidence_raw/ladd4090/repo_root_snapshot/runs_public/ogsod/hbb/formal_nomosaic_20260528/comparisons/online_cclkd/yolo11n/cclkd_auto_sepclip_patmpos_cclanchor/online_cclkd_hbb_ogsod11n_from_yolo_formal_nomosaic_yolo11n_cclkd_online_from_yolo_s0_laddproto400_auto_sepclip_patmpos_cclanchor_ccl_only_e400_b64_s0_gpu1,ladd/results/ladd4090_shutdown_sync_20260614/evidence_raw/ladd4090/repo_root_snapshot/runs_public/ogsod/hbb/formal_nomosaic_20260528/comparisons/online_cclkd/yolo11n/cclkd_auto_sepclip_patmpos_cclanchor/online_cclkd_hbb_ogsod11n_from_yolo_formal_nomosaic_yolo11n_cclkd_online_from_yolo_s0_laddproto400_auto_sepclip_patmpos_cclanchor_ccl_only_e400_b64_s0_gpu1/results.csv,,
online_cclkd_hbb_ogsod11n_from_yolo_formal_nomosaic_yolo11n_cclkd_online_from_yolo_s0_laddproto400_auto_sepclip_patmpos_cclanchor_full_e400_b64_s0_gpu1,cclkd,ladd4090,diagnostic,formal_nomosaic_compressed,0,400,compressed,diagnostic,partial,n,0,,31,0.236687,30,0.234488,31,0.47513,0.47513,ladd/results/ladd4090_shutdown_sync_20260614/evidence_raw/ladd4090/repo_root_snapshot/runs_public/ogsod/hbb/formal_nomosaic_20260528/comparisons/online_cclkd/yolo11n/cclkd_auto_sepclip_patmpos_cclanchor/online_cclkd_hbb_ogsod11n_from_yolo_formal_nomosaic_yolo11n_cclkd_online_from_yolo_s0_laddproto400_auto_sepclip_patmpos_cclanchor_full_e400_b64_s0_gpu1,ladd/results/ladd4090_shutdown_sync_20260614/evidence_raw/ladd4090/repo_root_snapshot/runs_public/ogsod/hbb/formal_nomosaic_20260528/comparisons/online_cclkd/yolo11n/cclkd_auto_sepclip_patmpos_cclanchor/online_cclkd_hbb_ogsod11n_from_yolo_formal_nomosaic_yolo11n_cclkd_online_from_yolo_s0_laddproto400_auto_sepclip_patmpos_cclanchor_full_e400_b64_s0_gpu1/results.csv,,
online_cclkd_hbb_ogsod11n_from_yolo_formal_nomosaic_yolo11n_cclkd_online_from_yolo_s0_laddproto400_auto_sepclip_patmpos_cclanchor_lld_e400_b64_s0_gpu0,cclkd,ladd4090,diagnostic,formal_nomosaic_compressed,0,400,compressed,diagnostic,partial,n,0,,15,0.157793,15,0.157793,15,0.350503,0.350503,ladd/results/ladd4090_shutdown_sync_20260614/evidence_raw/ladd4090/repo_root_snapshot/runs_public/ogsod/hbb/formal_nomosaic_20260528/comparisons/online_cclkd/yolo11n/cclkd_auto_sepclip_patmpos_cclanchor/online_cclkd_hbb_ogsod11n_from_yolo_formal_nomosaic_yolo11n_cclkd_online_from_yolo_s0_laddproto400_auto_sepclip_patmpos_cclanchor_lld_e400_b64_s0_gpu0,ladd/results/ladd4090_shutdown_sync_20260614/evidence_raw/ladd4090/repo_root_snapshot/runs_public/ogsod/hbb/formal_nomosaic_20260528/comparisons/online_cclkd/yolo11n/cclkd_auto_sepclip_patmpos_cclanchor/online_cclkd_hbb_ogsod11n_from_yolo_formal_nomosaic_yolo11n_cclkd_online_from_yolo_s0_laddproto400_auto_sepclip_patmpos_cclanchor_lld_e400_b64_s0_gpu0/results.csv,,
online_cclkd_hbb_ogsod11n_from_yolo_formal_nomosaic_yolo11n_cclkd_paper_atkd_paper_pair_box_distribution_paper_instance_s0_e400_b64_s0_gpu1,cclkd,ladd4090,diagnostic,formal_nomosaic_compressed,0,400,compressed,diagnostic,partial,n,0,,400,0.524998,399,0.524869,400,0.788921,0.788921,ladd/results/ladd4090_shutdown_sync_20260614/evidence_raw/ladd4090/repo_root_snapshot/runs_public/ogsod/hbb/formal_nomosaic_20260528/comparisons/online_cclkd/yolo11n/paper_ablation/online_cclkd_hbb_ogsod11n_from_yolo_formal_nomosaic_yolo11n_cclkd_paper_atkd_paper_pair_box_distribution_paper_instance_s0_e400_b64_s0_gpu1,ladd/results/ladd4090_shutdown_sync_20260614/evidence_raw/ladd4090/repo_root_snapshot/runs_public/ogsod/hbb/formal_nomosaic_20260528/comparisons/online_cclkd/yolo11n/paper_ablation/online_cclkd_hbb_ogsod11n_from_yolo_formal_nomosaic_yolo11n_cclkd_paper_atkd_paper_pair_box_distribution_paper_instance_s0_e400_b64_s0_gpu1/results.csv,,
online_cclkd_hbb_ogsod11n_from_yolo_formal_nomosaic_yolo11n_cclkd_paper_atkd_s0_e400_b64_s0_gpu1,cclkd,ladd4090,diagnostic,formal_nomosaic_compressed,0,400,compressed,diagnostic,partial,n,0,,149,0.396648,149,0.396648,149,0.647249,0.647249,ladd/results/ladd4090_shutdown_sync_20260614/evidence_raw/ladd4090/repo_root_snapshot/runs_public/ogsod/hbb/formal_nomosaic_20260528/comparisons/online_cclkd/yolo11n/paper_ablation/online_cclkd_hbb_ogsod11n_from_yolo_formal_nomosaic_yolo11n_cclkd_paper_atkd_s0_e400_b64_s0_gpu1,ladd/results/ladd4090_shutdown_sync_20260614/evidence_raw/ladd4090/repo_root_snapshot/runs_public/ogsod/hbb/formal_nomosaic_20260528/comparisons/online_cclkd/yolo11n/paper_ablation/online_cclkd_hbb_ogsod11n_from_yolo_formal_nomosaic_yolo11n_cclkd_paper_atkd_s0_e400_b64_s0_gpu1/results.csv,,
online_cclkd_hbb_ogsod11n_from_yolo_formal_nomosaic_yolo11n_cclkd_paper_atkd_s0_rldpatmfix_e400_b64_s0_gpu1,cclkd,ladd4090,diagnostic,formal_nomosaic_compressed,0,400,compressed,diagnostic,partial,n,0,,400,0.526045,400,0.526045,400,0.790671,0.790671,ladd/results/ladd4090_shutdown_sync_20260614/evidence_raw/ladd4090/repo_root_snapshot/runs_public/ogsod/hbb/formal_nomosaic_20260528/comparisons/online_cclkd/yolo11n/paper_ablation/online_cclkd_hbb_ogsod11n_from_yolo_formal_nomosaic_yolo11n_cclkd_paper_atkd_s0_rldpatmfix_e400_b64_s0_gpu1,ladd/results/ladd4090_shutdown_sync_20260614/evidence_raw/ladd4090/repo_root_snapshot/runs_public/ogsod/hbb/formal_nomosaic_20260528/comparisons/online_cclkd/yolo11n/paper_ablation/online_cclkd_hbb_ogsod11n_from_yolo_formal_nomosaic_yolo11n_cclkd_paper_atkd_s0_rldpatmfix_e400_b64_s0_gpu1/results.csv,,
online_cclkd_hbb_ogsod11n_from_yolo_formal_nomosaic_yolo11n_cclkd_paper_ccl_only_paper_pair_box_distribution_paper_instance_s0_e400_b64_s0_gpu0,cclkd,ladd4090,diagnostic,formal_nomosaic_compressed,0,400,compressed,diagnostic,partial,n,0,,400,0.520551,400,0.520551,400,0.785724,0.785596,ladd/results/ladd4090_shutdown_sync_20260614/evidence_raw/ladd4090/repo_root_snapshot/runs_public/ogsod/hbb/formal_nomosaic_20260528/comparisons/online_cclkd/yolo11n/paper_ablation/online_cclkd_hbb_ogsod11n_from_yolo_formal_nomosaic_yolo11n_cclkd_paper_ccl_only_paper_pair_box_distribution_paper_instance_s0_e400_b64_s0_gpu0,ladd/results/ladd4090_shutdown_sync_20260614/evidence_raw/ladd4090/repo_root_snapshot/runs_public/ogsod/hbb/formal_nomosaic_20260528/comparisons/online_cclkd/yolo11n/paper_ablation/online_cclkd_hbb_ogsod11n_from_yolo_formal_nomosaic_yolo11n_cclkd_paper_ccl_only_paper_pair_box_distribution_paper_instance_s0_e400_b64_s0_gpu0/results.csv,,
online_cclkd_hbb_ogsod11n_from_yolo_formal_nomosaic_yolo11n_cclkd_paper_ccl_only_s0_cclanchorfix_e400_b64_s0_gpu0,cclkd,ladd4090,diagnostic,formal_nomosaic_compressed,0,400,compressed,diagnostic,partial,n,0,,400,0.527059,400,0.527059,400,0.792094,0.792094,ladd/results/ladd4090_shutdown_sync_20260614/evidence_raw/ladd4090/repo_root_snapshot/runs_public/ogsod/hbb/formal_nomosaic_20260528/comparisons/online_cclkd/yolo11n/paper_ablation/online_cclkd_hbb_ogsod11n_from_yolo_formal_nomosaic_yolo11n_cclkd_paper_ccl_only_s0_cclanchorfix_e400_b64_s0_gpu0,ladd/results/ladd4090_shutdown_sync_20260614/evidence_raw/ladd4090/repo_root_snapshot/runs_public/ogsod/hbb/formal_nomosaic_20260528/comparisons/online_cclkd/yolo11n/paper_ablation/online_cclkd_hbb_ogsod11n_from_yolo_formal_nomosaic_yolo11n_cclkd_paper_ccl_only_s0_cclanchorfix_e400_b64_s0_gpu0/results.csv,,
online_cclkd_hbb_ogsod11n_from_yolo_formal_nomosaic_yolo11n_cclkd_paper_ccl_only_s0_e400_b64_s0_gpu0,cclkd,ladd4090,diagnostic,formal_nomosaic_compressed,0,400,compressed,diagnostic,partial,n,0,,148,0.397882,148,0.397882,148,0.645997,0.645997,ladd/results/ladd4090_shutdown_sync_20260614/evidence_raw/ladd4090/repo_root_snapshot/runs_public/ogsod/hbb/formal_nomosaic_20260528/comparisons/online_cclkd/yolo11n/paper_ablation/online_cclkd_hbb_ogsod11n_from_yolo_formal_nomosaic_yolo11n_cclkd_paper_ccl_only_s0_e400_b64_s0_gpu0,ladd/results/ladd4090_shutdown_sync_20260614/evidence_raw/ladd4090/repo_root_snapshot/runs_public/ogsod/hbb/formal_nomosaic_20260528/comparisons/online_cclkd/yolo11n/paper_ablation/online_cclkd_hbb_ogsod11n_from_yolo_formal_nomosaic_yolo11n_cclkd_paper_ccl_only_s0_e400_b64_s0_gpu0/results.csv,,
online_cclkd_hbb_ogsod11n_from_yolo_formal_nomosaic_yolo11n_cclkd_paper_full_paper_pair_box_distribution_paper_instance_s0_e400_b64_s0_gpu0,cclkd,ladd4090,diagnostic,formal_nomosaic_compressed,0,400,compressed,diagnostic,partial,n,0,,400,0.525314,400,0.525314,400,0.787642,0.787642,ladd/results/ladd4090_shutdown_sync_20260614/evidence_raw/ladd4090/repo_root_snapshot/runs_public/ogsod/hbb/formal_nomosaic_20260528/comparisons/online_cclkd/yolo11n/paper_ablation/online_cclkd_hbb_ogsod11n_from_yolo_formal_nomosaic_yolo11n_cclkd_paper_full_paper_pair_box_distribution_paper_instance_s0_e400_b64_s0_gpu0,ladd/results/ladd4090_shutdown_sync_20260614/evidence_raw/ladd4090/repo_root_snapshot/runs_public/ogsod/hbb/formal_nomosaic_20260528/comparisons/online_cclkd/yolo11n/paper_ablation/online_cclkd_hbb_ogsod11n_from_yolo_formal_nomosaic_yolo11n_cclkd_paper_full_paper_pair_box_distribution_paper_instance_s0_e400_b64_s0_gpu0/results.csv,,
online_cclkd_hbb_ogsod11n_from_yolo_formal_nomosaic_yolo11n_cclkd_paper_full_paper_pair_box_distribution_paper_instance_s0_e400_b64_s0_gpu1,cclkd,ladd4090,diagnostic,formal_nomosaic_compressed,0,400,compressed,diagnostic,partial,n,0,,7,0.0891072,6,0.0879676,7,0.226833,0.226833,ladd/results/ladd4090_shutdown_sync_20260614/evidence_raw/ladd4090/repo_root_snapshot/runs_public/ogsod/hbb/formal_nomosaic_20260528/comparisons/online_cclkd/yolo11n/paper_ablation/online_cclkd_hbb_ogsod11n_from_yolo_formal_nomosaic_yolo11n_cclkd_paper_full_paper_pair_box_distribution_paper_instance_s0_e400_b64_s0_gpu1,ladd/results/ladd4090_shutdown_sync_20260614/evidence_raw/ladd4090/repo_root_snapshot/runs_public/ogsod/hbb/formal_nomosaic_20260528/comparisons/online_cclkd/yolo11n/paper_ablation/online_cclkd_hbb_ogsod11n_from_yolo_formal_nomosaic_yolo11n_cclkd_paper_full_paper_pair_box_distribution_paper_instance_s0_e400_b64_s0_gpu1/results.csv,,
online_cclkd_hbb_ogsod11n_from_yolo_formal_nomosaic_yolo11n_cclkd_paper_full_s0_cclanchorfix_e400_b64_s0_gpu1,cclkd,ladd4090,diagnostic,formal_nomosaic_compressed,0,400,compressed,diagnostic,partial,n,0,,3,0.0619312,1,0.0148407,3,0.160266,0.0481436,ladd/results/ladd4090_shutdown_sync_20260614/evidence_raw/ladd4090/repo_root_snapshot/runs_public/ogsod/hbb/formal_nomosaic_20260528/comparisons/online_cclkd/yolo11n/paper_ablation/online_cclkd_hbb_ogsod11n_from_yolo_formal_nomosaic_yolo11n_cclkd_paper_full_s0_cclanchorfix_e400_b64_s0_gpu1,ladd/results/ladd4090_shutdown_sync_20260614/evidence_raw/ladd4090/repo_root_snapshot/runs_public/ogsod/hbb/formal_nomosaic_20260528/comparisons/online_cclkd/yolo11n/paper_ablation/online_cclkd_hbb_ogsod11n_from_yolo_formal_nomosaic_yolo11n_cclkd_paper_full_s0_cclanchorfix_e400_b64_s0_gpu1/results.csv,,
online_cclkd_hbb_ogsod11n_from_yolo_formal_nomosaic_yolo11n_cclkd_paper_full_s0_e400_b64_s0_gpu1,cclkd,ladd4090,diagnostic,formal_nomosaic_compressed,0,400,compressed,diagnostic,partial,n,0,,143,0.393667,143,0.393667,143,0.639437,0.639091,ladd/results/ladd4090_shutdown_sync_20260614/evidence_raw/ladd4090/repo_root_snapshot/runs_public/ogsod/hbb/formal_nomosaic_20260528/comparisons/online_cclkd/yolo11n/paper_ablation/online_cclkd_hbb_ogsod11n_from_yolo_formal_nomosaic_yolo11n_cclkd_paper_full_s0_e400_b64_s0_gpu1,ladd/results/ladd4090_shutdown_sync_20260614/evidence_raw/ladd4090/repo_root_snapshot/runs_public/ogsod/hbb/formal_nomosaic_20260528/comparisons/online_cclkd/yolo11n/paper_ablation/online_cclkd_hbb_ogsod11n_from_yolo_formal_nomosaic_yolo11n_cclkd_paper_full_s0_e400_b64_s0_gpu1/results.csv,,
online_cclkd_hbb_ogsod11n_from_yolo_formal_nomosaic_yolo11n_cclkd_paper_full_s0_rldpatmfix_e400_b64_s0_gpu1,cclkd,ladd4090,diagnostic,formal_nomosaic_compressed,0,400,compressed,diagnostic,partial,n,0,,400,0.524647,400,0.524647,400,0.785343,0.785343,ladd/results/ladd4090_shutdown_sync_20260614/evidence_raw/ladd4090/repo_root_snapshot/runs_public/ogsod/hbb/formal_nomosaic_20260528/comparisons/online_cclkd/yolo11n/paper_ablation/online_cclkd_hbb_ogsod11n_from_yolo_formal_nomosaic_yolo11n_cclkd_paper_full_s0_rldpatmfix_e400_b64_s0_gpu1,ladd/results/ladd4090_shutdown_sync_20260614/evidence_raw/ladd4090/repo_root_snapshot/runs_public/ogsod/hbb/formal_nomosaic_20260528/comparisons/online_cclkd/yolo11n/paper_ablation/online_cclkd_hbb_ogsod11n_from_yolo_formal_nomosaic_yolo11n_cclkd_paper_full_s0_rldpatmfix_e400_b64_s0_gpu1/results.csv,,
online_cclkd_hbb_ogsod11n_from_yolo_formal_nomosaic_yolo11n_cclkd_paper_lld_fld_paper_pair_box_distribution_paper_instance_s0_e400_b64_s0_gpu1,cclkd,ladd4090,diagnostic,formal_nomosaic_compressed,0,400,compressed,diagnostic,partial,n,0,,400,0.530729,400,0.530729,400,0.797013,0.797013,ladd/results/ladd4090_shutdown_sync_20260614/evidence_raw/ladd4090/repo_root_snapshot/runs_public/ogsod/hbb/formal_nomosaic_20260528/comparisons/online_cclkd/yolo11n/paper_ablation/online_cclkd_hbb_ogsod11n_from_yolo_formal_nomosaic_yolo11n_cclkd_paper_lld_fld_paper_pair_box_distribution_paper_instance_s0_e400_b64_s0_gpu1,ladd/results/ladd4090_shutdown_sync_20260614/evidence_raw/ladd4090/repo_root_snapshot/runs_public/ogsod/hbb/formal_nomosaic_20260528/comparisons/online_cclkd/yolo11n/paper_ablation/online_cclkd_hbb_ogsod11n_from_yolo_formal_nomosaic_yolo11n_cclkd_paper_lld_fld_paper_pair_box_distribution_paper_instance_s0_e400_b64_s0_gpu1/results.csv,,
online_cclkd_hbb_ogsod11n_from_yolo_formal_nomosaic_yolo11n_cclkd_paper_lld_fld_rld_paper_pair_box_distribution_paper_instance_s0_e400_b64_s0_gpu0,cclkd,ladd4090,diagnostic,formal_nomosaic_compressed,0,400,compressed,diagnostic,partial,n,0,,400,0.527932,400,0.527932,400,0.795515,0.795413,ladd/results/ladd4090_shutdown_sync_20260614/evidence_raw/ladd4090/repo_root_snapshot/runs_public/ogsod/hbb/formal_nomosaic_20260528/comparisons/online_cclkd/yolo11n/paper_ablation/online_cclkd_hbb_ogsod11n_from_yolo_formal_nomosaic_yolo11n_cclkd_paper_lld_fld_rld_paper_pair_box_distribution_paper_instance_s0_e400_b64_s0_gpu0,ladd/results/ladd4090_shutdown_sync_20260614/evidence_raw/ladd4090/repo_root_snapshot/runs_public/ogsod/hbb/formal_nomosaic_20260528/comparisons/online_cclkd/yolo11n/paper_ablation/online_cclkd_hbb_ogsod11n_from_yolo_formal_nomosaic_yolo11n_cclkd_paper_lld_fld_rld_paper_pair_box_distribution_paper_instance_s0_e400_b64_s0_gpu0/results.csv,,
online_cclkd_hbb_ogsod11n_from_yolo_formal_nomosaic_yolo11n_cclkd_paper_lld_fld_rld_s0_e400_b64_s0_gpu0,cclkd,ladd4090,diagnostic,formal_nomosaic_compressed,0,400,compressed,diagnostic,partial,n,0,,151,0.398525,151,0.398525,151,0.651822,0.651822,ladd/results/ladd4090_shutdown_sync_20260614/evidence_raw/ladd4090/repo_root_snapshot/runs_public/ogsod/hbb/formal_nomosaic_20260528/comparisons/online_cclkd/yolo11n/paper_ablation/online_cclkd_hbb_ogsod11n_from_yolo_formal_nomosaic_yolo11n_cclkd_paper_lld_fld_rld_s0_e400_b64_s0_gpu0,ladd/results/ladd4090_shutdown_sync_20260614/evidence_raw/ladd4090/repo_root_snapshot/runs_public/ogsod/hbb/formal_nomosaic_20260528/comparisons/online_cclkd/yolo11n/paper_ablation/online_cclkd_hbb_ogsod11n_from_yolo_formal_nomosaic_yolo11n_cclkd_paper_lld_fld_rld_s0_e400_b64_s0_gpu0/results.csv,,
online_cclkd_hbb_ogsod11n_from_yolo_formal_nomosaic_yolo11n_cclkd_paper_lld_fld_rld_s0_rldpatmfix_e400_b64_s0_gpu0,cclkd,ladd4090,diagnostic,formal_nomosaic_compressed,0,400,compressed,diagnostic,partial,n,0,,400,0.524106,400,0.524106,400,0.791866,0.791866,ladd/results/ladd4090_shutdown_sync_20260614/evidence_raw/ladd4090/repo_root_snapshot/runs_public/ogsod/hbb/formal_nomosaic_20260528/comparisons/online_cclkd/yolo11n/paper_ablation/online_cclkd_hbb_ogsod11n_from_yolo_formal_nomosaic_yolo11n_cclkd_paper_lld_fld_rld_s0_rldpatmfix_e400_b64_s0_gpu0,ladd/results/ladd4090_shutdown_sync_20260614/evidence_raw/ladd4090/repo_root_snapshot/runs_public/ogsod/hbb/formal_nomosaic_20260528/comparisons/online_cclkd/yolo11n/paper_ablation/online_cclkd_hbb_ogsod11n_from_yolo_formal_nomosaic_yolo11n_cclkd_paper_lld_fld_rld_s0_rldpatmfix_e400_b64_s0_gpu0/results.csv,,
online_cclkd_hbb_ogsod11n_from_yolo_formal_nomosaic_yolo11n_cclkd_paper_lld_fld_s0_e400_b64_s0_gpu1,cclkd,ladd4090,diagnostic,formal_nomosaic_compressed,0,400,compressed,diagnostic,partial,n,0,,400,0.529279,400,0.529279,400,0.797174,0.797174,ladd/results/ladd4090_shutdown_sync_20260614/evidence_raw/ladd4090/repo_root_snapshot/runs_public/ogsod/hbb/formal_nomosaic_20260528/comparisons/online_cclkd/yolo11n/paper_ablation/online_cclkd_hbb_ogsod11n_from_yolo_formal_nomosaic_yolo11n_cclkd_paper_lld_fld_s0_e400_b64_s0_gpu1,ladd/results/ladd4090_shutdown_sync_20260614/evidence_raw/ladd4090/repo_root_snapshot/runs_public/ogsod/hbb/formal_nomosaic_20260528/comparisons/online_cclkd/yolo11n/paper_ablation/online_cclkd_hbb_ogsod11n_from_yolo_formal_nomosaic_yolo11n_cclkd_paper_lld_fld_s0_e400_b64_s0_gpu1/results.csv,,
online_cclkd_hbb_ogsod11n_from_yolo_formal_nomosaic_yolo11n_cclkd_paper_lld_paper_pair_box_distribution_paper_instance_s0_e400_b64_s0_gpu1,cclkd,ladd4090,diagnostic,formal_nomosaic_compressed,0,400,compressed,diagnostic,partial,n,0,,400,0.527744,399,0.52762,400,0.79417,0.79417,ladd/results/ladd4090_shutdown_sync_20260614/evidence_raw/ladd4090/repo_root_snapshot/runs_public/ogsod/hbb/formal_nomosaic_20260528/comparisons/online_cclkd/yolo11n/paper_ablation/online_cclkd_hbb_ogsod11n_from_yolo_formal_nomosaic_yolo11n_cclkd_paper_lld_paper_pair_box_distribution_paper_instance_s0_e400_b64_s0_gpu1,ladd/results/ladd4090_shutdown_sync_20260614/evidence_raw/ladd4090/repo_root_snapshot/runs_public/ogsod/hbb/formal_nomosaic_20260528/comparisons/online_cclkd/yolo11n/paper_ablation/online_cclkd_hbb_ogsod11n_from_yolo_formal_nomosaic_yolo11n_cclkd_paper_lld_paper_pair_box_distribution_paper_instance_s0_e400_b64_s0_gpu1/results.csv,,
online_cclkd_hbb_ogsod11n_from_yolo_formal_nomosaic_yolo11n_cclkd_paper_lld_s0_e400_b64_s0_gpu0,cclkd,ladd4090,diagnostic,formal_nomosaic_compressed,0,400,compressed,diagnostic,partial,n,0,,400,0.527779,400,0.527779,400,0.789566,0.789566,ladd/results/ladd4090_shutdown_sync_20260614/evidence_raw/ladd4090/repo_root_snapshot/runs_public/ogsod/hbb/formal_nomosaic_20260528/comparisons/online_cclkd/yolo11n/paper_ablation/online_cclkd_hbb_ogsod11n_from_yolo_formal_nomosaic_yolo11n_cclkd_paper_lld_s0_e400_b64_s0_gpu0,ladd/results/ladd4090_shutdown_sync_20260614/evidence_raw/ladd4090/repo_root_snapshot/runs_public/ogsod/hbb/formal_nomosaic_20260528/comparisons/online_cclkd/yolo11n/paper_ablation/online_cclkd_hbb_ogsod11n_from_yolo_formal_nomosaic_yolo11n_cclkd_paper_lld_s0_e400_b64_s0_gpu0/results.csv,,
cclkd_online_valfix_smoke_n_s0,cclkd,dual4090_old,invalid_or_diagnostic,smoke_probe_partial,1,1,smoke_probe_partial,archive_or_invalid,no,n,0,,1,0.000325947,1,0.000325947,1,0.0015382,0.0015382,cclkd_reproduction/diagnostics/20260607_protocol_gap/server_artifacts/dual4090/runs_public/ogsod/hbb/cclkd_reproduction_smoke/cclkd_online_valfix_smoke_n_s0,cclkd_reproduction/diagnostics/20260607_protocol_gap/server_artifacts/dual4090/runs_public/ogsod/hbb/cclkd_reproduction_smoke/cclkd_online_valfix_smoke_n_s0/results.csv,,
cclkd_online_valfix_smoke_n_s0_e2,cclkd,dual4090_old,invalid_or_diagnostic,smoke_probe_partial,1,2,smoke_probe_partial,archive_or_invalid,no,n,0,,2,0.000325947,1,0.000234801,2,0.0015382,0.0007354,cclkd_reproduction/diagnostics/20260607_protocol_gap/server_artifacts/dual4090/runs_public/ogsod/hbb/cclkd_reproduction_smoke/cclkd_online_valfix_smoke_n_s0_e2,cclkd_reproduction/diagnostics/20260607_protocol_gap/server_artifacts/dual4090/runs_public/ogsod/hbb/cclkd_reproduction_smoke/cclkd_online_valfix_smoke_n_s0_e2/results.csv,,
cclkd_online_valfix_smoke_n_s0_v2,cclkd,dual4090_old,invalid_or_diagnostic,smoke_probe_partial,1,1,smoke_probe_partial,archive_or_invalid,no,n,0,,1,0.000325947,1,0.000325947,1,0.0015382,0.0015382,cclkd_reproduction/diagnostics/20260607_protocol_gap/server_artifacts/dual4090/runs_public/ogsod/hbb/cclkd_reproduction_smoke/cclkd_online_valfix_smoke_n_s0_v2,cclkd_reproduction/diagnostics/20260607_protocol_gap/server_artifacts/dual4090/runs_public/ogsod/hbb/cclkd_reproduction_smoke/cclkd_online_valfix_smoke_n_s0_v2/results.csv,,
det_only_same_trainer_b32_e80_r1,cclkd,unknown,diagnostic,smoke_probe_partial,,80,smoke_probe_partial,diagnostic,partial,x,,,80,,,,,,,cclkd_reproduction/yolov5_sanity/results/diagnostics_20260611_yolov5x_gpu2_smoke_detonly/det_only_same_trainer_b32_e80_r1,cclkd_reproduction/yolov5_sanity/results/diagnostics_20260611_yolov5x_gpu2_smoke_detonly/det_only_same_trainer_b32_e80_r1/results.csv,,
paper_full_smoke_b32_1e1b_final,cclkd,unknown,diagnostic,smoke_probe_partial,,32,smoke_probe_partial,diagnostic,partial,x,,,1,,,,,,,cclkd_reproduction/yolov5_sanity/results/diagnostics_20260611_yolov5x_gpu2_smoke_detonly/paper_full_smoke_b32_1e1b_final,cclkd_reproduction/yolov5_sanity/results/diagnostics_20260611_yolov5x_gpu2_smoke_detonly/paper_full_smoke_b32_1e1b_final/results.csv,,
det_only_same_trainer,cclkd,unknown,candidate_or_unknown,unknown_protocol,,400,compressed,cclkd_reproduction,partial,,,,400,,,,,,,cclkd_reproduction/yolov5_sanity/results/scalingfix_paper_components_400ep_20260613/runs/det_only_same_trainer,cclkd_reproduction/yolov5_sanity/results/scalingfix_paper_components_400ep_20260613/runs/det_only_same_trainer/results.csv,,
full_cclkd_gpu1,cclkd,unknown,diagnostic,unknown_protocol,,,unknown,diagnostic,partial,,,,115,,,,,,,cclkd_reproduction/yolov5_sanity/results/diagnostics_20260610_cclkd_full_issue/full_cclkd_gpu1,cclkd_reproduction/yolov5_sanity/results/diagnostics_20260610_cclkd_full_issue/full_cclkd_gpu1/results.csv,,
paper_atkd_only,cclkd,unknown,candidate_or_unknown,unknown_protocol,,400,compressed,cclkd_reproduction,partial,,,,288,,,,,,,cclkd_reproduction/yolov5_sanity/results/scalingfix_paper_components_400ep_20260613/runs/paper_atkd_only,cclkd_reproduction/yolov5_sanity/results/scalingfix_paper_components_400ep_20260613/runs/paper_atkd_only/results.csv,,
paper_ccl_only,cclkd,unknown,candidate_or_unknown,unknown_protocol,,400,compressed,cclkd_reproduction,partial,,,,400,,,,,,,cclkd_reproduction/yolov5_sanity/results/scalingfix_paper_components_400ep_20260613/runs/paper_ccl_only,cclkd_reproduction/yolov5_sanity/results/scalingfix_paper_components_400ep_20260613/runs/paper_ccl_only/results.csv,,
paper_full,cclkd,unknown,candidate_or_unknown,unknown_protocol,,400,compressed,cclkd_reproduction,partial,,,,393,,,,,,,cclkd_reproduction/yolov5_sanity/results/scalingfix_paper_components_400ep_20260613/runs/paper_full,cclkd_reproduction/yolov5_sanity/results/scalingfix_paper_components_400ep_20260613/runs/paper_full/results.csv,,
rgb_baseline_b64,cclkd,unknown,diagnostic,unknown_protocol,,64,compressed,diagnostic,partial,,,,134,,,,,,,cclkd_reproduction/yolov5_sanity/results/diagnostics_20260610_cclkd_full_issue/rgb_baseline_b64,cclkd_reproduction/yolov5_sanity/results/diagnostics_20260610_cclkd_full_issue/rgb_baseline_b64/results.csv,,
sar_baseline_b64,cclkd,unknown,diagnostic,unknown_protocol,,64,compressed,diagnostic,partial,,,,400,,,,,,,cclkd_reproduction/yolov5_sanity/results/diagnostics_20260610_cclkd_full_issue/sar_baseline_b64,cclkd_reproduction/yolov5_sanity/results/diagnostics_20260610_cclkd_full_issue/sar_baseline_b64/results.csv,,
yolov5_cclkd_x,cclkd,unknown,diagnostic,unknown_protocol,,,unknown,diagnostic,partial,,,,262,,,,,,,docs/experiments/ladd_h1_diag_20260610_artifacts/yolov5_cclkd_x,docs/experiments/ladd_h1_diag_20260610_artifacts/yolov5_cclkd_x/results.csv,,
ladd_yolo11s_phase_b,cclkd,unknown,diagnostic,unknown_protocol,,,unknown,diagnostic,partial,s,,b,229,0.63127,216,0.63095,229,0.9175,0.91605,cclkd_reproduction/yolov5_sanity/results/diagnostics_20260610_cclkd_full_issue/ladd_yolo11s_phase_b,cclkd_reproduction/yolov5_sanity/results/diagnostics_20260610_cclkd_full_issue/ladd_yolo11s_phase_b/results.csv,,
400_atkd_only_snapshot,cclkd,unknown,diagnostic,unknown_protocol,,80,compressed,diagnostic,partial,x,,,20,,,,,,,cclkd_reproduction/yolov5_sanity/results/diagnostics_20260613_yolov5x_scaledfix_components_e80_400queue/runs/400_atkd_only_snapshot,cclkd_reproduction/yolov5_sanity/results/diagnostics_20260613_yolov5x_scaledfix_components_e80_400queue/runs/400_atkd_only_snapshot/results.csv,,
400_ccl_only_snapshot,cclkd,unknown,diagnostic,unknown_protocol,,80,compressed,diagnostic,partial,x,,,13,,,,,,,cclkd_reproduction/yolov5_sanity/results/diagnostics_20260613_yolov5x_scaledfix_components_e80_400queue/runs/400_ccl_only_snapshot,cclkd_reproduction/yolov5_sanity/results/diagnostics_20260613_yolov5x_scaledfix_components_e80_400queue/runs/400_ccl_only_snapshot/results.csv,,
400_paper_full_snapshot,cclkd,unknown,diagnostic,unknown_protocol,,80,compressed,diagnostic,partial,x,,,6,,,,,,,cclkd_reproduction/yolov5_sanity/results/diagnostics_20260613_yolov5x_scaledfix_components_e80_400queue/runs/400_paper_full_snapshot,cclkd_reproduction/yolov5_sanity/results/diagnostics_20260613_yolov5x_scaledfix_components_e80_400queue/runs/400_paper_full_snapshot/results.csv,,
80_atkd_only,cclkd,unknown,diagnostic,unknown_protocol,,80,compressed,diagnostic,partial,x,,,80,,,,,,,cclkd_reproduction/yolov5_sanity/results/diagnostics_20260613_yolov5x_scaledfix_components_e80_400queue/runs/80_atkd_only,cclkd_reproduction/yolov5_sanity/results/diagnostics_20260613_yolov5x_scaledfix_components_e80_400queue/runs/80_atkd_only/results.csv,,
80_ccl_only,cclkd,unknown,diagnostic,unknown_protocol,,80,compressed,diagnostic,partial,x,,,80,,,,,,,cclkd_reproduction/yolov5_sanity/results/diagnostics_20260613_yolov5x_scaledfix_components_e80_400queue/runs/80_ccl_only,cclkd_reproduction/yolov5_sanity/results/diagnostics_20260613_yolov5x_scaledfix_components_e80_400queue/runs/80_ccl_only/results.csv,,
80_paper_full,cclkd,unknown,diagnostic,unknown_protocol,,80,compressed,diagnostic,partial,x,,,80,,,,,,,cclkd_reproduction/yolov5_sanity/results/diagnostics_20260613_yolov5x_scaledfix_components_e80_400queue/runs/80_paper_full,cclkd_reproduction/yolov5_sanity/results/diagnostics_20260613_yolov5x_scaledfix_components_e80_400queue/runs/80_paper_full/results.csv,,
yolov5x_det_only_same_trainer_b32_s0_detonly_same_trainer_b32_e80_wave1_gpu1,cclkd,unknown,diagnostic,unknown_protocol,,80,compressed,diagnostic,partial,x,0,,80,,,,,,,cclkd_reproduction/yolov5_sanity/results/diagnostics_20260612_yolov5x_b32_e80_final/runs/yolov5x_det_only_same_trainer_b32_s0_detonly_same_trainer_b32_e80_wave1_gpu1,cclkd_reproduction/yolov5_sanity/results/diagnostics_20260612_yolov5x_b32_e80_final/runs/yolov5x_det_only_same_trainer_b32_s0_detonly_same_trainer_b32_e80_wave1_gpu1/results.csv,,
yolov5x_det_only_same_trainer_b32_s0_detonly_same_trainer_b32_e80_wave1_gpu1,cclkd,server117,diagnostic,unknown_protocol,,80,compressed,diagnostic,partial,x,0,,80,,,,,,,cclkd_reproduction/yolov5_sanity/results/diagnostics_20260612_yolov5x_b32_e80_queue/yolov5x_det_only_same_trainer_b32_s0_detonly_same_trainer_b32_e80_wave1_gpu1,cclkd_reproduction/yolov5_sanity/results/diagnostics_20260612_yolov5x_b32_e80_queue/yolov5x_det_only_same_trainer_b32_s0_detonly_same_trainer_b32_e80_wave1_gpu1/results.csv,,
yolov5x_det_only_same_trainer_b32_s0_detonly_scaled_fix_b32_e80,cclkd,unknown,diagnostic,unknown_protocol,,80,compressed,diagnostic,partial,x,0,,80,,,,,,,cclkd_reproduction/yolov5_sanity/results/diagnostics_20260612_trainpy_scaling_fix_b32_e80/runs/yolov5x_det_only_same_trainer_b32_s0_detonly_scaled_fix_b32_e80,cclkd_reproduction/yolov5_sanity/results/diagnostics_20260612_trainpy_scaling_fix_b32_e80/runs/yolov5x_det_only_same_trainer_b32_s0_detonly_scaled_fix_b32_e80/results.csv,,
yolov5x_paper_atkd_only_b32_s0_paper_atkd_only_b32_e80_wave2_gpu1,cclkd,unknown,diagnostic,unknown_protocol,,80,compressed,diagnostic,partial,x,0,,80,,,,,,,cclkd_reproduction/yolov5_sanity/results/diagnostics_20260612_yolov5x_b32_e80_final/runs/yolov5x_paper_atkd_only_b32_s0_paper_atkd_only_b32_e80_wave2_gpu1,cclkd_reproduction/yolov5_sanity/results/diagnostics_20260612_yolov5x_b32_e80_final/runs/yolov5x_paper_atkd_only_b32_s0_paper_atkd_only_b32_e80_wave2_gpu1/results.csv,,
yolov5x_paper_atkd_only_b32_s0_paper_atkd_only_b32_e80_wave2_gpu1,cclkd,server117,diagnostic,unknown_protocol,,80,compressed,diagnostic,partial,x,0,,18,,,,,,,cclkd_reproduction/yolov5_sanity/results/diagnostics_20260612_yolov5x_b32_e80_queue/yolov5x_paper_atkd_only_b32_s0_paper_atkd_only_b32_e80_wave2_gpu1,cclkd_reproduction/yolov5_sanity/results/diagnostics_20260612_yolov5x_b32_e80_queue/yolov5x_paper_atkd_only_b32_s0_paper_atkd_only_b32_e80_wave2_gpu1/results.csv,,
yolov5x_paper_full_b32_s0_paper_full_b32_e80_wave2_gpu3,cclkd,unknown,diagnostic,unknown_protocol,,80,compressed,diagnostic,partial,x,0,,80,,,,,,,cclkd_reproduction/yolov5_sanity/results/diagnostics_20260612_yolov5x_b32_e80_final/runs/yolov5x_paper_full_b32_s0_paper_full_b32_e80_wave2_gpu3,cclkd_reproduction/yolov5_sanity/results/diagnostics_20260612_yolov5x_b32_e80_final/runs/yolov5x_paper_full_b32_s0_paper_full_b32_e80_wave2_gpu3/results.csv,,
yolov5x_paper_full_b32_s0_paper_full_b32_e80_wave2_gpu3,cclkd,server117,diagnostic,unknown_protocol,,80,compressed,diagnostic,partial,x,0,,18,,,,,,,cclkd_reproduction/yolov5_sanity/results/diagnostics_20260612_yolov5x_b32_e80_queue/yolov5x_paper_full_b32_s0_paper_full_b32_e80_wave2_gpu3,cclkd_reproduction/yolov5_sanity/results/diagnostics_20260612_yolov5x_b32_e80_queue/yolov5x_paper_full_b32_s0_paper_full_b32_e80_wave2_gpu3/results.csv,,
yolov5x_standard_train_b32_s0_standard_train_b32_e80_gpu0,cclkd,unknown,diagnostic,unknown_protocol,,80,compressed,diagnostic,partial,x,0,,80,,,,,,,cclkd_reproduction/yolov5_sanity/results/diagnostics_20260612_yolov5x_b32_e80_final/runs/yolov5x_standard_train_b32_s0_standard_train_b32_e80_gpu0,cclkd_reproduction/yolov5_sanity/results/diagnostics_20260612_yolov5x_b32_e80_final/runs/yolov5x_standard_train_b32_s0_standard_train_b32_e80_gpu0/results.csv,,
yolov5x_trainpy_detonly_b32_s0_trainpy_detonly_b32_e80,cclkd,unknown,diagnostic,unknown_protocol,,80,compressed,diagnostic,partial,x,0,,80,,,,,,,cclkd_reproduction/yolov5_sanity/results/diagnostics_20260612_trainpy_scaling_fix_b32_e80/runs/yolov5x_trainpy_detonly_b32_s0_trainpy_detonly_b32_e80,cclkd_reproduction/yolov5_sanity/results/diagnostics_20260612_trainpy_scaling_fix_b32_e80/runs/yolov5x_trainpy_detonly_b32_s0_trainpy_detonly_b32_e80/results.csv,,
yolov5x_two_branch_no_kd_b32_s0_twobranch_nokd_b32_e80_wave1_gpu3,cclkd,unknown,diagnostic,unknown_protocol,,80,compressed,diagnostic,partial,x,0,,80,,,,,,,cclkd_reproduction/yolov5_sanity/results/diagnostics_20260612_yolov5x_b32_e80_final/runs/yolov5x_two_branch_no_kd_b32_s0_twobranch_nokd_b32_e80_wave1_gpu3,cclkd_reproduction/yolov5_sanity/results/diagnostics_20260612_yolov5x_b32_e80_final/runs/yolov5x_two_branch_no_kd_b32_s0_twobranch_nokd_b32_e80_wave1_gpu3/results.csv,,
yolov5x_two_branch_no_kd_b32_s0_twobranch_nokd_b32_e80_wave1_gpu3,cclkd,server117,diagnostic,unknown_protocol,,80,compressed,diagnostic,partial,x,0,,80,,,,,,,cclkd_reproduction/yolov5_sanity/results/diagnostics_20260612_yolov5x_b32_e80_queue/yolov5x_two_branch_no_kd_b32_s0_twobranch_nokd_b32_e80_wave1_gpu3,cclkd_reproduction/yolov5_sanity/results/diagnostics_20260612_yolov5x_b32_e80_queue/yolov5x_two_branch_no_kd_b32_s0_twobranch_nokd_b32_e80_wave1_gpu3/results.csv,,
yolov5x_two_branch_no_kd_b32_s0_twobranch_nokd_scaled_fix_b32_e80,cclkd,unknown,diagnostic,unknown_protocol,,80,compressed,diagnostic,partial,x,0,,80,,,,,,,cclkd_reproduction/yolov5_sanity/results/diagnostics_20260612_trainpy_scaling_fix_b32_e80/runs/yolov5x_two_branch_no_kd_b32_s0_twobranch_nokd_scaled_fix_b32_e80,cclkd_reproduction/yolov5_sanity/results/diagnostics_20260612_trainpy_scaling_fix_b32_e80/runs/yolov5x_two_branch_no_kd_b32_s0_twobranch_nokd_scaled_fix_b32_e80/results.csv,,
