epoch,mode,student_box_loss,student_obj_loss,student_cls_loss,teacher_box_loss,teacher_obj_loss,teacher_cls_loss,kd_total_loss,lld_loss,fld_loss,rld_loss,ccl_loss,kd_to_student_det_ratio,atkd_weight,ccl_weight,atkd_loss,weighted_atkd_loss,weighted_ccl_loss,kd_scale,weighted_kd_to_student_det_ratio,cop_valid_candidates,cop_positive_candidates,cop_positive_ratio,cop_class0_count,cop_class1_count,cop_class2_count,neg_candidates_mean,temperature_mean,temperature_min,temperature_max,feature_capture_ok,student_feature_levels,teacher_feature_levels,nan_or_inf_detected
0,paper_full,0.10989271849393845,0.03898311033844948,0.266591876745224,0.10701867192983627,0.03832000121474266,0.1858040690422058,2.733980417251587,0.032504480332136154,1.7026846408843994,0.30467134714126587,0.6941215395927429,0.2647136750271897,1.0,1.0,2.0398602622007234,2.0398602622007234,0.6941211375535703,0.0,0.0,799.8257080610022,691.2788671023965,0.867880634240961,493.1830065359477,145.67755991285404,52.41830065359477,545.0345078678173,3.4395616366193185,3.278744778082521,3.665949294769686,1.0,3.0,3.0,0.0
1,paper_full,0.09577224403619766,0.0398896224796772,0.15212316811084747,0.08801858872175217,0.039237525314092636,0.0837579146027565,2.8959507942199707,0.02112812176346779,1.8641903400421143,0.31700780987739563,0.6936257481575012,0.33787138165991293,1.0,1.0,2.2023221664698815,2.2023221664698815,0.6936256489462842,0.33333333333333326,0.11262379706814918,792.8082788671024,755.0196078431372,0.9533238179732598,506.75816993464053,173.2941176470588,74.9673202614379,526.2825130554066,2.9495444204293046,2.843004359658767,3.0844439426538472,1.0,3.0,3.0,0.0
2,paper_full,0.09085403382778168,0.04286302626132965,0.168204203248024,0.08620411902666092,0.04262589290738106,0.11457846313714981,1.996008038520813,0.018015164881944656,1.0152462720870972,0.26970934867858887,0.6930386424064636,0.22170058738497087,1.0,1.0,1.3029695088307582,1.3029695088307582,0.6930389835424153,0.6666666666666665,0.14780039599972872,800.3246187363834,746.2113289760349,0.933200107897396,502.7429193899782,166.958605664488,76.50980392156863,533.7073492577912,3.033258720161089,2.9081325806304,3.1943103971045,1.0,3.0,3.0,0.0
3,paper_full,0.09235592931509018,0.044840216636657715,0.21291860938072205,0.09557433426380157,0.04407217353582382,0.1607283502817154,1.7650327682495117,0.017039084807038307,0.721049964427948,0.33422309160232544,0.6927219033241272,0.16677988843265962,1.0,1.0,1.072311251186857,1.072311251186857,0.6927214957010772,1.0,0.16677988843265962,799.4814814814815,711.7450980392157,0.8922993425429351,487.6928104575163,160.33333333333334,63.71895424836601,546.0733623296867,3.201991843242271,3.02193399192461,3.4256038743686053,1.0,3.0,3.0,0.0
4,paper_full,0.09357413649559021,0.0444953478872776,0.21757753193378448,0.09479215741157532,0.04296990483999252,0.16023080050945282,1.9178857803344727,0.01617593504488468,0.9029461145401001,0.30613061785697937,0.6926339864730835,0.17928063434453312,1.0,1.0,1.2252524513304883,1.2252524513304883,0.6926330991560078,1.0,0.17928063434453312,804.4270152505446,724.6535947712418,0.9013319447546809,490.5272331154684,162.80174291938997,71.32461873638344,545.7138850725295,3.1676627410522995,2.9939094353345483,3.391283932334717,1.0,3.0,3.0,0.0
5,paper_full,0.09135353565216064,0.04451718181371689,0.20742815732955933,0.09001412987709045,0.04317562282085419,0.13301275670528412,1.695591926574707,0.016579635441303253,0.6962237358093262,0.29005202651023865,0.6927374005317688,0.1667397166389266,1.0,1.0,1.0028545707788863,1.0028545707788863,0.6927374089725137,1.0,0.1667397166389266,801.1546840958606,732.4204793028323,0.9154494445847541,490.2570806100218,163.96949891067538,78.19389978213508,544.0628325019786,3.110516198060611,2.9455183975577093,3.319717867961377,1.0,3.0,3.0,0.0
6,paper_full,0.08937104791402817,0.04481763765215874,0.17993515729904175,0.08698366582393646,0.04319920018315315,0.11444295942783356,1.758166790008545,0.01718638651072979,0.7756126523017883,0.27233821153640747,0.6930295825004578,0.18357890597615625,1.0,1.0,1.0651368329662643,1.0651368329662643,0.6930285631181887,1.0,0.18357890597615625,806.718954248366,746.9433551198257,0.92647843475938,498.3485838779956,170.20697167755992,78.38779956427015,539.4604358215997,3.0752923327593504,2.92158827283024,3.2774279481185546,1.0,3.0,3.0,0.0
7,paper_full,0.0881548598408699,0.04415438324213028,0.16883009672164917,0.08376632630825043,0.04354970157146454,0.10727203637361526,1.659713625907898,0.01569264940917492,0.7113378643989563,0.24018409848213196,0.6924998164176941,0.18639060800533927,1.0,1.0,0.967213754300718,0.967213754300718,0.6924997834338602,1.0,0.18639060800533927,803.5228758169935,749.2854030501089,0.9332855875229694,507.7668845315904,167.00435729847496,74.51416122004358,533.8391583345035,3.0473362339867487,2.9060598443016765,3.2309951055023927,1.0,3.0,3.0,0.0
8,paper_full,0.08783075213432312,0.04372043162584305,0.1553664356470108,0.08234724402427673,0.043092772364616394,0.09969070553779602,1.5868418216705322,0.01566503196954727,0.6546775102615356,0.22394324839115143,0.6925559043884277,0.18541834103288474,1.0,1.0,0.8942860981088319,0.8942860981088319,0.6925552325051335,1.0,0.18541834103288474,801.6514161220043,752.115468409586,0.9395456458751098,504.90849673202615,165.3921568627451,81.81481481481481,533.8170068279591,3.015135373944551,2.8854197629916123,3.1838736092602766,1.0,3.0,3.0,0.0
9,paper_full,0.08531445264816284,0.04429560527205467,0.1439884454011917,0.08048048615455627,0.04343494772911072,0.09295215457677841,1.4337557554244995,0.015613377094268799,0.5004881620407104,0.2249508798122406,0.6927046179771423,0.1751874482790759,1.0,1.0,0.7410517633935205,0.7410517633935205,0.6927038811650411,1.0,0.1751874482790759,801.6732026143791,753.5969498910675,0.940817331694928,503.8736383442266,168.5119825708061,81.21132897603486,534.3776477157161,3.0186527445425395,2.8821889123106312,3.1977554754494064,1.0,3.0,3.0,0.0
10,paper_full,0.08537431806325912,0.043576840311288834,0.14095890522003174,0.07955062389373779,0.04293364658951759,0.09318462759256363,1.4309693574905396,0.01575602777302265,0.5084172487258911,0.21393053233623505,0.6928657293319702,0.17853412806403404,1.0,1.0,0.7381032567008649,0.7381032567008649,0.692865482862219,1.0,0.17853412806403404,796.8605664488017,750.2156862745098,0.942620616778237,502.2919389978214,165.91503267973857,82.00871459694989,530.5265211716197,3.004950453772784,2.873253496124334,3.1754970716754856,1.0,3.0,3.0,0.0
11,paper_full,0.08375231176614761,0.043226830661296844,0.13556145131587982,0.07700565457344055,0.042792871594429016,0.08598806709051132,1.1999156475067139,0.01570277102291584,0.29252561926841736,0.19886712729930878,0.6928205490112305,0.15618869336829205,1.0,1.0,0.5070954424558382,0.5070954424558382,0.6928197148059189,1.0,0.15618869336829205,795.7538126361655,755.0915032679738,0.9493506121433049,500.8344226579521,171.78213507625273,82.47494553376906,530.6416260962393,2.98508246324161,2.8605036060275078,3.1450138175149887,1.0,3.0,3.0,0.0
12,paper_full,0.08297517895698547,0.04379123076796532,0.1288028061389923,0.07572872936725616,0.042919572442770004,0.07904365658760071,1.2087910175323486,0.015710851177573204,0.3051861822605133,0.19497206807136536,0.6929225325584412,0.15966001041801667,1.0,1.0,0.5158688414330576,0.5158688414330576,0.6929222064859727,1.0,0.15966001041801667,804.8387799564271,765.3594771241831,0.9512313991551311,505.1459694989107,173.72549019607843,86.4880174291939,533.1024109418615,2.9597934081923207,2.8530615539592334,3.0922344728232987,1.0,3.0,3.0,0.0
13,paper_full,0.08210545778274536,0.042753156274557114,0.12343660742044449,0.07478465884923935,0.04199482128024101,0.08038788288831711,1.1702357530593872,0.015708405524492264,0.2780449688434601,0.1835865080356598,0.6928959488868713,0.16098800931361246,1.0,1.0,0.47733973917878014,0.47733973917878014,0.6928949470353801,1.0,0.16098800931361246,787.8278867102397,750.8649237472766,0.953348346243277,500.6296296296296,171.640522875817,78.59477124183006,516.8057501632923,2.9630779300639833,2.8463885347827587,3.1175439518781007,1.0,3.0,3.0,0.0
14,paper_full,0.08156067878007889,0.0437798947095871,0.1188555508852005,0.07367705553770065,0.04298557713627815,0.07883751392364502,1.0955783128738403,0.015337829478085041,0.20199796557426453,0.18533100187778473,0.6929122805595398,0.15242344021699786,1.0,1.0,0.40266665715667416,0.40266665715667416,0.6929116307520399,1.0,0.15242344021699786,815.4531590413943,776.7755991285403,0.9530095328845088,505.41394335511984,180.46187363834423,90.89978213507625,542.0461293471924,2.9578626992136305,2.8487771024890973,3.1016110272708803,1.0,3.0,3.0,0.0
15,paper_full,0.08082129061222076,0.04345455765724182,0.1143486425280571,0.07259751111268997,0.04237756505608559,0.07258372753858566,1.0525234937667847,0.015538163483142853,0.17523612082004547,0.16887511312961578,0.6928743720054626,0.14973589545825988,1.0,1.0,0.3596492833366581,0.3596492833366581,0.6928739195815359,1.0,0.14973589545825988,802.8932461873638,769.3681917211329,0.9587669286771392,506.520697167756,175.14161220043573,87.70588235294117,529.8518670109103,2.933993593540067,2.8386853198340254,3.058981788963534,1.0,3.0,3.0,0.0
16,paper_full,0.08018697798252106,0.043252695351839066,0.11558286100625992,0.07225114107131958,0.042357902973890305,0.0731428861618042,1.024611234664917,0.015375731512904167,0.14497379958629608,0.17138804495334625,0.6928730607032776,0.14614778841502785,1.0,1.0,0.3317372090546394,0.3317372090546394,0.6928729361698258,1.0,0.14614778841502785,803.4553376906318,768.4139433551198,0.9565543398892357,512.8474945533769,167.19389978213508,88.37254901960785,534.6485253294569,2.955510552412544,2.8382264102985655,3.1087326136030144,1.0,3.0,3.0,0.0
17,paper_full,0.07975104451179504,0.04319560155272484,0.10886358469724655,0.07151908427476883,0.041954200714826584,0.07066601514816284,1.0072299242019653,0.015424967743456364,0.13852332532405853,0.1602078527212143,0.6930748224258423,0.14797148434749616,1.0,1.0,0.3141558049875667,0.3141558049875667,0.6930743174095819,1.0,0.14797148434749616,802.1960784313726,770.0239651416122,0.9606074941497788,505.0239651416122,178.70806100217865,86.29193899782135,527.0410441479652,2.928541098285085,2.833828553654789,3.049968692472038,1.0,3.0,3.0,0.0
18,paper_full,0.0790918841958046,0.04321364685893059,0.10747089236974716,0.07029863446950912,0.042184017598629,0.07010715454816818,1.0327705144882202,0.015363041311502457,0.1660703867673874,0.1582152098417282,0.6931211352348328,0.1541968519213023,1.0,1.0,0.33964863708465964,0.33964863708465964,0.6931208342248838,1.0,0.1541968519213023,796.8801742919389,763.7450980392157,0.9593568200686992,512.6535947712418,174.14814814814815,76.94335511982571,528.6815694505613,2.942375029354054,2.837308099327004,3.077828243147574,1.0,3.0,3.0,0.0
19,paper_full,0.07855183631181717,0.042953576892614365,0.10270082205533981,0.06940587610006332,0.041466064751148224,0.06324956566095352,0.9972933530807495,0.015288794413208961,0.13042443990707397,0.15854045748710632,0.6930403113365173,0.15268858167503135,1.0,1.0,0.30425348209140085,0.30425348209140085,0.6930397493127645,1.0,0.15268858167503135,797.0566448801743,766.3725490196078,0.9620264975882973,507.34640522875816,178.57298474945534,80.45315904139433,525.928119135838,2.9268615884718554,2.8285824140951785,3.0584778074085843,1.0,3.0,3.0,0.0
20,paper_full,0.07819022983312607,0.04317246004939079,0.10295853018760681,0.06946564465761185,0.04206924885511398,0.06463537365198135,0.9792254567146301,0.015416200272738934,0.11243698000907898,0.1583353579044342,0.6930362582206726,0.14941830226181638,1.0,1.0,0.28618843522336745,0.28618843522336745,0.6930363588603233,1.0,0.14941830226181638,810.4291938997821,778.165577342048,0.9612027551522898,506.77777777777777,176.6230936819172,94.76470588235294,536.0003769818475,2.9279917813594043,2.8330291771940677,3.0542554689128933,1.0,3.0,3.0,0.0
21,paper_full,0.07780127227306366,0.043015122413635254,0.09128199517726898,0.06818191707134247,0.04141990467905998,0.0563565231859684,1.01567804813385,0.015485120937228203,0.15605148673057556,0.15088078379631042,0.6932623386383057,0.16254505466401967,1.0,1.0,0.3224171182234043,0.3224171182234043,0.6932611053805465,1.0,0.16254505466401967,799.6230936819172,771.4575163398692,0.9653115869712666,505.9106753812636,178.7995642701525,86.74727668845316,524.5512121528842,2.902961362161408,2.8149749822346473,3.018596629950995,1.0,3.0,3.0,0.0
22,paper_full,0.07791108638048172,0.042335059493780136,0.10174884647130966,0.06801537424325943,0.040703218430280685,0.06304562836885452,0.980223536491394,0.015192059800028801,0.11822324246168137,0.1537168323993683,0.693091630935669,0.152991610203823,1.0,1.0,0.2871318034551762,0.2871318034551762,0.6930913357693126,1.0,0.152991610203823,796.2854030501089,768.0871459694989,0.9651002408299739,504.25925925925924,176.43355119825708,87.39433551198258,524.0247050100422,2.9175097272287007,2.8216117867197608,3.047825231531347,1.0,3.0,3.0,0.0
23,paper_full,0.0771484375,0.04302854835987091,0.09053047746419907,0.06695695221424103,0.04108847677707672,0.05708650127053261,0.9795941710472107,0.015280167572200298,0.1267390102148056,0.1444593369960785,0.6931159496307373,0.1582796892764002,1.0,1.0,0.28647822450059174,0.28647822450059174,0.69311569043494,1.0,0.1582796892764002,803.7472766884532,774.7450980392157,0.9649417681210032,504.6710239651416,180.23529411764707,89.83877995642702,529.6946415122038,2.905876182003478,2.8200566399850615,3.0186005313931465,1.0,3.0,3.0,0.0
24,paper_full,0.07747672498226166,0.042332276701927185,0.08997280895709991,0.06750766187906265,0.040618449449539185,0.05052754282951355,0.9767488837242126,0.015513584949076176,0.12144579738378525,0.1465739756822586,0.6932150721549988,0.15884238659264216,1.0,1.0,0.28353351400049165,0.28353351400049165,0.6932150608573864,1.0,0.15884238659264216,794.1830065359477,768.8627450980392,0.9688804901670711,508.6862745098039,179.06971677559912,81.10675381263617,522.5907922549445,2.8941098365908355,2.8135993491070983,2.9997418466996004,1.0,3.0,3.0,0.0
25,paper_full,0.07674869894981384,0.04281722381711006,0.0859975665807724,0.06675738841295242,0.0411069318652153,0.05605370178818703,0.9750073552131653,0.015383591875433922,0.12351120263338089,0.1429324448108673,0.6931793689727783,0.16145948796230725,1.0,1.0,0.2818270655174401,0.2818270655174401,0.6931793261197657,1.0,0.16145948796230725,799.0697167755991,773.4640522875817,0.9682392057775545,511.6514161220044,174.01089324618735,87.80174291938998,525.4422808877783,2.8929489219889923,2.8138872034409466,2.999491994417311,1.0,3.0,3.0,0.0
26,paper_full,0.07636607438325882,0.04216994717717171,0.09458968043327332,0.06622505187988281,0.040281157940626144,0.06490787118673325,1.0012584924697876,0.014944470487535,0.1470785290002823,0.14613650739192963,0.6930990219116211,0.1632682670451587,1.0,1.0,0.3081593527123819,0.3081593527123819,0.6930984746916362,1.0,0.1632682670451587,788.4444444444445,761.7429193899782,0.9660219393989677,508.52941176470586,173.1437908496732,80.06971677559913,518.9252132507191,2.907278914856755,2.811279937852182,3.037460555697838,1.0,3.0,3.0,0.0
27,paper_full,0.0759124755859375,0.04270569235086441,0.08671248704195023,0.0656813383102417,0.04093176871538162,0.05641438066959381,0.9540914297103882,0.015285054221749306,0.10349435359239578,0.14212368428707123,0.6931888461112976,0.16054577981821852,1.0,1.0,0.2609030047273324,0.2609030047273324,0.6931883581063846,1.0,0.16054577981821852,802.2941176470588,776.5228758169935,0.9684989580685435,509.31590413943354,179.86056644880173,87.34640522875817,531.428481689985,2.904734913819756,2.8126850512552366,3.025608911493505,1.0,3.0,3.0,0.0
28,paper_full,0.07582294195890427,0.04219657555222511,0.09153379499912262,0.06562699377536774,0.04043101519346237,0.05780434608459473,0.9548546671867371,0.01516206469386816,0.10857865959405899,0.13804885745048523,0.6930657029151917,0.15757471521046168,1.0,1.0,0.2617893775434016,0.2617893775434016,0.6930647958597587,1.0,0.15757471521046168,802.8605664488017,776.0806100217865,0.967006660585805,503.8496732026144,180.74727668845316,91.48366013071896,529.8554969405296,2.907262529942465,2.817085819826147,3.0284347528985385,1.0,3.0,3.0,0.0
29,paper_full,0.07514222711324692,0.04214050993323326,0.0837404727935791,0.06468278169631958,0.03999822959303856,0.050815124064683914,0.9471065402030945,0.01510656252503395,0.09897689521312714,0.139836847782135,0.6931854486465454,0.16184484351564338,1.0,1.0,0.2539201637563622,0.2539201637563622,0.6931853790428644,1.0,0.16184484351564338,791.2832244008714,767.3921568627451,0.9705169412440836,501.54901960784315,184.08932461873638,81.75381263616558,520.8816409973277,2.885414582711679,2.8042760336840593,2.993989184011821,1.0,3.0,3.0,0.0
30,paper_full,0.07547920197248459,0.042359884828329086,0.08598826825618744,0.06483106315135956,0.0402238704264164,0.05361000820994377,0.9618260264396667,0.015164115466177464,0.11777947098016739,0.1357942819595337,0.6930886507034302,0.16183415435920095,1.0,1.0,0.2687377117103481,0.2687377117103481,0.6930884368279401,1.0,0.16183415435920095,796.562091503268,772.4901960784314,0.9703656859985909,502.06535947712416,182.59694989106754,87.82788671023965,520.7846913722086,2.8865805596827423,2.809515323514253,2.9887483660172274,1.0,3.0,3.0,0.0
31,paper_full,0.07468099892139435,0.042354729026556015,0.08508698642253876,0.06449270248413086,0.04020434990525246,0.05393381044268608,0.9568706154823303,0.014853096567094326,0.11305109411478043,0.13585254549980164,0.6931138634681702,0.16342468747223904,1.0,1.0,0.26375670347987695,0.26375670347987695,0.6931139604718077,1.0,0.16342468747223904,800.0174291938998,775.8191721132897,0.970049138354453,510.57516339869284,180.27233115468408,84.97167755991285,525.3231809528825,2.889880935091339,2.8077813550537707,3.0009733399534535,1.0,3.0,3.0,0.0
32,paper_full,0.07413505762815475,0.04246046021580696,0.07653524726629257,0.0634441152215004,0.040142592042684555,0.0491228811442852,0.958718478679657,0.01482671219855547,0.11930307745933533,0.13135536015033722,0.6932324767112732,0.17183701129131068,1.0,1.0,0.26548490668433944,0.26548490668433944,0.6932329444583984,1.0,0.17183701129131068,808.4901960784314,785.6056644880174,0.9726795618061075,510.6710239651416,181.44444444444446,93.49019607843137,529.8155554478465,2.8751001513861363,2.803439372505238,2.9713023363375197,1.0,3.0,3.0,0.0
33,paper_full,0.07378628849983215,0.04158547520637512,0.0723438709974289,0.06251178681850433,0.039210591465234756,0.044604044407606125,0.9424329996109009,0.014816283248364925,0.10475694388151169,0.12975095212459564,0.6931094527244568,0.17034532368377922,1.0,1.0,0.24932389529442217,0.24932389529442217,0.6931083677640928,1.0,0.17034532368377922,795.5163398692811,774.2505446623094,0.9734087411849466,507.2287581699346,179.30283224400873,87.71895424836602,521.777065767442,2.8780750288163395,2.8006658798209463,2.9848591221703424,1.0,3.0,3.0,0.0
34,paper_full,0.07453329116106033,0.042209696024656296,0.08160638809204102,0.06373276561498642,0.03974924609065056,0.05396471172571182,0.9562962651252747,0.014898055233061314,0.11487695574760437,0.13336068391799927,0.6931609511375427,0.16684935967517056,1.0,1.0,0.2631356342653044,0.2631356342653044,0.6931603805431873,1.0,0.16684935967517056,800.4226579520697,777.5098039215686,0.9715788434428937,509.98692810457516,175.6884531590414,91.83442265795208,527.6852000782952,2.892695516802387,2.8091691298682187,3.005005735717308,1.0,3.0,3.0,0.0
35,paper_full,0.07390299439430237,0.04200735315680504,0.07376304268836975,0.06266555935144424,0.0394500233232975,0.044265586882829666,0.9512872099876404,0.015000563114881516,0.1161448061466217,0.12686604261398315,0.6932765245437622,0.17209843899202504,1.0,1.0,0.2580112153928005,0.2580112153928005,0.6932756308636634,1.0,0.17209843899202504,800.9411764705883,780.0762527233115,0.9743633066063618,512.5511982570806,179.67102396514161,87.85403050108933,524.2846910397731,2.8675105628884174,2.8021049665729465,2.9585874428676364,1.0,3.0,3.0,0.0
36,paper_full,0.07310056686401367,0.04150444269180298,0.07239821553230286,0.06257861852645874,0.0388692244887352,0.04597801715135574,0.9423117637634277,0.014705388806760311,0.10767445713281631,0.12671193480491638,0.6932195425033569,0.17371301601330438,1.0,1.0,0.24909179646335136,0.24909179646335136,0.6932197617030091,1.0,0.17371301601330438,792.9346405228758,772.0457516339869,0.974142089251942,506.8867102396514,177.4488017429194,87.71023965141612,520.714248923175,2.8714633206136866,2.7968825852429426,2.969359350620012,1.0,3.0,3.0,0.0
37,paper_full,0.07349984347820282,0.04188281670212746,0.07643915712833405,0.06212126836180687,0.038983095437288284,0.043050408363342285,0.9524988532066345,0.014814586378633976,0.11747309565544128,0.12699073553085327,0.693220317363739,0.16974993319552967,1.0,1.0,0.2592782873928157,0.2592782873928157,0.6932195402957775,1.0,0.16974993319552967,794.7973856209151,774.4531590413943,0.9749192915680118,511.5925925925926,180.9847494553377,81.87581699346406,519.887087287986,2.866414929267368,2.797240249471727,2.9569088815344187,1.0,3.0,3.0,0.0
38,paper_full,0.07326870411634445,0.04182866960763931,0.0691973939538002,0.06200101971626282,0.03901733085513115,0.03995465114712715,0.9401092529296875,0.014700241386890411,0.10808928310871124,0.12399471551179886,0.6933243274688721,0.17237569458279475,1.0,1.0,0.24678392877116442,0.24678392877116442,0.6933239410126132,1.0,0.17237569458279475,799.6318082788671,779.8649237472766,0.9759430310240821,512.2745098039215,182.6230936819172,84.9673202614379,525.8064779310704,2.869381451139263,2.7967007518593783,2.9703842653428287,1.0,3.0,3.0,0.0
39,paper_full,0.07274095714092255,0.04179631546139717,0.06785380840301514,0.060929205268621445,0.0388864167034626,0.04149871692061424,0.9372890591621399,0.014683282002806664,0.1067187562584877,0.12256453931331635,0.6933231353759766,0.17502845854605983,1.0,1.0,0.2439664881798177,0.2439664881798177,0.6933222711735562,1.0,0.17502845854605983,799.3464052287582,779.7363834422658,0.9756684182805558,507.0675381263617,187.9847494553377,84.68409586056644,525.383456959444,2.8602600939133587,2.7919597059553225,2.950929844820941,1.0,3.0,3.0,0.0
40,paper_full,0.07256864756345749,0.04154022037982941,0.07316854596138,0.060737475752830505,0.03867213428020477,0.04208913445472717,0.9424745440483093,0.014642847701907158,0.10887128859758377,0.1256331503391266,0.6933271884918213,0.17367425770346634,1.0,1.0,0.24914706418846688,0.24914706418846688,0.693326866704654,1.0,0.17367425770346634,793.4684095860566,773.7145969498911,0.9756973242915058,509.01960784313724,183.7450980392157,80.94989106753813,517.8616697357111,2.8633696134313777,2.795075383840823,2.9553283839963362,1.0,3.0,3.0,0.0
41,paper_full,0.07277996093034744,0.041214507073163986,0.06636947393417358,0.060679830610752106,0.03828739747405052,0.039045948535203934,0.928724467754364,0.014655503444373608,0.10100715607404709,0.1213173121213913,0.6917437314987183,0.17449945130249514,1.0,1.0,0.23697993441734438,0.23697993441734438,0.6917436390400972,1.0,0.17449945130249514,793.760348583878,775.2941176470588,0.9770675580174784,503.400871459695,182.5185185185185,89.37472766884531,520.118387259689,2.8652185734061115,2.7915714768802418,2.9685927574930626,1.0,3.0,3.0,0.0
42,paper_full,0.07204519212245941,0.040984511375427246,0.0723862573504448,0.06037869676947594,0.03800387308001518,0.04125726595520973,0.9296960830688477,0.014294511638581753,0.1046343743801117,0.11751606315374374,0.6932508945465088,0.17372610329088303,1.0,1.0,0.23644487056597127,0.23644487056597127,0.693249982037056,1.0,0.17372610329088303,796.6535947712418,776.8997821350763,0.9758119178756184,504.7864923747277,179.80174291938997,92.3115468409586,524.6830215287883,2.8603080768211213,2.791506954267913,2.9549894743235803,1.0,3.0,3.0,0.0
43,paper_full,0.07179705798625946,0.0415494441986084,0.06811162084341049,0.060182951390743256,0.03872189298272133,0.04182133823633194,0.9636515378952026,0.014621212147176266,0.13876882195472717,0.11681719869375229,0.6934436559677124,0.182331287799188,1.0,1.0,0.27020710813843346,0.27020710813843346,0.6934432396442023,1.0,0.182331287799188,807.2854030501089,788.4161220043572,0.9767830838503512,508.318082788671,188.5359477124183,91.56209150326798,529.7999421828193,2.8546076475405227,2.7924660457245407,2.937599170701436,1.0,3.0,3.0,0.0
44,paper_full,0.07148457318544388,0.0416763573884964,0.07298227399587631,0.05988669395446777,0.03847911208868027,0.041584961116313934,0.9584877490997314,0.014506159350275993,0.13196276128292084,0.11863481998443604,0.693384051322937,0.17814484726402235,1.0,1.0,0.26510370157512964,0.26510370157512964,0.6933833669733118,1.0,0.17814484726402235,801.0087145969499,781.8649237472766,0.9766743182654805,511.318082788671,184.89978213507626,85.6470588235294,525.0061864915237,2.8629727358392123,2.792543335937467,2.9621381738866335,1.0,3.0,3.0,0.0
45,paper_full,0.07144929468631744,0.04121828079223633,0.06479234248399734,0.059890974313020706,0.03816285729408264,0.042587071657180786,0.9289613962173462,0.01448879949748516,0.10305791348218918,0.11807223409414291,0.6933433413505554,0.18004668633857324,1.0,1.0,0.23561886819749098,0.23561886819749098,0.6933427427069554,1.0,0.18004668633857324,797.9041394335512,779.0,0.9766356448253309,511.4052287581699,182.28976034858388,85.30501089324619,522.89580201791,2.8595410177650535,2.79242998010972,2.954571708874505,1.0,3.0,3.0,0.0
46,paper_full,0.07092651724815369,0.04103410243988037,0.061772603541612625,0.05960218980908394,0.038076866418123245,0.03670836240053177,0.9434954524040222,0.014597035944461823,0.12143579125404358,0.11552619189023972,0.6919361352920532,0.1850359359987421,1.0,1.0,0.251558954874155,0.251558954874155,0.691935628198071,1.0,0.1850359359987421,794.8736383442266,778.1699346405229,0.9791331391060937,506.7864923747277,185.84967320261438,85.53376906318083,518.1281906493608,2.845620455565276,2.788131912809052,2.9237450135299583,1.0,3.0,3.0,0.0
47,paper_full,0.07085879892110825,0.04070400074124336,0.06120685860514641,0.05867211893200874,0.03763355314731598,0.035484131425619125,0.9396628141403198,0.014077872969210148,0.11886916309595108,0.1134747713804245,0.6932417154312134,0.18685758398736224,1.0,1.0,0.2464217256616663,0.2464217256616663,0.6932411915855989,1.0,0.18685758398736224,793.8714596949891,777.0784313725491,0.9793565149913606,508.119825708061,179.8714596949891,89.0871459694989,520.6154824217421,2.8539365127455434,2.789048336170338,2.9445851389359285,1.0,3.0,3.0,0.0
48,paper_full,0.07085371017456055,0.04125908017158508,0.05953751131892204,0.05840640887618065,0.03781383857131004,0.03809239715337753,0.9561704397201538,0.014084079302847385,0.1378491073846817,0.111020527780056,0.6932174563407898,0.19347835253023243,1.0,1.0,0.26295351842519765,0.26295351842519765,0.6932172846690242,1.0,0.19347835253023243,805.4444444444445,788.6143790849674,0.979605809740804,509.17429193899784,184.14814814814815,95.29193899782135,528.9775018297249,2.842490259598543,2.7854369590485017,2.9210292960563775,1.0,3.0,3.0,0.0
49,paper_full,0.07029672712087631,0.041299428790807724,0.06502081453800201,0.05831728130578995,0.038007643073797226,0.03720051422715187,0.9392626285552979,0.014211027882993221,0.12237665802240372,0.10944361239671707,0.6932326555252075,0.18265609670438537,1.0,1.0,0.2460310909093595,0.2460310909093595,0.6932317641825457,1.0,0.18265609670438537,802.7320261437909,784.7363834422658,0.9781154152617995,508.8627450980392,186.19389978213508,89.6797385620915,524.204443838082,2.848555160244046,2.7861476780802077,2.9370768101386773,1.0,3.0,3.0,0.0
50,paper_full,0.07047832012176514,0.04117923974990845,0.058714888989925385,0.058178145438432693,0.037919215857982635,0.030243607237935066,0.9278315305709839,0.014343622140586376,0.10790535062551498,0.11216200143098831,0.6934207081794739,0.18590831532587412,1.0,1.0,0.23441085277819165,0.23441085277819165,0.6934201500514494,1.0,0.18590831532587412,803.3267973856209,788.7145969498911,0.9819459527440754,510.1503267973856,184.90631808278866,93.65795206971677,524.9597083530135,2.8423643408257977,2.7873747956519033,2.921100453353915,1.0,3.0,3.0,0.0
51,paper_full,0.07025924324989319,0.04066786915063858,0.062138061970472336,0.057746175676584244,0.037162479013204575,0.03902394324541092,0.9430254697799683,0.014202019199728966,0.12613292038440704,0.10917319357395172,0.69351726770401,0.19054564041509608,1.0,1.0,0.24950784948007212,0.24950784948007212,0.6935170747355958,1.0,0.19054564041509608,793.1437908496732,777.1089324618737,0.980226840872292,510.08496732026146,179.73202614379085,87.29193899782135,516.584618728405,2.836991851885594,2.7809072880963095,2.914747002337753,1.0,3.0,3.0,0.0
52,paper_full,0.06975893676280975,0.0408155657351017,0.058093518018722534,0.0577201172709465,0.03742049261927605,0.03581416979432106,0.9172179698944092,0.014109489507973194,0.10204806923866272,0.10774526745080948,0.6933156251907349,0.18586194629665292,1.0,1.0,0.2239026809212689,0.2239026809212689,0.6933152699003032,1.0,0.18586194629665292,796.9607843137255,780.3986928104575,0.9793421971784,507.7450980392157,182.44444444444446,90.20915032679738,518.9749594960597,2.852313318024014,2.789265074761085,2.939366213896176,1.0,3.0,3.0,0.0
53,paper_full,0.06961391121149063,0.04082551598548889,0.05990803614258766,0.05751340091228485,0.037229616194963455,0.03693622350692749,0.928092896938324,0.014043762348592281,0.11428341269493103,0.10641545057296753,0.6933499574661255,0.18794503678163932,1.0,1.0,0.23474250847477798,0.23474250847477798,0.6933494728375105,1.0,0.18794503678163932,796.5228758169935,780.6318082788671,0.9799874221332423,508.3834422657952,184.880174291939,87.3681917211329,518.8199126465908,2.840682440074181,2.7830614851450868,2.920615401403057,1.0,3.0,3.0,0.0
54,paper_full,0.0694257915019989,0.040299929678440094,0.05417275428771973,0.05727755278348923,0.036738160997629166,0.032989680767059326,0.9498431086540222,0.01412272546440363,0.13198809325695038,0.11032097041606903,0.6934114694595337,0.19684873561908478,1.0,1.0,0.2564316354610821,0.2564316354610821,0.6934113353166186,1.0,0.19684873561908478,786.9564270152506,771.3180827886711,0.9802804503226579,507.35729847494554,178.3442265795207,85.61655773420479,512.9295708650078,2.8359861353124147,2.78189358835906,2.9093819386559114,1.0,3.0,3.0,0.0
55,paper_full,0.06951799243688583,0.04087046906352043,0.056926291435956955,0.057278312742710114,0.03737950325012207,0.03282856568694115,0.9692259430885315,0.014194060117006302,0.1532643884420395,0.10835891962051392,0.6934090852737427,0.19847238503704923,1.0,1.0,0.2758173802319695,0.2758173802319695,0.6934087833547904,1.0,0.19847238503704923,802.7930283224401,787.5533769063181,0.9814437194526769,517.8474945533769,186.0,83.70588235294117,523.2276828740936,2.8340065011791156,2.7784328341224356,2.9120741420321994,1.0,3.0,3.0,0.0
56,paper_full,0.06908377259969711,0.0407085083425045,0.05408550798892975,0.05684294551610947,0.03727742284536362,0.03256649896502495,0.9468317627906799,0.013874787837266922,0.13316930830478668,0.10636941343545914,0.6934184432029724,0.19793703741432536,1.0,1.0,0.2534135455074913,0.2534135455074913,0.6934177483348805,1.0,0.19793703741432536,805.1677559912854,789.2178649237472,0.9807182170168365,514.6862745098039,187.83660130718954,86.69498910675381,526.4912999637246,2.843989464712039,2.7829524551341738,2.9299189441863747,1.0,3.0,3.0,0.0
57,paper_full,0.0686752125620842,0.0407710038125515,0.05310562625527382,0.05607523396611214,0.03701105713844299,0.030831247568130493,0.9593585133552551,0.013869750313460827,0.14499615132808685,0.10709968954324722,0.6933915615081787,0.20184352670944333,1.0,1.0,0.2659654139920517,0.2659654139920517,0.6933920917168163,1.0,0.20184352670944333,805.3834422657952,790.5599128540305,0.9818899339031288,516.5076252723312,185.5185185185185,88.53376906318083,528.6198401690049,2.8281755629188354,2.778185411216387,2.8991373151475828,1.0,3.0,3.0,0.0
58,paper_full,0.06857316195964813,0.04073946177959442,0.05661190673708916,0.05588046833872795,0.037010058760643005,0.03197003901004791,0.9398937821388245,0.013797467574477196,0.12801671028137207,0.1047329381108284,0.6933462023735046,0.19559950237050816,1.0,1.0,0.24654694164500518,0.24654694164500518,0.6933459494108728,1.0,0.19559950237050816,800.7211328976035,786.4618736383442,0.9822488066658159,515.1830065359477,184.82135076252723,86.45751633986929,526.0628330006319,2.839364151549495,2.7789836101282654,2.927662578803002,1.0,3.0,3.0,0.0
59,paper_full,0.0679842010140419,0.040284305810928345,0.0530061312019825,0.05591101199388504,0.03667774423956871,0.029367942363023758,0.9421100616455078,0.013588554225862026,0.1303800493478775,0.10479667782783508,0.6933457851409912,0.19897906078849484,1.0,1.0,0.24876512491300476,0.24876512491300476,0.6933449702844641,1.0,0.19897906078849484,798.6339869281046,784.0283224400871,0.9820411105708464,512.2091503267974,183.38997821350762,88.42919389978213,522.9891210485388,2.832614554818679,2.778580934653355,2.9081087585108474,1.0,3.0,3.0,0.0
60,paper_full,0.06767422705888748,0.039870548993349075,0.04991874843835831,0.05520344525575638,0.03622061014175415,0.0321427658200264,0.9461838006973267,0.013669602572917938,0.13303513824939728,0.1060551106929779,0.69342440366745,0.2054259171364484,1.0,1.0,0.25275966366002245,0.25275966366002245,0.6934235986801014,1.0,0.2054259171364484,790.5795206971677,776.8126361655774,0.9826306895873713,512.8888888888889,183.55555555555554,80.3681917211329,515.9785907554211,2.8331336855628653,2.778162483036648,2.907895161435495,1.0,3.0,3.0,0.0
61,paper_full,0.06802389770746231,0.040361445397138596,0.0507659912109375,0.05533190071582794,0.036511022597551346,0.028027012944221497,0.935763418674469,0.014040437527000904,0.12557053565979004,0.10265598446130753,0.6934961676597595,0.19946619853669523,1.0,1.0,0.24226675312438561,0.24226675312438561,0.6934962007734511,1.0,0.19946619853669523,800.5337690631808,786.4204793028323,0.9828669851075688,516.1459694989106,182.26143790849673,88.01307189542484,522.7353081464248,2.832744302313312,2.779374087298358,2.908079528081391,1.0,3.0,3.0,0.0
62,paper_full,0.06725279241800308,0.0400267019867897,0.048411086201667786,0.05473006144165993,0.03636171296238899,0.029805049300193787,0.9405643939971924,0.013784049078822136,0.13044758141040802,0.10285893082618713,0.693474531173706,0.20509856906039783,1.0,1.0,0.24709049893100796,0.24709049893100796,0.6934738966894046,1.0,0.20509856906039783,797.1481481481482,782.8278867102397,0.9822108753711299,511.05010893246185,185.479302832244,86.29847494553377,520.6151193190764,2.8324635387246127,2.779851339481495,2.906271908018324,1.0,3.0,3.0,0.0
63,paper_full,0.06699448078870773,0.0402209646999836,0.050785135477781296,0.054539360105991364,0.036148812621831894,0.02690826915204525,0.9435330629348755,0.013657075352966785,0.13563503324985504,0.10077670216560364,0.6934657096862793,0.20603309529539288,1.0,1.0,0.2500687686641232,0.2500687686641232,0.6934644134475775,1.0,0.20603309529539288,800.4357298474946,786.7777777777778,0.983441786415354,511.88235294117646,185.71241830065358,89.18300653594771,525.1586940657339,2.83400984683068,2.7792024778644504,2.913702223555455,1.0,3.0,3.0,0.0
64,paper_full,0.06676912307739258,0.03960480913519859,0.04762568324804306,0.05440481752157211,0.03557830676436424,0.029589161276817322,0.9379053711891174,0.013435767963528633,0.13419678807258606,0.09689448773860931,0.6933780908584595,0.21057962924079698,1.0,1.0,0.2445269058537639,0.2445269058537639,0.6933775361067329,1.0,0.21057962924079698,791.5032679738562,778.1481481481482,0.9837785755303677,507.70152505446623,181.45751633986927,88.98910675381264,515.5719090546918,2.8257184579221772,2.7743695452322368,2.8976563259407326,1.0,3.0,3.0,0.0
65,paper_full,0.06676850467920303,0.03973079472780228,0.05020749568939209,0.05402594432234764,0.03547736629843712,0.027998819947242737,0.9344188570976257,0.013471626676619053,0.12632891535758972,0.10104867815971375,0.693570077419281,0.20941341309635728,1.0,1.0,0.24084906581959692,0.24084906581959692,0.693569436052526,1.0,0.20941341309635728,799.4575163398692,786.5315904139434,0.9844698182364631,515.1612200435729,182.90196078431373,88.46840958605665,523.8166436089409,2.823106687832502,2.7758072430271987,2.8876604202785785,1.0,3.0,3.0,0.0
66,paper_full,0.06682505458593369,0.03967215493321419,0.04646863788366318,0.053738903254270554,0.03554139286279678,0.026884377002716064,0.9184817671775818,0.013666345737874508,0.11500154435634613,0.0963364839553833,0.693477988243103,0.2053403263599135,1.0,1.0,0.22500426487790215,0.22500426487790215,0.6934772944138721,1.0,0.2053403263599135,796.9368191721132,784.5272331154684,0.98466602108354,511.74727668845316,185.63398692810458,87.14596949891067,519.6300070768867,2.822656677699037,2.7754799571691775,2.8914725048090117,1.0,3.0,3.0,0.0
67,paper_full,0.06615012139081955,0.03983577340841293,0.04847206920385361,0.05321083962917328,0.035494692623615265,0.024743737652897835,0.932884693145752,0.013439210131764412,0.13177302479743958,0.09573440998792648,0.6919392347335815,0.20863546047173034,1.0,1.0,0.24094646539303732,0.24094646539303732,0.6919382002878293,1.0,0.20863546047173034,799.3006535947712,786.718954248366,0.9845154201761808,513.5076252723312,183.46187363834423,89.74945533769063,520.385997830393,2.8218688206475284,2.773829280940536,2.8901413634971336,1.0,3.0,3.0,0.0
68,paper_full,0.06638973206281662,0.03961527347564697,0.04661216214299202,0.053461041301488876,0.0354444719851017,0.029334742575883865,0.9448304176330566,0.013302610255777836,0.14022746682167053,0.0978836938738823,0.6934168934822083,0.21054045036272806,1.0,1.0,0.2514137088083753,0.2514137088083753,0.6934162675685093,1.0,0.21054045036272806,800.7407407407408,787.115468409586,0.9835035181267116,507.47712418300654,186.36165577342047,93.27668845315904,524.3217288746554,2.827187006250186,2.7752982448129093,2.901764597508383,1.0,3.0,3.0,0.0
69,paper_full,0.06585925817489624,0.039392486214637756,0.040849197655916214,0.05282442644238472,0.03515100106596947,0.0225010197609663,0.9446399807929993,0.013293233700096607,0.14407040178775787,0.09388036280870438,0.6933960318565369,0.2209466992266687,1.0,1.0,0.25124400545698883,0.25124400545698883,0.6933953580253784,1.0,0.2209466992266687,796.8322440087146,785.80174291939,0.9864059704996991,511.42483660130716,187.87581699346404,86.50108932461873,520.5032820026339,2.821295461363782,2.774074620930458,2.891192722943873,1.0,3.0,3.0,0.0
70,paper_full,0.06593447178602219,0.03981825336813927,0.04535325989127159,0.053012680262327194,0.03546689823269844,0.02687702886760235,0.9402634501457214,0.013187993317842484,0.13821634650230408,0.09545955061912537,0.6933997273445129,0.2137803484265711,1.0,1.0,0.2468636731956,0.2468636731956,0.6933998600589943,1.0,0.2137803484265711,803.8453159041394,791.8714596949891,0.9853312252363984,510.83006535947715,191.82788671023965,89.21350762527233,528.51998487485,2.820651518233721,2.7717329105260844,2.891990443979733,1.0,3.0,3.0,0.0
71,paper_full,0.06544707715511322,0.0399213470518589,0.04515991732478142,0.052633367478847504,0.0354192778468132,0.02500811778008938,0.9787683486938477,0.013206006027758121,0.17821647226810455,0.09387916326522827,0.6934663653373718,0.23162815378155063,1.0,1.0,0.28530157953176105,0.28530157953176105,0.6934657394236728,1.0,0.23162815378155063,814.0174291938998,802.2047930283225,0.9857934119787026,515.6949891067538,190.34640522875816,96.16339869281046,533.9495426086559,2.8102687314185184,2.770785183168964,2.8640080989056425,1.0,3.0,3.0,0.0
72,paper_full,0.06513069570064545,0.03903576359152794,0.048231884837150574,0.05209548771381378,0.034830037504434586,0.027607304975390434,0.9440196752548218,0.013179934583604336,0.14366726577281952,0.09514086693525314,0.6920310258865356,0.2131408873888662,1.0,1.0,0.2519879238537973,0.2519879238537973,0.6920309688790431,1.0,0.2131408873888662,792.677559912854,780.3834422657952,0.9847827743752857,510.1873638344227,185.7516339869281,84.44444444444444,517.7425703991992,2.8216226859290097,2.7758314490058584,2.8846137830115093,1.0,3.0,3.0,0.0
73,paper_full,0.06471964716911316,0.0395476259291172,0.04494810476899147,0.05165215954184532,0.03532552346587181,0.023893123492598534,0.9401604533195496,0.013149104081094265,0.14061075448989868,0.09295167028903961,0.6934495568275452,0.21648045010004427,1.0,1.0,0.24671140214132067,0.24671140214132067,0.693449076614089,1.0,0.21648045010004427,806.0130718954248,793.6078431372549,0.9849685453941543,508.1023965141612,189.67538126361657,95.83006535947712,527.1888304733243,2.815905565789582,2.7713379278162207,2.8779646493251025,1.0,3.0,3.0,0.0
74,paper_full,0.0649467334151268,0.03939785435795784,0.04153930023312569,0.05189467594027519,0.03504704684019089,0.02615327201783657,0.9402973055839539,0.013091938570141792,0.1388598084449768,0.0949222519993782,0.6934244632720947,0.21746309971627586,1.0,1.0,0.2468738228017728,0.2468738228017728,0.693423101065725,1.0,0.21746309971627586,802.8191721132897,791.0239651416122,0.9855005506547609,516.7516339869281,184.56427015250546,89.70806100217865,527.2959474384915,2.8171755452041793,2.7708357471266605,2.8822704026382215,1.0,3.0,3.0,0.0
75,paper_full,0.06417147070169449,0.03862626105546951,0.04327524080872536,0.051521964371204376,0.034540943801403046,0.0243469700217247,0.953112006187439,0.012905921787023544,0.15543220937252045,0.09133008867502213,0.6934434771537781,0.22694323725657525,1.0,1.0,0.2596680046036872,0.2596680046036872,0.6934432456176525,1.0,0.22694323725657525,790.4814814814815,778.7755991285403,0.9857096010633998,508.0631808278867,185.03703703703704,85.67538126361656,518.9967463208699,2.8212880948010612,2.7707432505871474,2.8963690988378588,1.0,3.0,3.0,0.0
76,paper_full,0.06393557041883469,0.03856600075960159,0.034588638693094254,0.0506797730922699,0.033988021314144135,0.018406758084893227,0.9436485171318054,0.0128532275557518,0.14856305718421936,0.08880878984928131,0.6934235692024231,0.22981901161681073,1.0,1.0,0.25022496958313944,0.25022496958313944,0.6934227542160383,1.0,0.22981901161681073,791.1830065359477,781.7625272331155,0.9884354366166643,510.71677559912854,185.17864923747277,85.86710239651416,513.7799694584866,2.8079152185153338,2.769417694710958,2.862958200097344,1.0,3.0,3.0,0.0
77,paper_full,0.06484410911798477,0.03984616696834564,0.03986600041389465,0.051382679492235184,0.03538625314831734,0.024804260581731796,0.9454177021980286,0.013027479872107506,0.14863143861293793,0.09030933678150177,0.6934503316879272,0.22243876086470868,1.0,1.0,0.25196799515768853,0.25196799515768853,0.6934496608434939,1.0,0.22243876086470868,817.917211328976,806.4291938997821,0.986156702029226,517.3028322440088,193.54901960784315,95.57734204793029,535.5272480085785,2.8129654356597036,2.7699564723926953,2.8758026660137967,1.0,3.0,3.0,0.0
78,paper_full,0.06392931193113327,0.03872990235686302,0.038864150643348694,0.051006607711315155,0.03432464972138405,0.02345428615808487,0.9524399042129517,0.012753909453749657,0.15394791960716248,0.09217891842126846,0.6935588717460632,0.22829360795696316,1.0,1.0,0.2588806221492929,0.2588806221492929,0.6935585970972099,1.0,0.22829360795696316,789.60348583878,778.2483660130719,0.9860644509987105,507.0958605664488,187.7755991285403,83.37690631808279,513.8395195589086,2.818117917233303,2.771701064764285,2.887722895296051,1.0,3.0,3.0,0.0
79,paper_full,0.06410503387451172,0.038896456360816956,0.03688164800405502,0.051055699586868286,0.03457728400826454,0.021747862920165062,0.9406772255897522,0.012833389453589916,0.145973801612854,0.08837670087814331,0.6934935450553894,0.22569539001077607,1.0,1.0,0.24718361820270812,0.24718361820270812,0.693492526452266,1.0,0.22569539001077607,795.9891067538126,785.2941176470588,0.9867227467344579,511.5838779956427,183.68627450980392,90.0239651416122,516.7131574377255,2.8102878994411893,2.7703603934618384,2.865486491479645,1.0,3.0,3.0,0.0
