epoch,mode,student_box_loss,student_obj_loss,student_cls_loss,teacher_box_loss,teacher_obj_loss,teacher_cls_loss,kd_total_loss,lld_loss,fld_loss,rld_loss,ccl_loss,kd_to_student_det_ratio,atkd_weight,ccl_weight,atkd_loss,weighted_atkd_loss,weighted_ccl_loss,kd_scale,weighted_kd_to_student_det_ratio,cop_valid_candidates,cop_positive_candidates,cop_positive_ratio,cop_class0_count,cop_class1_count,cop_class2_count,neg_candidates_mean,temperature_mean,temperature_min,temperature_max,feature_capture_ok,student_feature_levels,teacher_feature_levels,nan_or_inf_detected
0,paper_atkd_only,0.10989271849393845,0.03898311033844948,0.266591876745224,0.10701867192983627,0.03832000121474266,0.1858040690422058,2.0398614406585693,0.032504480332136154,1.7026846408843994,0.30467134714126587,0.0,0.20434898674114726,1.0,0.0,2.0398602622007234,2.0398602622007234,0.0,0.0,0.0,799.8257080610022,691.2788671023965,0.867880634240961,493.1830065359477,145.67755991285404,52.41830065359477,545.0345078678173,3.4395616366193185,3.278744778082521,3.665949294769686,1.0,3.0,3.0,0.0
1,paper_atkd_only,0.09475963562726974,0.039897479116916656,0.151130810379982,0.08801858872175217,0.039237525314092636,0.0837579146027565,2.22346830368042,0.02076226845383644,1.8861533403396606,0.31655117869377136,0.0,0.261208849599938,1.0,0.0,2.2234665444993245,2.2234665444993245,0.0,0.33333333333333326,0.08706961896002682,792.8082788671024,755.0196078431372,0.9533238179732598,506.75816993464053,173.2941176470588,74.9673202614379,526.2825130554066,2.9495444204293046,2.843004359658767,3.0844439426538472,1.0,3.0,3.0,0.0
2,paper_atkd_only,0.09068571776151657,0.042878247797489166,0.17710819840431213,0.08620411902666092,0.04262589290738106,0.11457846313714981,1.3311302661895752,0.018139364197850227,1.0359246730804443,0.2770656645298004,0.0,0.1428729770644233,1.0,0.0,1.3311289452779267,1.3311289452779267,0.0,0.6666666666666665,0.09524865422909166,800.3246187363834,746.2113289760349,0.933200107897396,502.7429193899782,166.958605664488,76.50980392156863,533.7073492577912,3.033258720161089,2.9081325806304,3.1943103971045,1.0,3.0,3.0,0.0
3,paper_atkd_only,0.09350935369729996,0.0445474348962307,0.21760565042495728,0.09557433426380157,0.04407217353582382,0.1607283502817154,1.0679367780685425,0.01689511351287365,0.7234740257263184,0.327568382024765,0.0,0.09883264134067855,1.0,0.0,1.0679362812982405,1.0679362812982405,0.0,1.0,0.09883264134067855,799.4814814814815,711.7450980392157,0.8922993425429351,487.6928104575163,160.33333333333334,63.71895424836601,546.0733623296867,3.201991843242271,3.02193399192461,3.4256038743686053,1.0,3.0,3.0,0.0
4,paper_atkd_only,0.09161075204610825,0.04436926171183586,0.20373672246932983,0.09485235065221786,0.043113864958286285,0.1606932431459427,1.2062675952911377,0.01599126309156418,0.8825434446334839,0.30773434042930603,0.0,0.11777747770637469,1.0,0.0,1.2062682262692836,1.2062682262692836,0.0,1.0,0.11777747770637469,804.4270152505446,722.8496732026143,0.8994549745886287,490.0,161.9847494553377,70.86492374727669,545.8035719129774,3.168959332447426,2.992270834305707,3.3974616361339627,1.0,3.0,3.0,0.0
5,paper_atkd_only,0.0900169163942337,0.04456351324915886,0.1801127791404724,0.08954930305480957,0.043065235018730164,0.12554892897605896,0.8864863514900208,0.01599186658859253,0.605238676071167,0.26525548100471497,0.0,0.09270610636372062,1.0,0.0,0.8864863814222007,0.8864863814222007,0.0,1.0,0.09270610636372062,801.1546840958606,735.3267973856209,0.9192958441993364,492.161220043573,163.89978213507626,79.26579520697167,542.1136676065283,3.0973778238483503,2.9425585114098842,3.3000218951364486,1.0,3.0,3.0,0.0
6,paper_atkd_only,0.0886017456650734,0.044880181550979614,0.16923660039901733,0.08659250289201736,0.04329712688922882,0.1103934645652771,0.7710761427879333,0.016916021704673767,0.5081164836883545,0.24604403972625732,0.0,0.084744113333085,1.0,0.0,0.7710762942019111,0.7710762942019111,0.0,1.0,0.084744113333085,806.718954248366,749.9193899782135,0.9302237030129539,499.16993464052285,171.27233115468408,79.47712418300654,537.8086551674571,3.0516186913633656,2.911619948925276,3.234018427094603,1.0,3.0,3.0,0.0
7,paper_atkd_only,0.08696847409009933,0.04416917264461517,0.1589280664920807,0.08423071354627609,0.043366238474845886,0.10862696915864944,0.53870689868927,0.015433348715305328,0.3027767539024353,0.2204970419406891,0.0,0.06330534487491989,1.0,0.0,0.5387066069641404,0.5387066069641404,0.0,1.0,0.06330534487491989,803.5228758169935,750.3769063180828,0.9343910286876712,508.5315904139434,166.35511982570807,75.49019607843137,534.9473646242894,3.038465720116443,2.9034505768279364,3.2128530296624875,1.0,3.0,3.0,0.0
8,paper_atkd_only,0.08660342544317245,0.04377551004290581,0.15049950778484344,0.08221395313739777,0.043183740228414536,0.09969770908355713,0.4831404983997345,0.015611435286700726,0.2521253228187561,0.21540360152721405,0.0,0.05782423468107816,1.0,0.0,0.4831402561828202,0.4831402561828202,0.0,1.0,0.05782423468107816,801.6514161220043,752.4945533769063,0.9400109663464551,505.29847494553377,165.40958605664488,81.78649237472767,533.3827303219465,3.0145550974054274,2.8811616835251352,3.1906532768590257,1.0,3.0,3.0,0.0
9,paper_atkd_only,0.08461999893188477,0.04407498240470886,0.14234328269958496,0.08014126121997833,0.04348312318325043,0.09305862337350845,0.4280419945716858,0.01564919389784336,0.20482991635799408,0.20756271481513977,0.0,0.05289236432821987,1.0,0.0,0.428041663889272,0.428041663889272,0.0,1.0,0.05289236432821987,801.6732026143791,754.0326797385621,0.9412547015095911,503.28322440087146,169.2156862745098,81.53376906318083,534.1645016472844,3.0149979290099966,2.8800514705300593,3.1897220850510277,1.0,3.0,3.0,0.0
10,paper_atkd_only,0.08422114700078964,0.043658871203660965,0.13495799899101257,0.07952084392309189,0.0427326075732708,0.09220650047063828,0.4179897606372833,0.015794789418578148,0.20849716663360596,0.1936980038881302,0.0,0.053541919208397536,1.0,0.0,0.41798986608166583,0.41798986608166583,0.0,1.0,0.053541919208397536,796.8605664488017,751.7429193899782,0.9442465300714928,502.76252723311546,166.2636165577342,82.71677559912854,530.3184597040314,3.0002760804037125,2.876334369052729,3.1609733348838125,1.0,3.0,3.0,0.0
11,paper_atkd_only,0.08259109407663345,0.043438639491796494,0.13069580495357513,0.07696613669395447,0.04263921082019806,0.08370456099510193,0.37922990322113037,0.015401238575577736,0.17980103194713593,0.18402741849422455,0.0,0.05064164785858982,1.0,0.0,0.37922946943177116,0.37922946943177116,0.0,1.0,0.05064164785858982,795.7538126361655,755.9825708061002,0.9505778239973486,501.00435729847493,171.86274509803923,83.11546840958606,530.8395209551377,2.9834915578754897,2.8619767778060017,3.1443982233409007,1.0,3.0,3.0,0.0
12,paper_atkd_only,0.08167844265699387,0.04379052668809891,0.12370049208402634,0.07543894648551941,0.04270036146044731,0.07775772362947464,0.3923853039741516,0.015622218139469624,0.19803737103939056,0.1787256896495819,0.0,0.05265573627966779,1.0,0.0,0.3923850536736008,0.3923850536736008,0.0,1.0,0.05265573627966779,804.8387799564271,766.5010893246188,0.952715545538258,505.31590413943354,174.119825708061,87.06535947712419,533.0472184058627,2.956226751435556,2.8536168801758546,3.085323162328184,1.0,3.0,3.0,0.0
13,paper_atkd_only,0.08120960742235184,0.04290107637643814,0.12275117635726929,0.07493866235017776,0.04186243936419487,0.08204208314418793,0.34621158242225647,0.015274564735591412,0.15466119349002838,0.1762760877609253,0.0,0.04767961895056799,1.0,0.0,0.34621153843298974,0.34621153843298974,0.0,1.0,0.04767961895056799,787.8278867102397,750.8714596949891,0.9534087878115348,501.1023965141612,171.47494553376907,78.29411764705883,516.2712549945109,2.9624246475743314,2.848156477111617,3.1113990464761105,1.0,3.0,3.0,0.0
14,paper_atkd_only,0.08074801415205002,0.04387330636382103,0.11758916825056076,0.07398446649312973,0.042970672249794006,0.07991944253444672,0.32742592692375183,0.01514413207769394,0.13576984405517578,0.17651203274726868,0.0,0.04574327716047922,1.0,0.0,0.3274257987542869,0.3274257987542869,0.0,1.0,0.04574327716047922,815.4531590413943,777.7799564270152,0.9540477887621158,505.5250544662309,181.32679738562092,90.9281045751634,541.152520938117,2.951658432260318,2.843040835104217,3.093585919710546,1.0,3.0,3.0,0.0
15,paper_atkd_only,0.08025311678647995,0.04354694485664368,0.11491575092077255,0.07253192365169525,0.04219869151711464,0.0711873322725296,0.3476792275905609,0.015952184796333313,0.16065028309822083,0.17107640206813812,0.0,0.049421678494037106,1.0,0.0,0.3476788867467889,0.3476788867467889,0.0,1.0,0.049421678494037106,802.8932461873638,769.5076252723312,0.9587593494833545,506.2657952069717,175.13725490196077,88.10457516339869,529.7658090030445,2.932158405744432,2.8334475851786163,3.0617134139948163,1.0,3.0,3.0,0.0
16,paper_atkd_only,0.07980375736951828,0.04315635934472084,0.10973924398422241,0.07271561026573181,0.04236077517271042,0.07342631369829178,0.3083740472793579,0.015544365160167217,0.12809866666793823,0.16473084688186646,0.0,0.04466669511634345,1.0,0.0,0.3083737751302636,0.3083737751302636,0.0,1.0,0.04466669511634345,803.4553376906318,768.4248366013072,0.9567210247844945,512.9498910675381,166.99346405228758,88.48148148148148,534.1950030025573,2.9532788256934004,2.838777649636362,3.103376954209571,1.0,3.0,3.0,0.0
17,paper_atkd_only,0.07917854934930801,0.04289828985929489,0.10654566437005997,0.07168104499578476,0.041790127754211426,0.07130357623100281,0.3317842185497284,0.01525731012225151,0.15525779128074646,0.1612691730260849,0.0,0.048730074235264514,1.0,0.0,0.331784061779124,0.331784061779124,0.0,1.0,0.048730074235264514,802.1960784313726,769.8409586056645,0.9604877190751921,504.66013071895424,178.57734204793027,86.60348583877996,526.9706027294816,2.933560988482307,2.8338079982333713,3.0655425696071714,1.0,3.0,3.0,0.0
