epoch,stage,lr_pg0,lr_pg1,lr_pg2,train_box_loss,train_cls_loss,train_dfl_loss,kd_loss,reach_match_loss,reach_rank_loss,bn_running_var_max,bn_running_var_mean,bn_running_var_p95,bn_running_mean_abs_max,bn_num_layers,bn_stats_mode,bn_stats_frozen_this_epoch,nan_or_inf_detected,grad_norm_total,grad_norm_backbone,grad_norm_neck,grad_norm_head,base_alpha_kd,effective_alpha_kd,kd_multiplier,kd_warmup_active,ladd_kd_decay_mode,ladd_kd_decay_start_epoch,ladd_kd_decay_end_epoch,ladd_kd_final_mult,ladd_kd_stop_after_epoch,ladd_b_det_only,ladd_a2_det_only,effective_alpha_s_rec,effective_alpha_sep,effective_lambda_residual_aux,effective_lambda_reach,effective_lambda_match_inner,effective_lambda_rank_inner
1,b,0.003,0.001,0.003,0.77448,0.3804,0.8045,1.54929,0.0,0.0,155.75,1.1527643203735352,5.660747528076172,20.984375,81,always_freeze,1,0,nan,nan,nan,nan,1.0,1.0,1.0,0,none,-1,-1,1.0,-1,0,0,0.1,0.05,0.25,1.0,1.0,1.0
2,b,0.0029992672421431115,0.0009997557473810372,0.0029992672421431115,0.79431,0.38742,0.80561,0.3734,0.0,0.0,155.75,1.1527643203735352,5.660747528076172,20.984375,81,always_freeze,1,0,nan,nan,nan,nan,1.0,1.0,1.0,0,none,-1,-1,1.0,-1,0,0,0.1,0.05,0.25,1.0,1.0,1.0
3,b,0.0029970696917159833,0.0009990232305719944,0.0029970696917159833,0.8004,0.38664,0.80378,0.30217,0.0,0.0,155.75,1.1527643203735352,5.660747528076172,20.984375,81,always_freeze,1,0,nan,nan,nan,nan,1.0,1.0,1.0,0,none,-1,-1,1.0,-1,0,0,0.1,0.05,0.25,1.0,1.0,1.0
4,b,0.002993409517435574,0.0009978031724785245,0.002993409517435574,0.80786,0.38931,0.80631,0.27581,0.0,0.0,155.75,1.1527643203735352,5.660747528076172,20.984375,81,always_freeze,1,0,nan,nan,nan,nan,1.0,1.0,1.0,0,none,-1,-1,1.0,-1,0,0,0.1,0.05,0.25,1.0,1.0,1.0
5,b,0.0029882903314519997,0.0009960967771506667,0.0029882903314519997,0.80298,0.38736,0.80633,0.26393,0.0,0.0,155.75,1.1527643203735352,5.660747528076172,20.984375,81,always_freeze,1,0,nan,nan,nan,nan,1.0,1.0,1.0,0,none,-1,-1,1.0,-1,0,0,0.1,0.05,0.25,1.0,1.0,1.0
6,b,0.0029817171857837795,0.000993905728594593,0.0029817171857837795,0.80593,0.38795,0.80597,0.25229,0.0,0.0,155.75,1.1527643203735352,5.660747528076172,20.984375,81,always_freeze,1,0,nan,nan,nan,nan,1.0,1.0,1.0,0,none,-1,-1,1.0,-1,0,0,0.1,0.05,0.25,1.0,1.0,1.0
7,b,0.002973696567332103,0.000991232189110701,0.002973696567332103,0.80967,0.38866,0.80576,0.22949,0.0,0.0,155.75,1.1527643203735352,5.660747528076172,20.984375,81,always_freeze,1,0,nan,nan,nan,nan,1.0,1.0,1.0,0,none,-1,-1,1.0,-1,0,0,0.1,0.05,0.25,1.0,1.0,1.0
8,b,0.00296423639147904,0.00098807879715968,0.00296423639147904,0.79947,0.38572,0.80497,0.23172,0.0,0.0,155.75,1.1527643203735352,5.660747528076172,20.984375,81,always_freeze,1,0,nan,nan,nan,nan,1.0,1.0,1.0,0,none,-1,-1,1.0,-1,0,0,0.1,0.05,0.25,1.0,1.0,1.0
9,b,0.0029533459942760174,0.0009844486647586726,0.0029533459942760174,0.80733,0.38708,0.80409,0.22983,0.0,0.0,155.75,1.1527643203735352,5.660747528076172,20.984375,81,always_freeze,1,0,nan,nan,nan,nan,1.0,1.0,1.0,0,none,-1,-1,1.0,-1,0,0,0.1,0.05,0.25,1.0,1.0,1.0
10,b,0.002941036123230261,0.0009803453744100868,0.002941036123230261,0.80875,0.38876,0.8059,0.23228,0.0,0.0,155.75,1.1527643203735352,5.660747528076172,20.984375,81,always_freeze,1,0,nan,nan,nan,nan,1.0,1.0,1.0,0,none,-1,-1,1.0,-1,0,0,0.1,0.05,0.25,1.0,1.0,1.0
11,b,0.002927318926698303,0.000975772975566101,0.002927318926698303,0.80175,0.38624,0.80426,0.21255,0.0,0.0,155.75,1.1527643203735352,5.660747528076172,20.984375,81,always_freeze,1,0,nan,nan,nan,nan,1.0,1.0,1.0,0,none,-1,-1,1.0,-1,0,0,0.1,0.05,0.25,1.0,1.0,1.0
12,b,0.0029122079418970248,0.0009707359806323416,0.0029122079418970248,0.8063,0.38716,0.8048,0.21902,0.0,0.0,155.75,1.1527643203735352,5.660747528076172,20.984375,81,always_freeze,1,0,nan,nan,nan,nan,1.0,1.0,1.0,0,none,-1,-1,1.0,-1,0,0,0.1,0.05,0.25,1.0,1.0,1.0
13,b,0.0028957180815440534,0.0009652393605146845,0.0028957180815440534,0.80795,0.38763,0.80598,0.24131,0.0,0.0,155.75,1.1527643203735352,5.660747528076172,20.984375,81,always_freeze,1,0,nan,nan,nan,nan,1.0,1.0,1.0,0,none,-1,-1,1.0,-1,0,0,0.1,0.05,0.25,1.0,1.0,1.0
14,b,0.002877865619140712,0.0009592885397135707,0.002877865619140712,0.80839,0.38818,0.80514,0.21112,0.0,0.0,155.75,1.1527643203735352,5.660747528076172,20.984375,81,always_freeze,1,0,nan,nan,nan,nan,1.0,1.0,1.0,0,none,-1,-1,1.0,-1,0,0,0.1,0.05,0.25,1.0,1.0,1.0
15,b,0.0028586681729120393,0.0009528893909706797,0.0028586681729120393,0.80086,0.38711,0.80415,0.20886,0.0,0.0,155.75,1.1527643203735352,5.660747528076172,20.984375,81,always_freeze,1,0,nan,nan,nan,nan,1.0,1.0,1.0,0,none,-1,-1,1.0,-1,0,0,0.1,0.05,0.25,1.0,1.0,1.0
16,b,0.002838144688419726,0.0009460482294732421,0.002838144688419726,0.7982,0.385,0.8047,0.21015,0.0,0.0,155.75,1.1527643203735352,5.660747528076172,20.984375,81,always_freeze,1,0,nan,nan,nan,nan,1.0,1.0,1.0,0,none,-1,-1,1.0,-1,0,0,0.1,0.05,0.25,1.0,1.0,1.0
17,b,0.0028163154198651372,0.0009387718066217125,0.0028163154198651372,0.79826,0.38581,0.80539,0.20612,0.0,0.0,155.75,1.1527643203735352,5.660747528076172,20.984375,81,always_freeze,1,0,nan,nan,nan,nan,1.0,1.0,1.0,0,none,-1,-1,1.0,-1,0,0,0.1,0.05,0.25,1.0,1.0,1.0
18,b,0.002793201910100856,0.0009310673033669522,0.002793201910100856,0.79856,0.38602,0.80427,0.24881,0.0,0.0,155.75,1.1527643203735352,5.660747528076172,20.984375,81,always_freeze,1,0,nan,nan,nan,nan,1.0,1.0,1.0,0,none,-1,-1,1.0,-1,0,0,0.1,0.05,0.25,1.0,1.0,1.0
19,b,0.0027688269693704926,0.0009229423231234974,0.0027688269693704926,0.79674,0.3843,0.80449,0.21076,0.0,0.0,155.75,1.1527643203735352,5.660747528076172,20.984375,81,always_freeze,1,0,nan,nan,nan,nan,1.0,1.0,1.0,0,none,-1,-1,1.0,-1,0,0,0.1,0.05,0.25,1.0,1.0,1.0
20,b,0.002743214652797724,0.0009144048842659081,0.002743214652797724,0.79644,0.38393,0.80633,0.18678,0.0,0.0,155.75,1.1527643203735352,5.660747528076172,20.984375,81,always_freeze,1,0,nan,nan,nan,nan,1.0,1.0,1.0,0,none,-1,-1,1.0,-1,0,0,0.1,0.05,0.25,1.0,1.0,1.0
21,b,0.002716390236646797,0.000905463412215599,0.002716390236646797,0.79898,0.38512,0.80652,0.17983,0.0,0.0,155.75,1.1527643203735352,5.660747528076172,20.984375,81,always_freeze,1,0,nan,nan,nan,nan,1.0,1.0,1.0,0,none,-1,-1,1.0,-1,0,0,0.1,0.05,0.25,1.0,1.0,1.0
22,b,0.0026883801933779003,0.0008961267311259668,0.0026883801933779003,0.79504,0.38304,0.80552,0.17598,0.0,0.0,155.75,1.1527643203735352,5.660747528076172,20.984375,81,always_freeze,1,0,nan,nan,nan,nan,1.0,1.0,1.0,0,none,-1,-1,1.0,-1,0,0,0.1,0.05,0.25,1.0,1.0,1.0
23,b,0.0026592121655220472,0.0008864040551740157,0.0026592121655220472,0.78925,0.38275,0.8047,0.18461,0.0,0.0,155.75,1.1527643203735352,5.660747528076172,20.984375,81,always_freeze,1,0,nan,nan,nan,nan,1.0,1.0,1.0,0,none,-1,-1,1.0,-1,0,0,0.1,0.05,0.25,1.0,1.0,1.0
24,b,0.0026289149384012326,0.0008763049794670776,0.0026289149384012326,0.78919,0.38127,0.8051,0.16715,0.0,0.0,155.75,1.1527643203735352,5.660747528076172,20.984375,81,always_freeze,1,0,nan,nan,nan,nan,1.0,1.0,1.0,0,none,-1,-1,1.0,-1,0,0,0.1,0.05,0.25,1.0,1.0,1.0
25,b,0.0025975184117207964,0.0008658394705735988,0.0025975184117207964,0.7909,0.38364,0.80463,0.16258,0.0,0.0,155.75,1.1527643203735352,5.660747528076172,20.984375,81,always_freeze,1,0,nan,nan,nan,nan,1.0,1.0,1.0,0,none,-1,-1,1.0,-1,0,0,0.1,0.05,0.25,1.0,1.0,1.0
26,b,0.002565053570062023,0.000855017856687341,0.002565053570062023,0.78911,0.37996,0.80455,0.15304,0.0,0.0,155.75,1.1527643203735352,5.660747528076172,20.984375,81,always_freeze,1,0,nan,nan,nan,nan,1.0,1.0,1.0,0,none,-1,-1,1.0,-1,0,0,0.1,0.05,0.25,1.0,1.0,1.0
27,b,0.0025315524523041024,0.0008438508174347008,0.0025315524523041024,0.79128,0.3829,0.80428,0.15294,0.0,0.0,155.75,1.1527643203735352,5.660747528076172,20.984375,81,always_freeze,1,0,nan,nan,nan,nan,1.0,1.0,1.0,0,none,-1,-1,1.0,-1,0,0,0.1,0.05,0.25,1.0,1.0,1.0
28,b,0.002497048120005623,0.0008323493733352076,0.002497048120005623,0.7868,0.3789,0.80371,0.14829,0.0,0.0,155.75,1.1527643203735352,5.660747528076172,20.984375,81,always_freeze,1,0,nan,nan,nan,nan,1.0,1.0,1.0,0,none,-1,-1,1.0,-1,0,0,0.1,0.05,0.25,1.0,1.0,1.0
29,b,0.0024615746247768043,0.0008205248749256015,0.0024615746247768043,0.7875,0.38112,0.80238,0.14256,0.0,0.0,155.75,1.1527643203735352,5.660747528076172,20.984375,81,always_freeze,1,0,nan,nan,nan,nan,1.0,1.0,1.0,0,none,-1,-1,1.0,-1,0,0,0.1,0.05,0.25,1.0,1.0,1.0
30,b,0.0024251669746746703,0.0008083889915582234,0.0024251669746746703,0.77848,0.37684,0.80364,0.13797,0.0,0.0,155.75,1.1527643203735352,5.660747528076172,20.984375,81,always_freeze,1,0,nan,nan,nan,nan,1.0,1.0,1.0,0,none,-1,-1,1.0,-1,0,0,0.1,0.05,0.25,1.0,1.0,1.0
31,b,0.002387861099654323,0.0007959536998847743,0.002387861099654323,0.77933,0.37635,0.80491,0.1433,0.0,0.0,155.75,1.1527643203735352,5.660747528076172,20.984375,81,always_freeze,1,0,nan,nan,nan,nan,1.0,1.0,1.0,0,none,-1,-1,1.0,-1,0,0,0.1,0.05,0.25,1.0,1.0,1.0
32,b,0.002349693816110414,0.0007832312720368047,0.002349693816110414,0.7786,0.37626,0.80282,0.13668,0.0,0.0,155.75,1.1527643203735352,5.660747528076172,20.984375,81,always_freeze,1,0,nan,nan,nan,nan,1.0,1.0,1.0,0,none,-1,-1,1.0,-1,0,0,0.1,0.05,0.25,1.0,1.0,1.0
33,b,0.00231070279054381,0.0007702342635146033,0.00231070279054381,0.77008,0.3747,0.80311,0.13777,0.0,0.0,155.75,1.1527643203735352,5.660747528076172,20.984375,81,always_freeze,1,0,nan,nan,nan,nan,1.0,1.0,1.0,0,none,-1,-1,1.0,-1,0,0,0.1,0.05,0.25,1.0,1.0,1.0
34,b,0.002270926502389301,0.0007569755007964337,0.002270926502389301,0.77204,0.37567,0.80369,0.1362,0.0,0.0,155.75,1.1527643203735352,5.660747528076172,20.984375,81,always_freeze,1,0,nan,nan,nan,nan,1.0,1.0,1.0,0,none,-1,-1,1.0,-1,0,0,0.1,0.05,0.25,1.0,1.0,1.0
35,b,0.002230404206041047,0.000743468068680349,0.002230404206041047,0.77331,0.37555,0.80243,0.12505,0.0,0.0,155.75,1.1527643203735352,5.660747528076172,20.984375,81,always_freeze,1,0,nan,nan,nan,nan,1.0,1.0,1.0,0,none,-1,-1,1.0,-1,0,0,0.1,0.05,0.25,1.0,1.0,1.0
36,b,0.0021891758921132273,0.0007297252973710758,0.0021891758921132273,0.77067,0.37457,0.8009,0.1332,0.0,0.0,155.75,1.1527643203735352,5.660747528076172,20.984375,81,always_freeze,1,0,nan,nan,nan,nan,1.0,1.0,1.0,0,none,-1,-1,1.0,-1,0,0,0.1,0.05,0.25,1.0,1.0,1.0
37,b,0.002147282247974133,0.0007157607493247109,0.002147282247974133,0.76903,0.37377,0.80322,0.12907,0.0,0.0,155.75,1.1527643203735352,5.660747528076172,20.984375,81,always_freeze,1,0,nan,nan,nan,nan,1.0,1.0,1.0,0,none,-1,-1,1.0,-1,0,0,0.1,0.05,0.25,1.0,1.0,1.0
38,b,0.002104764617592649,0.0007015882058642164,0.002104764617592649,0.76758,0.37118,0.80137,0.12881,0.0,0.0,155.75,1.1527643203735352,5.660747528076172,20.984375,81,always_freeze,1,0,nan,nan,nan,nan,1.0,1.0,1.0,0,none,-1,-1,1.0,-1,0,0,0.1,0.05,0.25,1.0,1.0,1.0
39,b,0.002061664960736747,0.0006872216535789157,0.002061664960736747,0.76329,0.37174,0.80205,0.12518,0.0,0.0,155.75,1.1527643203735352,5.660747528076172,20.984375,81,always_freeze,1,0,nan,nan,nan,nan,1.0,1.0,1.0,0,none,-1,-1,1.0,-1,0,0,0.1,0.05,0.25,1.0,1.0,1.0
40,b,0.0020180258115642578,0.0006726752705214193,0.0020180258115642578,0.76253,0.36982,0.80149,0.12878,0.0,0.0,155.75,1.1527643203735352,5.660747528076172,20.984375,81,always_freeze,1,0,nan,nan,nan,nan,1.0,1.0,1.0,0,none,-1,-1,1.0,-1,0,0,0.1,0.05,0.25,1.0,1.0,1.0
41,b,0.001973890236646797,0.0006579634122155991,0.001973890236646797,0.76184,0.36949,0.80183,0.12494,0.0,0.0,155.75,1.1527643203735352,5.660747528076172,20.984375,81,always_freeze,1,0,nan,nan,nan,nan,1.0,1.0,1.0,0,none,-1,-1,1.0,-1,0,0,0.1,0.05,0.25,1.0,1.0,1.0
42,b,0.001929301792468256,0.0006431005974894186,0.001929301792468256,0.75921,0.36847,0.80208,0.12108,0.0,0.0,155.75,1.1527643203735352,5.660747528076172,20.984375,81,always_freeze,1,0,nan,nan,nan,nan,1.0,1.0,1.0,0,none,-1,-1,1.0,-1,0,0,0.1,0.05,0.25,1.0,1.0,1.0
43,b,0.0018843044824398093,0.0006281014941466031,0.0018843044824398093,0.75521,0.36791,0.80079,0.12135,0.0,0.0,155.75,1.1527643203735352,5.660747528076172,20.984375,81,always_freeze,1,0,nan,nan,nan,nan,1.0,1.0,1.0,0,none,-1,-1,1.0,-1,0,0,0.1,0.05,0.25,1.0,1.0,1.0
44,b,0.0018389427134738658,0.0006129809044912887,0.0018389427134738658,0.7547,0.36575,0.80104,0.1208,0.0,0.0,155.75,1.1527643203735352,5.660747528076172,20.984375,81,always_freeze,1,0,nan,nan,nan,nan,1.0,1.0,1.0,0,none,-1,-1,1.0,-1,0,0,0.1,0.05,0.25,1.0,1.0,1.0
45,b,0.0017932612521598013,0.0005977537507199337,0.0017932612521598013,0.75302,0.36415,0.80101,0.12005,0.0,0.0,155.75,1.1527643203735352,5.660747528076172,20.984375,81,always_freeze,1,0,nan,nan,nan,nan,1.0,1.0,1.0,0,none,-1,-1,1.0,-1,0,0,0.1,0.05,0.25,1.0,1.0,1.0
46,b,0.001747305180584743,0.0005824350601949143,0.001747305180584743,0.75091,0.36422,0.80104,0.12149,0.0,0.0,155.75,1.1527643203735352,5.660747528076172,20.984375,81,always_freeze,1,0,nan,nan,nan,nan,1.0,1.0,1.0,0,none,-1,-1,1.0,-1,0,0,0.1,0.05,0.25,1.0,1.0,1.0
47,b,0.001701119851842992,0.0005670399506143307,0.001701119851842992,0.74457,0.36427,0.80116,0.12673,0.0,0.0,155.75,1.1527643203735352,5.660747528076172,20.984375,81,always_freeze,1,0,nan,nan,nan,nan,1.0,1.0,1.0,0,none,-1,-1,1.0,-1,0,0,0.1,0.05,0.25,1.0,1.0,1.0
48,b,0.0016547508452779936,0.0005515836150926645,0.0016547508452779936,0.74428,0.36171,0.79866,0.12558,0.0,0.0,155.75,1.1527643203735352,5.660747528076172,20.984375,81,always_freeze,1,0,nan,nan,nan,nan,1.0,1.0,1.0,0,none,-1,-1,1.0,-1,0,0,0.1,0.05,0.25,1.0,1.0,1.0
49,b,0.0016082439215010305,0.0005360813071670102,0.0016082439215010305,0.73936,0.36114,0.80098,0.12428,0.0,0.0,155.75,1.1527643203735352,5.660747528076172,20.984375,81,always_freeze,1,0,nan,nan,nan,nan,1.0,1.0,1.0,0,none,-1,-1,1.0,-1,0,0,0.1,0.05,0.25,1.0,1.0,1.0
50,b,0.0015616449772310208,0.0005205483257436736,0.0015616449772310208,0.73974,0.36011,0.79883,0.12116,0.0,0.0,155.75,1.1527643203735352,5.660747528076172,20.984375,81,always_freeze,1,0,nan,nan,nan,nan,1.0,1.0,1.0,0,none,-1,-1,1.0,-1,0,0,0.1,0.05,0.25,1.0,1.0,1.0
51,b,0.0015150000000000003,0.0005050000000000001,0.0015150000000000003,0.73201,0.35788,0.798,0.11934,0.0,0.0,155.75,1.1527643203735352,5.660747528076172,20.984375,81,always_freeze,1,0,nan,nan,nan,nan,1.0,1.0,1.0,0,none,-1,-1,1.0,-1,0,0,0.1,0.05,0.25,1.0,1.0,1.0
52,b,0.0014683550227689796,0.0004894516742563266,0.0014683550227689796,0.74115,0.36125,0.79871,0.11973,0.0,0.0,155.75,1.1527643203735352,5.660747528076172,20.984375,81,always_freeze,1,0,nan,nan,nan,nan,1.0,1.0,1.0,0,none,-1,-1,1.0,-1,0,0,0.1,0.05,0.25,1.0,1.0,1.0
53,b,0.0014217560784989694,0.0004739186928329898,0.0014217560784989694,0.73116,0.35699,0.80007,0.12086,0.0,0.0,155.75,1.1527643203735352,5.660747528076172,20.984375,81,always_freeze,1,0,nan,nan,nan,nan,1.0,1.0,1.0,0,none,-1,-1,1.0,-1,0,0,0.1,0.05,0.25,1.0,1.0,1.0
54,b,0.001375249154722006,0.0004584163849073354,0.001375249154722006,0.73169,0.35832,0.79878,0.1147,0.0,0.0,155.75,1.1527643203735352,5.660747528076172,20.984375,81,always_freeze,1,0,nan,nan,nan,nan,1.0,1.0,1.0,0,none,-1,-1,1.0,-1,0,0,0.1,0.05,0.25,1.0,1.0,1.0
55,b,0.001328880148157008,0.0004429600493856694,0.001328880148157008,0.72787,0.35635,0.79841,0.11346,0.0,0.0,155.75,1.1527643203735352,5.660747528076172,20.984375,81,always_freeze,1,0,nan,nan,nan,nan,1.0,1.0,1.0,0,none,-1,-1,1.0,-1,0,0,0.1,0.05,0.25,1.0,1.0,1.0
56,b,0.0012826948194152575,0.0004275649398050858,0.0012826948194152575,0.72404,0.35514,0.79892,0.12178,0.0,0.0,155.75,1.1527643203735352,5.660747528076172,20.984375,81,always_freeze,1,0,nan,nan,nan,nan,1.0,1.0,1.0,0,none,-1,-1,1.0,-1,0,0,0.1,0.05,0.25,1.0,1.0,1.0
57,b,0.001236738747840199,0.0004122462492800664,0.001236738747840199,0.72429,0.35649,0.79858,0.11456,0.0,0.0,155.75,1.1527643203735352,5.660747528076172,20.984375,81,always_freeze,1,0,nan,nan,nan,nan,1.0,1.0,1.0,0,none,-1,-1,1.0,-1,0,0,0.1,0.05,0.25,1.0,1.0,1.0
58,b,0.0011910572865261348,0.00039701909550871165,0.0011910572865261348,0.72271,0.3529,0.79694,0.11402,0.0,0.0,155.75,1.1527643203735352,5.660747528076172,20.984375,81,always_freeze,1,0,nan,nan,nan,nan,1.0,1.0,1.0,0,none,-1,-1,1.0,-1,0,0,0.1,0.05,0.25,1.0,1.0,1.0
59,b,0.0011456955175601908,0.0003818985058533969,0.0011456955175601908,0.72386,0.35405,0.79893,0.12225,0.0,0.0,155.75,1.1527643203735352,5.660747528076172,20.984375,81,always_freeze,1,0,nan,nan,nan,nan,1.0,1.0,1.0,0,none,-1,-1,1.0,-1,0,0,0.1,0.05,0.25,1.0,1.0,1.0
60,b,0.0011006982075317448,0.0003668994025105816,0.0011006982075317448,0.71851,0.35339,0.79848,0.11643,0.0,0.0,155.75,1.1527643203735352,5.660747528076172,20.984375,81,always_freeze,1,0,nan,nan,nan,nan,1.0,1.0,1.0,0,none,-1,-1,1.0,-1,0,0,0.1,0.05,0.25,1.0,1.0,1.0
61,b,0.001056109763353204,0.0003520365877844013,0.001056109763353204,0.71606,0.3523,0.79563,0.12318,0.0,0.0,155.75,1.1527643203735352,5.660747528076172,20.984375,81,always_freeze,1,0,nan,nan,nan,nan,1.0,1.0,1.0,0,none,-1,-1,1.0,-1,0,0,0.1,0.05,0.25,1.0,1.0,1.0
62,b,0.0010119741884357426,0.00033732472947858085,0.0010119741884357426,0.71265,0.34918,0.79911,0.11241,0.0,0.0,155.75,1.1527643203735352,5.660747528076172,20.984375,81,always_freeze,1,0,nan,nan,nan,nan,1.0,1.0,1.0,0,none,-1,-1,1.0,-1,0,0,0.1,0.05,0.25,1.0,1.0,1.0
63,b,0.0009683350392632535,0.0003227783464210845,0.0009683350392632535,0.71361,0.35029,0.79686,0.12674,0.0,0.0,155.75,1.1527643203735352,5.660747528076172,20.984375,81,always_freeze,1,0,nan,nan,nan,nan,1.0,1.0,1.0,0,none,-1,-1,1.0,-1,0,0,0.1,0.05,0.25,1.0,1.0,1.0
64,b,0.0009252353824073507,0.0003084117941357836,0.0009252353824073507,0.70674,0.34873,0.79766,0.11524,0.0,0.0,155.75,1.1527643203735352,5.660747528076172,20.984375,81,always_freeze,1,0,nan,nan,nan,nan,1.0,1.0,1.0,0,none,-1,-1,1.0,-1,0,0,0.1,0.05,0.25,1.0,1.0,1.0
65,b,0.000882717752025867,0.000294239250675289,0.000882717752025867,0.70595,0.34654,0.79838,0.10679,0.0,0.0,155.75,1.1527643203735352,5.660747528076172,20.984375,81,always_freeze,1,0,nan,nan,nan,nan,1.0,1.0,1.0,0,none,-1,-1,1.0,-1,0,0,0.1,0.05,0.25,1.0,1.0,1.0
66,b,0.0008408241078867732,0.0002802747026289244,0.0008408241078867732,0.70628,0.34697,0.79732,0.10742,0.0,0.0,155.75,1.1527643203735352,5.660747528076172,20.984375,81,always_freeze,1,0,nan,nan,nan,nan,1.0,1.0,1.0,0,none,-1,-1,1.0,-1,0,0,0.1,0.05,0.25,1.0,1.0,1.0
67,b,0.0007995957939589528,0.00026653193131965093,0.0007995957939589528,0.70056,0.34516,0.79878,0.11081,0.0,0.0,155.75,1.1527643203735352,5.660747528076172,20.984375,81,always_freeze,1,0,nan,nan,nan,nan,1.0,1.0,1.0,0,none,-1,-1,1.0,-1,0,0,0.1,0.05,0.25,1.0,1.0,1.0
68,b,0.0007590734976106985,0.0002530244992035662,0.0007590734976106985,0.70024,0.34522,0.79738,0.10681,0.0,0.0,155.75,1.1527643203735352,5.660747528076172,20.984375,81,always_freeze,1,0,nan,nan,nan,nan,1.0,1.0,1.0,0,none,-1,-1,1.0,-1,0,0,0.1,0.05,0.25,1.0,1.0,1.0
69,b,0.0007192972094561894,0.00023976573648539645,0.0007192972094561894,0.70065,0.34436,0.79636,0.10689,0.0,0.0,155.75,1.1527643203735352,5.660747528076172,20.984375,81,always_freeze,1,0,nan,nan,nan,nan,1.0,1.0,1.0,0,none,-1,-1,1.0,-1,0,0,0.1,0.05,0.25,1.0,1.0,1.0
70,b,0.0006803061838895857,0.00022676872796319525,0.0006803061838895857,0.69338,0.34298,0.79659,0.10304,0.0,0.0,155.75,1.1527643203735352,5.660747528076172,20.984375,81,always_freeze,1,0,nan,nan,nan,nan,1.0,1.0,1.0,0,none,-1,-1,1.0,-1,0,0,0.1,0.05,0.25,1.0,1.0,1.0
71,b,0.0006421389003456779,0.00021404630011522595,0.0006421389003456779,0.69503,0.34317,0.79588,0.10689,0.0,0.0,155.75,1.1527643203735352,5.660747528076172,20.984375,81,always_freeze,1,0,nan,nan,nan,nan,1.0,1.0,1.0,0,none,-1,-1,1.0,-1,0,0,0.1,0.05,0.25,1.0,1.0,1.0
72,b,0.0006048330253253298,0.0002016110084417766,0.0006048330253253298,0.69116,0.34098,0.79696,0.10383,0.0,0.0,155.75,1.1527643203735352,5.660747528076172,20.984375,81,always_freeze,1,0,nan,nan,nan,nan,1.0,1.0,1.0,0,none,-1,-1,1.0,-1,0,0,0.1,0.05,0.25,1.0,1.0,1.0
73,b,0.0005684253752231957,0.00018947512507439858,0.0005684253752231957,0.69342,0.34041,0.7958,0.10723,0.0,0.0,155.75,1.1527643203735352,5.660747528076172,20.984375,81,always_freeze,1,0,nan,nan,nan,nan,1.0,1.0,1.0,0,none,-1,-1,1.0,-1,0,0,0.1,0.05,0.25,1.0,1.0,1.0
74,b,0.0005329518799943771,0.00017765062666479236,0.0005329518799943771,0.69482,0.34101,0.79435,0.10513,0.0,0.0,155.75,1.1527643203735352,5.660747528076172,20.984375,81,always_freeze,1,0,nan,nan,nan,nan,1.0,1.0,1.0,0,none,-1,-1,1.0,-1,0,0,0.1,0.05,0.25,1.0,1.0,1.0
75,b,0.0004984475476958973,0.0001661491825652991,0.0004984475476958973,0.69267,0.34043,0.79572,0.10427,0.0,0.0,155.75,1.1527643203735352,5.660747528076172,20.984375,81,always_freeze,1,0,nan,nan,nan,nan,1.0,1.0,1.0,0,none,-1,-1,1.0,-1,0,0,0.1,0.05,0.25,1.0,1.0,1.0
76,b,0.0004649464299379771,0.00015498214331265904,0.0004649464299379771,0.69131,0.34023,0.79654,0.10207,0.0,0.0,155.75,1.1527643203735352,5.660747528076172,20.984375,81,always_freeze,1,0,nan,nan,nan,nan,1.0,1.0,1.0,0,none,-1,-1,1.0,-1,0,0,0.1,0.05,0.25,1.0,1.0,1.0
77,b,0.00043248158827920434,0.00014416052942640146,0.00043248158827920434,0.68329,0.33817,0.79646,0.1026,0.0,0.0,155.75,1.1527643203735352,5.660747528076172,20.984375,81,always_freeze,1,0,nan,nan,nan,nan,1.0,1.0,1.0,0,none,-1,-1,1.0,-1,0,0,0.1,0.05,0.25,1.0,1.0,1.0
78,b,0.00040108506159876745,0.00013369502053292248,0.00040108506159876745,0.67716,0.33728,0.79585,0.10194,0.0,0.0,155.75,1.1527643203735352,5.660747528076172,20.984375,81,always_freeze,1,0,nan,nan,nan,nan,1.0,1.0,1.0,0,none,-1,-1,1.0,-1,0,0,0.1,0.05,0.25,1.0,1.0,1.0
79,b,0.0003707878344779534,0.00012359594482598446,0.0003707878344779534,0.68622,0.33936,0.79499,0.10431,0.0,0.0,155.75,1.1527643203735352,5.660747528076172,20.984375,81,always_freeze,1,0,nan,nan,nan,nan,1.0,1.0,1.0,0,none,-1,-1,1.0,-1,0,0,0.1,0.05,0.25,1.0,1.0,1.0
80,b,0.00034161980662209977,0.00011387326887403327,0.00034161980662209977,0.67824,0.33582,0.79616,0.10207,0.0,0.0,155.75,1.1527643203735352,5.660747528076172,20.984375,81,always_freeze,1,0,nan,nan,nan,nan,1.0,1.0,1.0,0,none,-1,-1,1.0,-1,0,0,0.1,0.05,0.25,1.0,1.0,1.0
81,b,0.00031360976335320303,0.000104536587784401,0.00031360976335320303,0.67798,0.33548,0.79383,0.10349,0.0,0.0,155.75,1.1527643203735352,5.660747528076172,20.984375,81,always_freeze,1,0,nan,nan,nan,nan,1.0,1.0,1.0,0,none,-1,-1,1.0,-1,0,0,0.1,0.05,0.25,1.0,1.0,1.0
82,b,0.0002867853472022759,9.559511573409197e-05,0.0002867853472022759,0.67973,0.33551,0.79654,0.10245,0.0,0.0,155.75,1.1527643203735352,5.660747528076172,20.984375,81,always_freeze,1,0,nan,nan,nan,nan,1.0,1.0,1.0,0,none,-1,-1,1.0,-1,0,0,0.1,0.05,0.25,1.0,1.0,1.0
83,b,0.00026117303062950806,8.705767687650267e-05,0.00026117303062950806,0.67417,0.33473,0.79508,0.10037,0.0,0.0,155.75,1.1527643203735352,5.660747528076172,20.984375,81,always_freeze,1,0,nan,nan,nan,nan,1.0,1.0,1.0,0,none,-1,-1,1.0,-1,0,0,0.1,0.05,0.25,1.0,1.0,1.0
84,b,0.00023679808989914374,7.893269663304791e-05,0.00023679808989914374,0.67847,0.33604,0.79432,0.10028,0.0,0.0,155.75,1.1527643203735352,5.660747528076172,20.984375,81,always_freeze,1,0,nan,nan,nan,nan,1.0,1.0,1.0,0,none,-1,-1,1.0,-1,0,0,0.1,0.05,0.25,1.0,1.0,1.0
85,b,0.00021368458013486268,7.122819337828756e-05,0.00021368458013486268,0.68118,0.33602,0.79555,0.10238,0.0,0.0,155.75,1.1527643203735352,5.660747528076172,20.984375,81,always_freeze,1,0,nan,nan,nan,nan,1.0,1.0,1.0,0,none,-1,-1,1.0,-1,0,0,0.1,0.05,0.25,1.0,1.0,1.0
86,b,0.00019185531158027381,6.395177052675793e-05,0.00019185531158027381,0.67533,0.33416,0.79405,0.10306,0.0,0.0,155.75,1.1527643203735352,5.660747528076172,20.984375,81,always_freeze,1,0,nan,nan,nan,nan,1.0,1.0,1.0,0,none,-1,-1,1.0,-1,0,0,0.1,0.05,0.25,1.0,1.0,1.0
87,b,0.00017133182708796123,5.711060902932042e-05,0.00017133182708796123,0.6786,0.33516,0.79517,0.10089,0.0,0.0,155.75,1.1527643203735352,5.660747528076172,20.984375,81,always_freeze,1,0,nan,nan,nan,nan,1.0,1.0,1.0,0,none,-1,-1,1.0,-1,0,0,0.1,0.05,0.25,1.0,1.0,1.0
88,b,0.0001521343808592881,5.071146028642937e-05,0.0001521343808592881,0.66913,0.33239,0.79601,0.10185,0.0,0.0,155.75,1.1527643203735352,5.660747528076172,20.984375,81,always_freeze,1,0,nan,nan,nan,nan,1.0,1.0,1.0,0,none,-1,-1,1.0,-1,0,0,0.1,0.05,0.25,1.0,1.0,1.0
89,b,0.00013428191845594683,4.476063948531561e-05,0.00013428191845594683,0.67057,0.3336,0.79377,0.09981,0.0,0.0,155.75,1.1527643203735352,5.660747528076172,20.984375,81,always_freeze,1,0,nan,nan,nan,nan,1.0,1.0,1.0,0,none,-1,-1,1.0,-1,0,0,0.1,0.05,0.25,1.0,1.0,1.0
90,b,0.000117792058102975,3.926401936765833e-05,0.000117792058102975,0.67057,0.33222,0.79508,0.09876,0.0,0.0,155.75,1.1527643203735352,5.660747528076172,20.984375,81,always_freeze,1,0,nan,nan,nan,nan,1.0,1.0,1.0,0,none,-1,-1,1.0,-1,0,0,0.1,0.05,0.25,1.0,1.0,1.0
91,b,0.00010268107330169673,3.422702443389891e-05,0.00010268107330169673,0.67022,0.33244,0.79362,0.102,0.0,0.0,155.75,1.1527643203735352,5.660747528076172,20.984375,81,always_freeze,1,0,nan,nan,nan,nan,1.0,1.0,1.0,0,none,-1,-1,1.0,-1,0,0,0.1,0.05,0.25,1.0,1.0,1.0
92,b,8.896387676973983e-05,2.9654625589913275e-05,8.896387676973983e-05,0.67033,0.33297,0.79497,0.09998,0.0,0.0,155.75,1.1527643203735352,5.660747528076172,20.984375,81,always_freeze,1,0,nan,nan,nan,nan,1.0,1.0,1.0,0,none,-1,-1,1.0,-1,0,0,0.1,0.05,0.25,1.0,1.0,1.0
93,b,7.665400572398273e-05,2.5551335241327577e-05,7.665400572398273e-05,0.66709,0.33087,0.7963,0.10065,0.0,0.0,155.75,1.1527643203735352,5.660747528076172,20.984375,81,always_freeze,1,0,nan,nan,nan,nan,1.0,1.0,1.0,0,none,-1,-1,1.0,-1,0,0,0.1,0.05,0.25,1.0,1.0,1.0
94,b,6.57636085209602e-05,2.1921202840320064e-05,6.57636085209602e-05,0.66868,0.33247,0.79375,0.10045,0.0,0.0,155.75,1.1527643203735352,5.660747528076172,20.984375,81,always_freeze,1,0,nan,nan,nan,nan,1.0,1.0,1.0,0,none,-1,-1,1.0,-1,0,0,0.1,0.05,0.25,1.0,1.0,1.0
95,b,5.630343266789706e-05,1.8767810889299018e-05,5.630343266789706e-05,0.6679,0.33179,0.79578,0.10011,0.0,0.0,155.75,1.1527643203735352,5.660747528076172,20.984375,81,always_freeze,1,0,nan,nan,nan,nan,1.0,1.0,1.0,0,none,-1,-1,1.0,-1,0,0,0.1,0.05,0.25,1.0,1.0,1.0
96,b,4.8282814216220274e-05,1.6094271405406757e-05,4.8282814216220274e-05,0.66679,0.33211,0.79513,0.10238,0.0,0.0,155.75,1.1527643203735352,5.660747528076172,20.984375,81,always_freeze,1,0,nan,nan,nan,nan,1.0,1.0,1.0,0,none,-1,-1,1.0,-1,0,0,0.1,0.05,0.25,1.0,1.0,1.0
97,b,4.170966854800062e-05,1.390322284933354e-05,4.170966854800062e-05,0.66827,0.33254,0.79321,0.09995,0.0,0.0,155.75,1.1527643203735352,5.660747528076172,20.984375,81,always_freeze,1,0,nan,nan,nan,nan,1.0,1.0,1.0,0,none,-1,-1,1.0,-1,0,0,0.1,0.05,0.25,1.0,1.0,1.0
98,b,3.659048256442632e-05,1.219682752147544e-05,3.659048256442632e-05,0.66529,0.33107,0.79377,0.1009,0.0,0.0,155.75,1.1527643203735352,5.660747528076172,20.984375,81,always_freeze,1,0,nan,nan,nan,nan,1.0,1.0,1.0,0,none,-1,-1,1.0,-1,0,0,0.1,0.05,0.25,1.0,1.0,1.0
99,b,3.2930308284016884e-05,1.0976769428005628e-05,3.2930308284016884e-05,0.67046,0.33218,0.79397,0.0987,0.0,0.0,155.75,1.1527643203735352,5.660747528076172,20.984375,81,always_freeze,1,0,nan,nan,nan,nan,1.0,1.0,1.0,0,none,-1,-1,1.0,-1,0,0,0.1,0.05,0.25,1.0,1.0,1.0
100,b,3.073275785688867e-05,1.024425261896289e-05,3.073275785688867e-05,0.66503,0.33111,0.79539,0.09947,0.0,0.0,155.75,1.1527643203735352,5.660747528076172,20.984375,81,always_freeze,1,0,nan,nan,nan,nan,1.0,1.0,1.0,0,none,-1,-1,1.0,-1,0,0,0.1,0.05,0.25,1.0,1.0,1.0
