epoch,time,train/s_box_loss,train/s_cls_loss,train/s_dfl_loss,train/t_box_loss,train/t_cls_loss,train/t_dfl_loss,train/cclkd_loss,metrics/precision(B),metrics/recall(B),metrics/mAP50(B),metrics/mAP50-95(B),val/s_box_loss,val/s_cls_loss,val/s_dfl_loss,val/t_box_loss,val/t_cls_loss,val/t_dfl_loss,val/cclkd_loss,lr/pg0,lr/pg1,lr/pg2,lr/pg3,lr/pg4,lr/pg5,lr/pg6,lr/pg7
1,148.611,2.8137,3.49117,1.55529,2.34848,3.2003,1.36644,7.86198,0.604251,0.185778,0.152547,0.0629201,nan,nan,nan,nan,nan,nan,nan,0.00995652,0.00331884,0.00995652,0.00331884,0.00995652,0.00331884,0.00995652,0.00331884
2,307.1,2.72681,2.34588,1.32203,2.21592,1.76427,1.15176,9.03453,0.587363,0.209523,0.158681,0.0589043,nan,nan,nan,nan,nan,nan,nan,0.0199562,0.00665207,0.0199562,0.00665207,0.0199562,0.00665207,0.0199562,0.00665207
3,470.578,2.8315,2.29654,1.37378,2.34192,1.73411,1.21862,7.97786,0.409688,0.170468,0.0484939,0.0146863,nan,nan,nan,nan,nan,nan,nan,0.0299547,0.0099849,0.0299547,0.0099849,0.0299547,0.0099849,0.0299547,0.0099849
4,625.019,2.8662,2.26326,1.41777,2.3838,1.71019,1.25266,6.73608,0.508911,0.115631,0.082247,0.0290273,nan,nan,nan,nan,nan,nan,nan,0.0299959,0.00999863,0.0299959,0.00999863,0.0299959,0.00999863,0.0299959,0.00999863
5,781.284,2.75964,2.12841,1.37708,2.29123,1.54568,1.22649,5.80131,0.284642,0.19204,0.149214,0.0593442,nan,nan,nan,nan,nan,nan,nan,0.0299927,0.00999756,0.0299927,0.00999756,0.0299927,0.00999756,0.0299927,0.00999756
6,935.141,2.69029,2.02747,1.34811,2.20841,1.4696,1.19812,5.26764,0.274778,0.207149,0.157464,0.0605622,nan,nan,nan,nan,nan,nan,nan,0.0299886,0.00999618,0.0299886,0.00999618,0.0299886,0.00999618,0.0299886,0.00999618
7,1089.78,2.63955,1.95908,1.32773,2.15054,1.38961,1.17494,5.10993,0.346393,0.242022,0.233136,0.0949084,nan,nan,nan,nan,nan,nan,nan,0.0299835,0.0099945,0.0299835,0.0099945,0.0299835,0.0099945,0.0299835,0.0099945
8,1247.84,2.59537,1.91776,1.30495,2.10921,1.34817,1.15447,4.87181,0.36766,0.249526,0.215674,0.0926754,nan,nan,nan,nan,nan,nan,nan,0.0299776,0.00999252,0.0299776,0.00999252,0.0299776,0.00999252,0.0299776,0.00999252
9,1405.81,2.57402,1.87515,1.2956,2.08978,1.30199,1.14378,4.76472,0.435687,0.273692,0.269523,0.114233,nan,nan,nan,nan,nan,nan,nan,0.0299707,0.00999023,0.0299707,0.00999023,0.0299707,0.00999023,0.0299707,0.00999023
10,1558.5,2.53559,1.82689,1.28115,2.05351,1.27043,1.13566,4.38694,0.448678,0.278765,0.281469,0.12298,nan,nan,nan,nan,nan,nan,nan,0.0299629,0.00998764,0.0299629,0.00998764,0.0299629,0.00998764,0.0299629,0.00998764
11,1713.24,2.51772,1.78438,1.26626,2.02688,1.23422,1.11109,4.19305,0.413667,0.3232,0.305997,0.138037,nan,nan,nan,nan,nan,nan,nan,0.0299542,0.00998474,0.0299542,0.00998474,0.0299542,0.00998474,0.0299542,0.00998474
12,1868.05,2.48646,1.758,1.26007,1.99928,1.20639,1.10577,4.1278,0.474816,0.312228,0.312129,0.137953,nan,nan,nan,nan,nan,nan,nan,0.0299446,0.00998154,0.0299446,0.00998154,0.0299446,0.00998154,0.0299446,0.00998154
13,2022.12,2.46715,1.72739,1.24587,1.98671,1.1828,1.09676,4.0755,0.433684,0.306142,0.30012,0.135304,nan,nan,nan,nan,nan,nan,nan,0.0299341,0.00997803,0.0299341,0.00997803,0.0299341,0.00997803,0.0299341,0.00997803
14,2174.02,2.43015,1.70432,1.22966,1.96242,1.16493,1.08656,3.89174,0.450132,0.31835,0.319552,0.14317,nan,nan,nan,nan,nan,nan,nan,0.0299227,0.00997422,0.0299227,0.00997422,0.0299227,0.00997422,0.0299227,0.00997422
15,2327.72,2.42156,1.66573,1.22614,1.95308,1.14447,1.07875,3.75975,0.461823,0.345208,0.333286,0.15109,nan,nan,nan,nan,nan,nan,nan,0.0299103,0.00997011,0.0299103,0.00997011,0.0299103,0.00997011,0.0299103,0.00997011
16,2481.67,2.40782,1.64474,1.21663,1.93281,1.13673,1.07542,3.84691,0.418582,0.35052,0.331499,0.152311,nan,nan,nan,nan,nan,nan,nan,0.0298971,0.00996569,0.0298971,0.00996569,0.0298971,0.00996569,0.0298971,0.00996569
17,2636.83,2.39814,1.63954,1.21977,1.91646,1.10824,1.07374,3.96366,0.41116,0.370205,0.344909,0.155086,nan,nan,nan,nan,nan,nan,nan,0.0298829,0.00996097,0.0298829,0.00996097,0.0298829,0.00996097,0.0298829,0.00996097
18,2790.16,2.36882,1.6042,1.20853,1.89578,1.09326,1.06168,3.84004,0.486565,0.33956,0.359528,0.16964,nan,nan,nan,nan,nan,nan,nan,0.0298678,0.00995594,0.0298678,0.00995594,0.0298678,0.00995594,0.0298678,0.00995594
19,2945.28,2.34842,1.58673,1.19867,1.89746,1.08768,1.05966,3.65329,0.737202,0.334222,0.374428,0.174959,nan,nan,nan,nan,nan,nan,nan,0.0298519,0.00995062,0.0298519,0.00995062,0.0298519,0.00995062,0.0298519,0.00995062
20,3098.63,2.35123,1.57752,1.2,1.8742,1.07284,1.05372,3.50514,0.458238,0.37984,0.377891,0.178095,nan,nan,nan,nan,nan,nan,nan,0.029835,0.00994499,0.029835,0.00994499,0.029835,0.00994499,0.029835,0.00994499
21,3250.59,2.33348,1.55353,1.18839,1.86764,1.06342,1.0438,3.37751,0.480147,0.400537,0.393839,0.187288,nan,nan,nan,nan,nan,nan,nan,0.0298172,0.00993906,0.0298172,0.00993906,0.0298172,0.00993906,0.0298172,0.00993906
22,3402.97,2.32164,1.53864,1.18222,1.86085,1.04707,1.04626,3.53294,0.463814,0.394318,0.383994,0.180592,nan,nan,nan,nan,nan,nan,nan,0.0297985,0.00993282,0.0297985,0.00993282,0.0297985,0.00993282,0.0297985,0.00993282
23,3556.33,2.30747,1.51703,1.17931,1.8494,1.03948,1.04064,3.33557,0.471679,0.423706,0.413138,0.197637,nan,nan,nan,nan,nan,nan,nan,0.0297789,0.00992629,0.0297789,0.00992629,0.0297789,0.00992629,0.0297789,0.00992629
24,3711.3,2.28569,1.49181,1.17245,1.83891,1.02171,1.03975,3.34266,0.454527,0.416962,0.40179,0.190942,nan,nan,nan,nan,nan,nan,nan,0.0297584,0.00991946,0.0297584,0.00991946,0.0297584,0.00991946,0.0297584,0.00991946
25,3865.35,2.27207,1.47781,1.17518,1.83397,1.02829,1.03963,3.3417,0.50871,0.445178,0.439325,0.21179,nan,nan,nan,nan,nan,nan,nan,0.029737,0.00991232,0.029737,0.00991232,0.029737,0.00991232,0.029737,0.00991232
26,4020.6,2.26889,1.46496,1.16299,1.83199,1.02123,1.03109,3.22091,0.50706,0.438185,0.443624,0.217341,nan,nan,nan,nan,nan,nan,nan,0.0297147,0.00990489,0.0297147,0.00990489,0.0297147,0.00990489,0.0297147,0.00990489
27,4174.26,2.259,1.46047,1.16521,1.81051,1.0035,1.02774,3.22581,0.511907,0.443344,0.445148,0.214619,nan,nan,nan,nan,nan,nan,nan,0.0296915,0.00989715,0.0296915,0.00989715,0.0296915,0.00989715,0.0296915,0.00989715
28,4329.88,2.23572,1.43172,1.15457,1.80046,0.9863,1.02383,3.32147,0.493214,0.44369,0.438188,0.215617,nan,nan,nan,nan,nan,nan,nan,0.0296674,0.00988912,0.0296674,0.00988912,0.0296674,0.00988912,0.0296674,0.00988912
29,4484.95,2.21992,1.42234,1.15243,1.79658,0.97936,1.02237,3.19269,0.501593,0.46426,0.458414,0.232492,nan,nan,nan,nan,nan,nan,nan,0.0296424,0.00988079,0.0296424,0.00988079,0.0296424,0.00988079,0.0296424,0.00988079
30,4642.74,2.21451,1.41251,1.14635,1.792,0.98154,1.02189,3.17931,0.506937,0.477458,0.468996,0.23178,nan,nan,nan,nan,nan,nan,nan,0.0296165,0.00987216,0.0296165,0.00987216,0.0296165,0.00987216,0.0296165,0.00987216
31,4796.42,2.215,1.40784,1.14238,1.78694,0.97218,1.01352,3.20446,0.492265,0.470614,0.465384,0.238442,nan,nan,nan,nan,nan,nan,nan,0.0295897,0.00986323,0.0295897,0.00986323,0.0295897,0.00986323,0.0295897,0.00986323
32,4950.97,2.19705,1.38348,1.13957,1.76769,0.96115,1.01249,3.17666,0.51234,0.475214,0.47544,0.242626,nan,nan,nan,nan,nan,nan,nan,0.029562,0.00985401,0.029562,0.00985401,0.029562,0.00985401,0.029562,0.00985401
33,5105.75,2.18534,1.37555,1.13755,1.76944,0.96518,1.01096,3.11358,0.532097,0.488003,0.48265,0.248093,nan,nan,nan,nan,nan,nan,nan,0.0295335,0.00984449,0.0295335,0.00984449,0.0295335,0.00984449,0.0295335,0.00984449
34,5261.18,2.18268,1.3644,1.13407,1.76422,0.9499,1.01257,3.12097,0.545394,0.482948,0.493037,0.257698,nan,nan,nan,nan,nan,nan,nan,0.029504,0.00983467,0.029504,0.00983467,0.029504,0.00983467,0.029504,0.00983467
35,5416.87,2.15567,1.34424,1.12345,1.74938,0.94366,1.00107,3.01516,0.53196,0.49503,0.497058,0.262322,nan,nan,nan,nan,nan,nan,nan,0.0294737,0.00982456,0.0294737,0.00982456,0.0294737,0.00982456,0.0294737,0.00982456
36,5572.38,2.16258,1.34289,1.12181,1.7504,0.9433,1.00264,2.97366,0.529118,0.503985,0.496512,0.260077,nan,nan,nan,nan,nan,nan,nan,0.0294425,0.00981415,0.0294425,0.00981415,0.0294425,0.00981415,0.0294425,0.00981415
37,5728.1,2.15254,1.32549,1.11771,1.74119,0.92509,0.99531,3.04903,0.548258,0.503816,0.509249,0.266923,nan,nan,nan,nan,nan,nan,nan,0.0294104,0.00980345,0.0294104,0.00980345,0.0294104,0.00980345,0.0294104,0.00980345
38,5884.28,2.14629,1.32169,1.1205,1.73242,0.92338,0.99445,3.02314,0.549155,0.503809,0.509334,0.267753,nan,nan,nan,nan,nan,nan,nan,0.0293774,0.00979246,0.0293774,0.00979246,0.0293774,0.00979246,0.0293774,0.00979246
39,6041.07,2.12849,1.30912,1.11099,1.72394,0.91636,0.99637,2.98493,0.564471,0.513904,0.518735,0.271041,nan,nan,nan,nan,nan,nan,nan,0.0293435,0.00978118,0.0293435,0.00978118,0.0293435,0.00978118,0.0293435,0.00978118
40,6197.89,2.12182,1.30069,1.10774,1.72163,0.91438,0.9901,2.90939,0.543097,0.511197,0.512385,0.272224,nan,nan,nan,nan,nan,nan,nan,0.0293088,0.0097696,0.0293088,0.0097696,0.0293088,0.0097696,0.0293088,0.0097696
41,6356.17,2.10803,1.28154,1.10355,1.71483,0.90986,0.99574,2.93172,0.548652,0.515617,0.518312,0.276057,nan,nan,nan,nan,nan,nan,nan,0.0292732,0.00975773,0.0292732,0.00975773,0.0292732,0.00975773,0.0292732,0.00975773
42,6514.34,2.11116,1.286,1.10418,1.7137,0.91016,0.99062,2.83314,0.576243,0.520887,0.532186,0.287582,nan,nan,nan,nan,nan,nan,nan,0.0292367,0.00974557,0.0292367,0.00974557,0.0292367,0.00974557,0.0292367,0.00974557
43,6671.92,2.09854,1.27276,1.09901,1.71527,0.90509,0.99031,2.84744,0.56427,0.532165,0.537581,0.289074,nan,nan,nan,nan,nan,nan,nan,0.0291994,0.00973312,0.0291994,0.00973312,0.0291994,0.00973312,0.0291994,0.00973312
44,6827.94,2.08858,1.25529,1.0941,1.70252,0.89466,0.98479,2.79013,0.569,0.531499,0.538998,0.290505,nan,nan,nan,nan,nan,nan,nan,0.0291612,0.00972039,0.0291612,0.00972039,0.0291612,0.00972039,0.0291612,0.00972039
45,6985.55,2.0866,1.2621,1.09782,1.70107,0.89458,0.98685,2.94658,0.564809,0.529205,0.536901,0.293293,nan,nan,nan,nan,nan,nan,nan,0.0291221,0.00970736,0.0291221,0.00970736,0.0291221,0.00970736,0.0291221,0.00970736
46,7147.02,2.07778,1.25024,1.09014,1.69503,0.88562,0.98041,2.86641,0.563939,0.53251,0.538555,0.293663,nan,nan,nan,nan,nan,nan,nan,0.0290821,0.00969405,0.0290821,0.00969405,0.0290821,0.00969405,0.0290821,0.00969405
47,7307.26,2.06162,1.23183,1.088,1.677,0.88474,0.98064,2.85061,0.568068,0.538288,0.547859,0.301572,nan,nan,nan,nan,nan,nan,nan,0.0290413,0.00968045,0.0290413,0.00968045,0.0290413,0.00968045,0.0290413,0.00968045
48,7463.01,2.05414,1.23119,1.08512,1.68376,0.87812,0.9818,2.90349,0.598994,0.525039,0.549147,0.303386,nan,nan,nan,nan,nan,nan,nan,0.0289997,0.00966656,0.0289997,0.00966656,0.0289997,0.00966656,0.0289997,0.00966656
49,7619.95,2.05174,1.22271,1.08446,1.68135,0.87873,0.97808,2.78854,0.590211,0.531209,0.549652,0.306198,nan,nan,nan,nan,nan,nan,nan,0.0289572,0.00965239,0.0289572,0.00965239,0.0289572,0.00965239,0.0289572,0.00965239
50,7775.99,2.03488,1.22064,1.0791,1.6672,0.86955,0.97376,2.86817,0.566438,0.545116,0.551512,0.305113,nan,nan,nan,nan,nan,nan,nan,0.0289138,0.00963794,0.0289138,0.00963794,0.0289138,0.00963794,0.0289138,0.00963794
51,7931.05,2.04028,1.2137,1.08436,1.67271,0.87229,0.98303,2.75028,0.584993,0.539767,0.552168,0.308117,nan,nan,nan,nan,nan,nan,nan,0.0288696,0.0096232,0.0288696,0.0096232,0.0288696,0.0096232,0.0288696,0.0096232
52,8085.91,2.02936,1.21321,1.07572,1.66443,0.87001,0.97433,2.71426,0.585718,0.544505,0.555323,0.311781,nan,nan,nan,nan,nan,nan,nan,0.0288246,0.00960819,0.0288246,0.00960819,0.0288246,0.00960819,0.0288246,0.00960819
53,8241.32,2.01607,1.19545,1.07347,1.65807,0.86118,0.97482,2.70504,0.605914,0.545066,0.559735,0.317082,nan,nan,nan,nan,nan,nan,nan,0.0287787,0.00959289,0.0287787,0.00959289,0.0287787,0.00959289,0.0287787,0.00959289
54,8396.58,2.01933,1.19815,1.07403,1.66012,0.86476,0.97355,2.69753,0.603157,0.551652,0.56511,0.320246,nan,nan,nan,nan,nan,nan,nan,0.0287319,0.00957731,0.0287319,0.00957731,0.0287319,0.00957731,0.0287319,0.00957731
55,8552.87,2.01252,1.18806,1.06888,1.65713,0.86292,0.97339,2.70326,0.605423,0.553876,0.568267,0.322828,nan,nan,nan,nan,nan,nan,nan,0.0286843,0.00956145,0.0286843,0.00956145,0.0286843,0.00956145,0.0286843,0.00956145
56,8712.43,2.00642,1.1833,1.06744,1.65147,0.85471,0.96832,2.81264,0.595974,0.556278,0.570166,0.324971,nan,nan,nan,nan,nan,nan,nan,0.0286359,0.00954531,0.0286359,0.00954531,0.0286359,0.00954531,0.0286359,0.00954531
57,8870.78,1.99827,1.17684,1.06593,1.64233,0.8528,0.9673,2.66712,0.601398,0.558759,0.574192,0.326399,nan,nan,nan,nan,nan,nan,nan,0.0285867,0.00952889,0.0285867,0.00952889,0.0285867,0.00952889,0.0285867,0.00952889
58,9029.37,1.98629,1.16827,1.06254,1.64088,0.84837,0.97001,2.66589,0.599339,0.564395,0.57636,0.328516,nan,nan,nan,nan,nan,nan,nan,0.0285366,0.0095122,0.0285366,0.0095122,0.0285366,0.0095122,0.0285366,0.0095122
59,9186.08,1.981,1.16306,1.05697,1.63212,0.84469,0.96501,2.70409,0.613347,0.56012,0.579095,0.329786,nan,nan,nan,nan,nan,nan,nan,0.0284857,0.00949524,0.0284857,0.00949524,0.0284857,0.00949524,0.0284857,0.00949524
60,9341.55,1.98062,1.16149,1.0571,1.62899,0.83577,0.96159,2.65657,0.620448,0.560431,0.581894,0.332738,nan,nan,nan,nan,nan,nan,nan,0.028434,0.009478,0.028434,0.009478,0.028434,0.009478,0.028434,0.009478
61,9495.97,1.97644,1.15575,1.05499,1.61964,0.83115,0.96085,2.70455,0.609521,0.563145,0.58086,0.332963,nan,nan,nan,nan,nan,nan,nan,0.0283814,0.00946048,0.0283814,0.00946048,0.0283814,0.00946048,0.0283814,0.00946048
62,9649.75,1.97005,1.14482,1.05657,1.62769,0.83281,0.96437,2.59413,0.608968,0.565186,0.583222,0.334107,nan,nan,nan,nan,nan,nan,nan,0.0283281,0.0094427,0.0283281,0.0094427,0.0283281,0.0094427,0.0283281,0.0094427
63,9803.85,1.9643,1.14071,1.0501,1.62686,0.83435,0.95787,2.69024,0.608694,0.570132,0.58413,0.335972,nan,nan,nan,nan,nan,nan,nan,0.0282739,0.00942464,0.0282739,0.00942464,0.0282739,0.00942464,0.0282739,0.00942464
64,9961.24,1.95636,1.13825,1.04128,1.62228,0.83887,0.95709,2.65515,0.616042,0.570153,0.58641,0.337048,nan,nan,nan,nan,nan,nan,nan,0.0282189,0.00940631,0.0282189,0.00940631,0.0282189,0.00940631,0.0282189,0.00940631
65,10116,1.94679,1.13155,1.04595,1.60875,0.82458,0.95631,2.53199,0.621212,0.572862,0.587547,0.338541,nan,nan,nan,nan,nan,nan,nan,0.0281632,0.00938772,0.0281632,0.00938772,0.0281632,0.00938772,0.0281632,0.00938772
66,10270.8,1.95572,1.1485,1.04892,1.61738,0.8306,0.95851,2.59848,0.618387,0.576523,0.587316,0.339285,nan,nan,nan,nan,nan,nan,nan,0.0281066,0.00936886,0.0281066,0.00936886,0.0281066,0.00936886,0.0281066,0.00936886
67,10425.3,1.94348,1.13448,1.04698,1.61389,0.82393,0.9574,2.55216,0.622238,0.576648,0.589169,0.339732,nan,nan,nan,nan,nan,nan,nan,0.0280492,0.00934973,0.0280492,0.00934973,0.0280492,0.00934973,0.0280492,0.00934973
68,10578.3,1.93871,1.12278,1.0442,1.60425,0.82366,0.95658,2.48038,0.622102,0.576888,0.590549,0.340813,nan,nan,nan,nan,nan,nan,nan,0.027991,0.00933033,0.027991,0.00933033,0.027991,0.00933033,0.027991,0.00933033
69,10730.6,1.94164,1.12111,1.03749,1.61263,0.8249,0.95197,2.54554,0.623603,0.580732,0.591837,0.342479,nan,nan,nan,nan,nan,nan,nan,0.027932,0.00931067,0.027932,0.00931067,0.027932,0.00931067,0.027932,0.00931067
70,10881,1.92699,1.11327,1.04024,1.60379,0.82137,0.95407,2.56119,0.618678,0.583211,0.592031,0.34335,nan,nan,nan,nan,nan,nan,nan,0.0278723,0.00929075,0.0278723,0.00929075,0.0278723,0.00929075,0.0278723,0.00929075
71,11032.7,1.92486,1.10562,1.03607,1.60829,0.82304,0.95585,2.55393,0.623683,0.580726,0.593307,0.344388,nan,nan,nan,nan,nan,nan,nan,0.0278117,0.00927057,0.0278117,0.00927057,0.0278117,0.00927057,0.0278117,0.00927057
72,11186.1,1.91206,1.09951,1.0357,1.59112,0.81299,0.94935,2.50028,0.624634,0.581893,0.594034,0.345078,nan,nan,nan,nan,nan,nan,nan,0.0277504,0.00925013,0.0277504,0.00925013,0.0277504,0.00925013,0.0277504,0.00925013
73,11341.2,1.91212,1.09571,1.03102,1.59977,0.81684,0.95153,2.44862,0.625318,0.583691,0.594876,0.345676,nan,nan,nan,nan,nan,nan,nan,0.0276883,0.00922942,0.0276883,0.00922942,0.0276883,0.00922942,0.0276883,0.00922942
74,11496.7,1.9144,1.09656,1.03407,1.59633,0.81035,0.95131,2.49299,0.630614,0.582711,0.595578,0.346664,nan,nan,nan,nan,nan,nan,nan,0.0276254,0.00920846,0.0276254,0.00920846,0.0276254,0.00920846,0.0276254,0.00920846
75,11653.5,1.90458,1.09051,1.0279,1.59007,0.80417,0.94791,2.49232,0.629145,0.585084,0.597159,0.348138,nan,nan,nan,nan,nan,nan,nan,0.0275617,0.00918725,0.0275617,0.00918725,0.0275617,0.00918725,0.0275617,0.00918725
76,11809.6,1.89838,1.08868,1.02402,1.58257,0.80147,0.94434,2.45803,0.631204,0.586607,0.598436,0.348784,nan,nan,nan,nan,nan,nan,nan,0.0274973,0.00916577,0.0274973,0.00916577,0.0274973,0.00916577,0.0274973,0.00916577
77,11964.4,1.89328,1.08092,1.02597,1.58675,0.80489,0.94831,2.47856,0.635074,0.586001,0.59892,0.350101,nan,nan,nan,nan,nan,nan,nan,0.0274321,0.00914405,0.0274321,0.00914405,0.0274321,0.00914405,0.0274321,0.00914405
78,12116.6,1.88038,1.0802,1.02249,1.58016,0.80311,0.94547,2.4493,0.630804,0.587075,0.599631,0.350747,nan,nan,nan,nan,nan,nan,nan,0.0273662,0.00912207,0.0273662,0.00912207,0.0273662,0.00912207,0.0273662,0.00912207
79,12268.6,1.88915,1.08418,1.02439,1.58039,0.79985,0.94552,2.44115,0.632515,0.587775,0.600886,0.351633,nan,nan,nan,nan,nan,nan,nan,0.0272995,0.00909984,0.0272995,0.00909984,0.0272995,0.00909984,0.0272995,0.00909984
80,12420.9,1.8928,1.07628,1.02395,1.57433,0.79648,0.94349,2.45137,0.629871,0.591677,0.601638,0.352628,nan,nan,nan,nan,nan,nan,nan,0.0272321,0.00907736,0.0272321,0.00907736,0.0272321,0.00907736,0.0272321,0.00907736
81,12574.3,1.87041,1.06311,1.02408,1.57174,0.79557,0.94544,2.4698,0.634706,0.590657,0.602626,0.353104,nan,nan,nan,nan,nan,nan,nan,0.0271639,0.00905463,0.0271639,0.00905463,0.0271639,0.00905463,0.0271639,0.00905463
82,12726.2,1.86729,1.06562,1.02166,1.56199,0.79332,0.94122,2.41687,0.633856,0.590611,0.602151,0.353786,nan,nan,nan,nan,nan,nan,nan,0.027095,0.00903166,0.027095,0.00903166,0.027095,0.00903166,0.027095,0.00903166
83,12877.7,1.86512,1.05945,1.02083,1.56572,0.79117,0.946,2.49571,0.633073,0.590625,0.602139,0.354777,nan,nan,nan,nan,nan,nan,nan,0.0270253,0.00900844,0.0270253,0.00900844,0.0270253,0.00900844,0.0270253,0.00900844
84,13026,1.86891,1.06084,1.01708,1.56348,0.78876,0.93994,2.43388,0.635705,0.590209,0.603218,0.355585,nan,nan,nan,nan,nan,nan,nan,0.0269549,0.00898497,0.0269549,0.00898497,0.0269549,0.00898497,0.0269549,0.00898497
85,13176.8,1.86639,1.0586,1.01581,1.5636,0.79135,0.94117,2.40212,0.631424,0.592031,0.604132,0.356409,nan,nan,nan,nan,nan,nan,nan,0.0268838,0.00896127,0.0268838,0.00896127,0.0268838,0.00896127,0.0268838,0.00896127
86,13328.4,1.85297,1.05501,1.01202,1.56795,0.79045,0.94046,2.40188,0.634151,0.591509,0.604272,0.356601,nan,nan,nan,nan,nan,nan,nan,0.026812,0.00893732,0.026812,0.00893732,0.026812,0.00893732,0.026812,0.00893732
87,13480.4,1.85563,1.04524,1.01034,1.55992,0.78395,0.9374,2.3966,0.63713,0.59002,0.604633,0.357027,nan,nan,nan,nan,nan,nan,nan,0.0267394,0.00891313,0.0267394,0.00891313,0.0267394,0.00891313,0.0267394,0.00891313
88,13633.5,1.85482,1.04809,1.01777,1.55492,0.78727,0.94263,2.41214,0.63588,0.591475,0.605022,0.357755,nan,nan,nan,nan,nan,nan,nan,0.0266661,0.0088887,0.0266661,0.0088887,0.0266661,0.0088887,0.0266661,0.0088887
89,13787.7,1.84135,1.03971,1.01052,1.552,0.78317,0.93687,2.4251,0.641305,0.590114,0.605586,0.358902,nan,nan,nan,nan,nan,nan,nan,0.0265921,0.00886404,0.0265921,0.00886404,0.0265921,0.00886404,0.0265921,0.00886404
90,13941.5,1.83242,1.03459,1.01051,1.54771,0.77464,0.94037,2.47061,0.643479,0.589962,0.606109,0.359345,nan,nan,nan,nan,nan,nan,nan,0.0265174,0.00883914,0.0265174,0.00883914,0.0265174,0.00883914,0.0265174,0.00883914
91,14095.1,1.83392,1.03457,1.00707,1.54663,0.77733,0.93585,2.39952,0.636477,0.59269,0.606833,0.360058,nan,nan,nan,nan,nan,nan,nan,0.026442,0.00881401,0.026442,0.00881401,0.026442,0.00881401,0.026442,0.00881401
92,14249,1.83416,1.03251,1.0066,1.54468,0.774,0.93454,2.3517,0.642485,0.590811,0.607025,0.360443,nan,nan,nan,nan,nan,nan,nan,0.0263659,0.00878864,0.0263659,0.00878864,0.0263659,0.00878864,0.0263659,0.00878864
93,14401.8,1.83545,1.03456,1.00814,1.54371,0.77366,0.93493,2.39108,0.639088,0.592139,0.60833,0.360971,nan,nan,nan,nan,nan,nan,nan,0.0262891,0.00876305,0.0262891,0.00876305,0.0262891,0.00876305,0.0262891,0.00876305
94,14555,1.82658,1.03042,1.00409,1.54086,0.77383,0.93398,2.38804,0.641049,0.59176,0.60878,0.361567,nan,nan,nan,nan,nan,nan,nan,0.0262117,0.00873723,0.0262117,0.00873723,0.0262117,0.00873723,0.0262117,0.00873723
95,14708.8,1.82872,1.02894,1.00498,1.54474,0.7736,0.93414,2.37603,0.638353,0.59332,0.609092,0.362497,nan,nan,nan,nan,nan,nan,nan,0.0261335,0.00871117,0.0261335,0.00871117,0.0261335,0.00871117,0.0261335,0.00871117
96,14862.4,1.81264,1.01983,1.00501,1.53615,0.76907,0.93665,2.31328,0.638231,0.593777,0.609943,0.363115,nan,nan,nan,nan,nan,nan,nan,0.0260547,0.0086849,0.0260547,0.0086849,0.0260547,0.0086849,0.0260547,0.0086849
97,15013.8,1.81208,1.01293,1.0053,1.52626,0.7677,0.93389,2.39784,0.641737,0.59399,0.610524,0.363622,nan,nan,nan,nan,nan,nan,nan,0.0259752,0.00865839,0.0259752,0.00865839,0.0259752,0.00865839,0.0259752,0.00865839
98,15164.5,1.81668,1.01865,1.0006,1.53151,0.76536,0.93114,2.36597,0.64519,0.59443,0.611508,0.364191,nan,nan,nan,nan,nan,nan,nan,0.025895,0.00863167,0.025895,0.00863167,0.025895,0.00863167,0.025895,0.00863167
99,15317.7,1.80089,1.00685,0.99928,1.52962,0.76208,0.93263,2.33879,0.644271,0.594917,0.611843,0.364727,nan,nan,nan,nan,nan,nan,nan,0.0258142,0.00860473,0.0258142,0.00860473,0.0258142,0.00860473,0.0258142,0.00860473
100,15472.5,1.80773,1.00597,1.00139,1.52777,0.76476,0.93199,2.3796,0.639742,0.596307,0.612484,0.365308,nan,nan,nan,nan,nan,nan,nan,0.0257327,0.00857756,0.0257327,0.00857756,0.0257327,0.00857756,0.0257327,0.00857756
101,15627.4,1.80008,1.0004,1.00173,1.52369,0.76519,0.93117,2.31375,0.642591,0.595723,0.613428,0.365986,nan,nan,nan,nan,nan,nan,nan,0.0256505,0.00855018,0.0256505,0.00855018,0.0256505,0.00855018,0.0256505,0.00855018
102,15783.4,1.79921,1.00382,0.99896,1.5304,0.75987,0.93178,2.34497,0.645617,0.595599,0.614096,0.3666,nan,nan,nan,nan,nan,nan,nan,0.0255677,0.00852258,0.0255677,0.00852258,0.0255677,0.00852258,0.0255677,0.00852258
103,15939.5,1.78572,0.99763,0.99465,1.52191,0.76287,0.92966,2.30645,0.646817,0.596506,0.614906,0.367158,nan,nan,nan,nan,nan,nan,nan,0.0254843,0.00849477,0.0254843,0.00849477,0.0254843,0.00849477,0.0254843,0.00849477
104,16095,1.78109,0.99011,0.99292,1.52495,0.75982,0.92826,2.27068,0.648387,0.596762,0.615421,0.367686,nan,nan,nan,nan,nan,nan,nan,0.0254002,0.00846674,0.0254002,0.00846674,0.0254002,0.00846674,0.0254002,0.00846674
105,16250.2,1.79572,0.99727,0.9949,1.51628,0.75362,0.92649,2.27275,0.651339,0.597063,0.616077,0.36845,nan,nan,nan,nan,nan,nan,nan,0.0253155,0.00843851,0.0253155,0.00843851,0.0253155,0.00843851,0.0253155,0.00843851
106,16406.4,1.78212,0.99485,0.99432,1.51482,0.75928,0.93041,2.29964,0.651736,0.598368,0.616571,0.368575,nan,nan,nan,nan,nan,nan,nan,0.0252302,0.00841006,0.0252302,0.00841006,0.0252302,0.00841006,0.0252302,0.00841006
107,16562.5,1.7854,0.99844,0.9968,1.50866,0.74928,0.92601,2.24619,0.650613,0.599341,0.616793,0.369422,nan,nan,nan,nan,nan,nan,nan,0.0251442,0.00838141,0.0251442,0.00838141,0.0251442,0.00838141,0.0251442,0.00838141
108,16716.8,1.78385,0.99387,0.98993,1.51376,0.75553,0.92717,2.27429,0.651795,0.600211,0.617499,0.370026,nan,nan,nan,nan,nan,nan,nan,0.0250577,0.00835255,0.0250577,0.00835255,0.0250577,0.00835255,0.0250577,0.00835255
109,16872.1,1.77181,0.98578,0.99283,1.50633,0.75248,0.92806,2.3123,0.653668,0.600937,0.618911,0.370729,nan,nan,nan,nan,nan,nan,nan,0.0249705,0.00832349,0.0249705,0.00832349,0.0249705,0.00832349,0.0249705,0.00832349
110,17026.8,1.76736,0.97923,0.98697,1.50701,0.74793,0.92468,2.20192,0.653578,0.603064,0.619807,0.371467,nan,nan,nan,nan,nan,nan,nan,0.0248827,0.00829423,0.0248827,0.00829423,0.0248827,0.00829423,0.0248827,0.00829423
111,17182.6,1.76037,0.97848,0.98607,1.49674,0.74961,0.92073,2.24759,0.654295,0.60358,0.620297,0.372252,nan,nan,nan,nan,nan,nan,nan,0.0247943,0.00826477,0.0247943,0.00826477,0.0247943,0.00826477,0.0247943,0.00826477
112,17338.8,1.75901,0.97753,0.98764,1.49989,0.74956,0.92246,2.29994,0.654149,0.604614,0.621049,0.372894,nan,nan,nan,nan,nan,nan,nan,0.0247053,0.00823511,0.0247053,0.00823511,0.0247053,0.00823511,0.0247053,0.00823511
113,17490.3,1.76215,0.96894,0.98583,1.4962,0.74817,0.92175,2.43143,0.656287,0.605011,0.621668,0.3735,nan,nan,nan,nan,nan,nan,nan,0.0246157,0.00820525,0.0246157,0.00820525,0.0246157,0.00820525,0.0246157,0.00820525
114,17640.6,1.75124,0.96981,0.98356,1.49166,0.74498,0.92205,2.26177,0.658305,0.606376,0.62366,0.374395,nan,nan,nan,nan,nan,nan,nan,0.0245256,0.0081752,0.0245256,0.0081752,0.0245256,0.0081752,0.0245256,0.0081752
115,17790.3,1.74324,0.96768,0.98039,1.48881,0.74164,0.91894,2.20794,0.658877,0.607587,0.62438,0.37508,nan,nan,nan,nan,nan,nan,nan,0.0244349,0.00814495,0.0244349,0.00814495,0.0244349,0.00814495,0.0244349,0.00814495
116,17940.5,1.74617,0.96452,0.98022,1.49084,0.73852,0.91944,2.13238,0.657862,0.609126,0.624915,0.375882,nan,nan,nan,nan,nan,nan,nan,0.0243435,0.00811452,0.0243435,0.00811452,0.0243435,0.00811452,0.0243435,0.00811452
117,18092.1,1.75139,0.96503,0.98384,1.49053,0.73823,0.92038,2.24617,0.657763,0.609216,0.62571,0.376561,nan,nan,nan,nan,nan,nan,nan,0.0242517,0.00808389,0.0242517,0.00808389,0.0242517,0.00808389,0.0242517,0.00808389
118,18243.5,1.75022,0.96208,0.98296,1.48692,0.73949,0.9208,2.1918,0.659217,0.608148,0.626118,0.376829,nan,nan,nan,nan,nan,nan,nan,0.0241592,0.00805308,0.0241592,0.00805308,0.0241592,0.00805308,0.0241592,0.00805308
119,18395.6,1.74143,0.95846,0.98204,1.4836,0.73676,0.92029,2.1989,0.660622,0.609081,0.627214,0.377462,nan,nan,nan,nan,nan,nan,nan,0.0240662,0.00802208,0.0240662,0.00802208,0.0240662,0.00802208,0.0240662,0.00802208
120,18548.5,1.73259,0.95217,0.97383,1.47634,0.73404,0.91499,2.23641,0.664483,0.608824,0.628134,0.377748,nan,nan,nan,nan,nan,nan,nan,0.0239727,0.0079909,0.0239727,0.0079909,0.0239727,0.0079909,0.0239727,0.0079909
121,18700.3,1.73642,0.95247,0.97827,1.47438,0.72939,0.91591,2.22761,0.663975,0.609682,0.627867,0.378368,nan,nan,nan,nan,nan,nan,nan,0.0238786,0.00795954,0.0238786,0.00795954,0.0238786,0.00795954,0.0238786,0.00795954
122,18853,1.72991,0.95257,0.97579,1.4752,0.72872,0.91696,2.22577,0.664051,0.60955,0.628444,0.379081,nan,nan,nan,nan,nan,nan,nan,0.023784,0.007928,0.023784,0.007928,0.023784,0.007928,0.023784,0.007928
123,19004.7,1.73269,0.95752,0.97447,1.47816,0.73032,0.91647,2.19124,0.664726,0.612103,0.630072,0.379746,nan,nan,nan,nan,nan,nan,nan,0.0236888,0.00789628,0.0236888,0.00789628,0.0236888,0.00789628,0.0236888,0.00789628
124,19155.8,1.72812,0.94901,0.97794,1.47608,0.7326,0.91611,2.27824,0.666945,0.611261,0.63042,0.380376,nan,nan,nan,nan,nan,nan,nan,0.0235931,0.00786438,0.0235931,0.00786438,0.0235931,0.00786438,0.0235931,0.00786438
125,19307.4,1.71487,0.93919,0.97335,1.47552,0.72921,0.91707,2.20912,0.669585,0.612599,0.63172,0.381073,nan,nan,nan,nan,nan,nan,nan,0.0234969,0.00783231,0.0234969,0.00783231,0.0234969,0.00783231,0.0234969,0.00783231
126,19460.7,1.71405,0.94021,0.97423,1.46869,0.72465,0.91481,2.19191,0.671189,0.612027,0.631727,0.381666,nan,nan,nan,nan,nan,nan,nan,0.0234002,0.00780007,0.0234002,0.00780007,0.0234002,0.00780007,0.0234002,0.00780007
127,19615,1.71314,0.94287,0.97356,1.47379,0.72933,0.91801,2.14433,0.673609,0.612114,0.632312,0.381706,nan,nan,nan,nan,nan,nan,nan,0.023303,0.00776766,0.023303,0.00776766,0.023303,0.00776766,0.023303,0.00776766
128,19766.8,1.71376,0.93887,0.97418,1.46747,0.72345,0.91484,2.21485,0.678858,0.611715,0.632877,0.382939,nan,nan,nan,nan,nan,nan,nan,0.0232053,0.00773509,0.0232053,0.00773509,0.0232053,0.00773509,0.0232053,0.00773509
129,19920,1.72201,0.94405,0.97379,1.47199,0.72588,0.91367,2.19876,0.6826,0.610477,0.63324,0.383268,nan,nan,nan,nan,nan,nan,nan,0.023107,0.00770234,0.023107,0.00770234,0.023107,0.00770234,0.023107,0.00770234
130,20071.9,1.71311,0.93937,0.97454,1.46258,0.72061,0.91419,2.24254,0.683568,0.611393,0.633987,0.384054,nan,nan,nan,nan,nan,nan,nan,0.0230083,0.00766944,0.0230083,0.00766944,0.0230083,0.00766944,0.0230083,0.00766944
131,20225.5,1.70426,0.93675,0.967,1.46159,0.72311,0.91093,2.15444,0.684759,0.612394,0.635529,0.384261,nan,nan,nan,nan,nan,nan,nan,0.0229091,0.00763637,0.0229091,0.00763637,0.0229091,0.00763637,0.0229091,0.00763637
132,20378.5,1.69822,0.92611,0.96998,1.45739,0.7206,0.91313,2.12887,0.686466,0.613198,0.636191,0.384734,nan,nan,nan,nan,nan,nan,nan,0.0228094,0.00760314,0.0228094,0.00760314,0.0228094,0.00760314,0.0228094,0.00760314
133,20532.7,1.70152,0.92977,0.96653,1.45223,0.7148,0.91041,2.21584,0.68398,0.613829,0.63681,0.385343,nan,nan,nan,nan,nan,nan,nan,0.0227093,0.00756976,0.0227093,0.00756976,0.0227093,0.00756976,0.0227093,0.00756976
134,20685,1.69702,0.92889,0.96658,1.46128,0.72081,0.91347,2.18817,0.685764,0.614626,0.63767,0.38558,nan,nan,nan,nan,nan,nan,nan,0.0226086,0.00753621,0.0226086,0.00753621,0.0226086,0.00753621,0.0226086,0.00753621
135,20837.8,1.68596,0.91912,0.96327,1.45509,0.71484,0.91097,2.20204,0.68385,0.616469,0.638304,0.386522,nan,nan,nan,nan,nan,nan,nan,0.0225076,0.00750252,0.0225076,0.00750252,0.0225076,0.00750252,0.0225076,0.00750252
136,20989.4,1.67821,0.91329,0.96263,1.45711,0.71626,0.90975,2.10321,0.685385,0.617696,0.639188,0.386923,nan,nan,nan,nan,nan,nan,nan,0.022406,0.00746868,0.022406,0.00746868,0.022406,0.00746868,0.022406,0.00746868
137,21139.3,1.68691,0.92008,0.96416,1.45039,0.71487,0.91221,2.14646,0.686884,0.618195,0.6399,0.387523,nan,nan,nan,nan,nan,nan,nan,0.022304,0.00743468,0.022304,0.00743468,0.022304,0.00743468,0.022304,0.00743468
138,21291.4,1.68554,0.91719,0.96468,1.44764,0.71324,0.90929,2.13187,0.686692,0.619419,0.640454,0.388038,nan,nan,nan,nan,nan,nan,nan,0.0222016,0.00740054,0.0222016,0.00740054,0.0222016,0.00740054,0.0222016,0.00740054
139,21443.9,1.67774,0.91026,0.96123,1.45051,0.7135,0.91066,2.11098,0.68844,0.619201,0.640624,0.388953,nan,nan,nan,nan,nan,nan,nan,0.0220988,0.00736625,0.0220988,0.00736625,0.0220988,0.00736625,0.0220988,0.00736625
140,21595.9,1.67801,0.90929,0.95922,1.44612,0.7067,0.90704,2.12964,0.685911,0.621594,0.641235,0.390144,nan,nan,nan,nan,nan,nan,nan,0.0219955,0.00733182,0.0219955,0.00733182,0.0219955,0.00733182,0.0219955,0.00733182
141,21748.8,1.66888,0.90371,0.95849,1.43875,0.70731,0.90762,2.05698,0.688258,0.621444,0.641937,0.390699,nan,nan,nan,nan,nan,nan,nan,0.0218918,0.00729725,0.0218918,0.00729725,0.0218918,0.00729725,0.0218918,0.00729725
142,21901.3,1.67446,0.90729,0.95989,1.43158,0.7036,0.90526,2.06332,0.689782,0.621337,0.642348,0.391199,nan,nan,nan,nan,nan,nan,nan,0.0217876,0.00726254,0.0217876,0.00726254,0.0217876,0.00726254,0.0217876,0.00726254
143,22053.9,1.66976,0.90725,0.96386,1.44111,0.71155,0.91034,2.14837,0.687299,0.623319,0.643387,0.392249,nan,nan,nan,nan,nan,nan,nan,0.0216831,0.0072277,0.0216831,0.0072277,0.0216831,0.0072277,0.0216831,0.0072277
144,22204.9,1.66451,0.89768,0.96036,1.43398,0.70466,0.90926,2.09609,0.687576,0.624093,0.643988,0.393382,nan,nan,nan,nan,nan,nan,nan,0.0215782,0.00719272,0.0215782,0.00719272,0.0215782,0.00719272,0.0215782,0.00719272
145,22357.5,1.65952,0.90074,0.96074,1.42923,0.70188,0.9077,2.1595,0.688855,0.624219,0.644332,0.393898,nan,nan,nan,nan,nan,nan,nan,0.0214728,0.00715761,0.0214728,0.00715761,0.0214728,0.00715761,0.0214728,0.00715761
146,22518.3,1.6561,0.89558,0.95813,1.43428,0.7008,0.90652,2.06998,0.689344,0.625312,0.645546,0.394798,nan,nan,nan,nan,nan,nan,nan,0.0213671,0.00712237,0.0213671,0.00712237,0.0213671,0.00712237,0.0213671,0.00712237
147,22672.3,1.66003,0.90021,0.95645,1.43352,0.69992,0.90505,2.11182,0.691546,0.624267,0.64593,0.39557,nan,nan,nan,nan,nan,nan,nan,0.021261,0.007087,0.021261,0.007087,0.021261,0.007087,0.021261,0.007087
148,22825.3,1.65346,0.89068,0.95602,1.4306,0.70183,0.90613,2.07856,0.692754,0.625563,0.647006,0.39603,nan,nan,nan,nan,nan,nan,nan,0.0211545,0.0070515,0.0211545,0.0070515,0.0211545,0.0070515,0.0211545,0.0070515
149,22977.9,1.64417,0.88387,0.95038,1.42556,0.69275,0.90379,2.04654,0.693264,0.625255,0.647249,0.396648,nan,nan,nan,nan,nan,nan,nan,0.0210476,0.00701588,0.0210476,0.00701588,0.0210476,0.00701588,0.0210476,0.00701588
